font,codepoint,stroke,confidence,apex_score,tail_source,rare_orientation,off_ink_tail
Assurbanipal,0x12001,1,0.7114,0.8161,network,0,0
Assurbanipal,0x12001,2,0.825,0.8783,network,0,0
Assurbanipal,0x12001,3,0.3502,0.7899,network,0,0
Assurbanipal,0x12001,4,0.1529,0.8706,network,0,0
Assurbanipal,0x12001,5,0.3482,0.8824,network,0,0
Assurbanipal,0x12001,6,0.7889,0.8457,network,0,0
Assurbanipal,0x12002,1,0.7596,0.8368,network,0,0
Assurbanipal,0x12002,2,0.6728,0.812,skeleton,0,0
Assurbanipal,0x12002,3,0.0047,0.7326,network,1,0
Assurbanipal,0x12002,4,0.4446,0.8832,network,0,0
Assurbanipal,0x12002,5,0.7994,0.8408,network,0,0
Assurbanipal,0x12004,1,0.705,0.796,skeleton,0,0
Assurbanipal,0x12004,2,0.6179,0.8492,network,0,0
Assurbanipal,0x12004,3,0.777,0.9493,network,0,0
Assurbanipal,0x12004,4,0.014,0.7614,network,0,0
Assurbanipal,0x12004,5,0.756,0.9239,skeleton,0,0
Assurbanipal,0x12004,6,0.871,0.9406,network,0,0
Assurbanipal,0x12004,7,0.3851,0.8573,network,0,0
Assurbanipal,0x12004,8,0.6118,0.8597,network,0,0
Assurbanipal,0x12005,1,0.7516,0.7915,network,0,0
Assurbanipal,0x12005,2,0.8434,0.8762,network,0,0
Assurbanipal,0x12005,3,0.2798,0.8791,network,0,0
Assurbanipal,0x12005,4,0.6142,0.8828,network,0,0
Assurbanipal,0x12005,5,0.3886,0.9176,network,0,0
Assurbanipal,0x12005,6,0.6562,0.8522,network,0,0
Assurbanipal,0x12006,1,0.7402,0.7402,skeleton,0,0
Assurbanipal,0x12006,2,0.6429,0.8093,network,0,0
Assurbanipal,0x12006,3,0.6859,0.8715,network,0,0
Assurbanipal,0x12006,4,0.4069,0.8745,network,0,0
Assurbanipal,0x12006,5,0.6943,0.849,network,0,0
Assurbanipal,0x12006,6,0.841,0.9005,network,0,0
Assurbanipal,0x12006,7,0.8421,0.8444,network,0,0
Assurbanipal,0x12006,8,0.7652,0.8368,network,0,0
Assurbanipal,0x12006,9,0.6914,0.8387,network,0,0
Assurbanipal,0x12006,10,0.3794,0.8926,network,0,0
Assurbanipal,0x12007,1,0.5336,0.7659,network,0,0
Assurbanipal,0x12007,2,0.5545,0.9009,network,0,0
Assurbanipal,0x12007,3,0.6943,0.8093,network,0,0
Assurbanipal,0x12007,4,0.8413,0.8413,network,0,0
Assurbanipal,0x12007,5,0.7642,0.7642,network,0,0
Assurbanipal,0x12007,6,0.2576,0.78,skeleton,0,0
Assurbanipal,0x12007,7,0.7506,0.7876,network,0,0
Assurbanipal,0x12007,8,0.8284,0.8284,network,0,0
Assurbanipal,0x12007,9,0.0839,0.7553,network,0,0
Assurbanipal,0x12007,10,0.0457,0.717,network,0,0
Assurbanipal,0x12007,11,0.3914,0.8895,network,0,0
Assurbanipal,0x12007,12,0.7553,0.8434,skeleton,0,0
Assurbanipal,0x12008,1,0.6252,0.8421,network,0,0
Assurbanipal,0x12008,2,0.6606,0.6606,network,0,0
Assurbanipal,0x12008,3,0.668,0.6788,skeleton,0,0
Assurbanipal,0x12008,4,0.7592,0.7592,network,0,0
Assurbanipal,0x12008,5,0.1547,0.8575,network,0,0
Assurbanipal,0x12008,6,0.7078,0.7698,network,0,0
Assurbanipal,0x12008,7,0.6275,0.6379,network,0,0
Assurbanipal,0x12008,8,0.6684,0.756,network,0,0
Assurbanipal,0x12008,9,0.6482,0.7009,network,0,0
Assurbanipal,0x12008,10,0.3193,0.8643,network,0,0
Assurbanipal,0x1200b,1,0.7574,0.8149,network,0,0
Assurbanipal,0x1200b,2,0.7574,0.8824,network,0,0
Assurbanipal,0x1200b,3,0.6522,0.8449,network,0,0
Assurbanipal,0x1200b,4,0.6025,0.8193,network,0,0
Assurbanipal,0x1200b,5,0.3225,0.7114,network,0,0
Assurbanipal,0x1200b,6,0.6128,0.6128,network,0,0
Assurbanipal,0x1200c,1,0.0475,0.8292,network,0,0
Assurbanipal,0x1200c,2,0.5366,0.7684,network,0,0
Assurbanipal,0x1200c,3,0.6142,0.8273,network,0,0
Assurbanipal,0x1200c,4,0.637,0.7142,skeleton,0,0
Assurbanipal,0x1200c,5,0.4429,0.7883,skeleton,0,0
Assurbanipal,0x1200c,6,0.4158,0.8895,skeleton,0,0
Assurbanipal,0x1200c,7,0.5675,0.906,network,0,0
Assurbanipal,0x1200c,8,0.7873,0.9292,network,0,0
Assurbanipal,0x1200c,9,0.05,0.8132,network,0,1
Assurbanipal,0x1200c,10,0.05,0.8852,network,0,1
Assurbanipal,0x1200c,11,0.8314,0.8808,network,0,0
Assurbanipal,0x1200c,12,0.7013,0.8903,skeleton,0,0
Assurbanipal,0x1200c,13,0.779,0.9329,network,0,0
Assurbanipal,0x1200c,14,0.7311,0.9023,network,0,0
Assurbanipal,0x1200d,1,0.0505,0.7759,network,0,0
Assurbanipal,0x1200d,2,0.65,0.8161,skeleton,0,0
Assurbanipal,0x1200d,3,0.5117,0.7589,network,0,0
Assurbanipal,0x1200d,4,0.6676,0.784,skeleton,0,0
Assurbanipal,0x1200d,5,0.4625,0.7413,skeleton,0,0
Assurbanipal,0x1200d,6,0.6602,0.8492,network,0,0
Assurbanipal,0x1200d,7,0.8601,0.8783,network,0,0
Assurbanipal,0x1200d,8,0.717,0.8922,skeleton,0,0
Assurbanipal,0x1200d,9,0.8056,0.8791,network,0,0
Assurbanipal,0x1200d,10,0.6002,0.8736,network,0,0
Assurbanipal,0x1200d,11,0.7375,0.7642,network,0,0
Assurbanipal,0x1200e,1,0.0222,0.7659,network,0,0
Assurbanipal,0x1200e,2,0.6527,0.7925,network,0,0
Assurbanipal,0x1200e,3,0.0556,0.7944,network,0,0
Assurbanipal,0x1200e,4,0.6935,0.7701,skeleton,0,0
Assurbanipal,0x1200e,5,0.6011,0.6964,skeleton,0,0
Assurbanipal,0x1200e,6,0.54,0.9287,network,0,0
Assurbanipal,0x1200e,7,0.7276,0.8693,network,0,0
Assurbanipal,0x1200e,8,0.7337,0.9472,network,0,0
Assurbanipal,0x1200e,9,0.7531,0.8783,network,0,0
Assurbanipal,0x1200e,10,0.1455,0.9281,network,0,0
Assurbanipal,0x1200e,11,0.3914,0.903,network,0,0
Assurbanipal,0x1200e,12,0.696,0.7364,network,0,0
Assurbanipal,0x12010,1,0.719,0.8084,skeleton,0,0
Assurbanipal,0x12010,2,0.3659,0.7542,skeleton,0,0
Assurbanipal,0x12010,3,0.6901,0.8652,network,0,0
Assurbanipal,0x12010,4,0.6676,0.859,skeleton,0,0
Assurbanipal,0x12010,5,0.5775,0.5775,skeleton,0,0
Assurbanipal,0x12010,6,0.004,0.5894,network,0,0
Assurbanipal,0x12010,7,0.005,0.8405,network,0,0
Assurbanipal,0x12010,8,0.7753,0.9005,network,0,0
Assurbanipal,0x12010,9,0.7574,0.7574,network,0,0
Assurbanipal,0x12010,10,0.566,0.6091,network,0,0
Assurbanipal,0x12010,11,0.5655,0.8973,network,0,0
Assurbanipal,0x12010,12,0.7082,0.8413,network,0,0
Assurbanipal,0x12010,13,0.6719,0.8779,skeleton,0,0
Assurbanipal,0x12010,14,0.7341,0.7659,skeleton,0,0
Assurbanipal,0x12011,1,0.0435,0.7256,network,0,0
Assurbanipal,0x12011,2,0.5059,0.7461,network,0,0
Assurbanipal,0x12011,3,0.3262,0.7783,network,0,0
Assurbanipal,0x12011,4,0.6809,0.7524,network,0,0
Assurbanipal,0x12011,5,0.6602,0.8108,network,0,0
Assurbanipal,0x12011,6,0.7276,0.9173,network,0,0
Assurbanipal,0x12011,7,0.7589,0.9099,network,0,0
Assurbanipal,0x12011,8,0.0277,0.9605,network,0,0
Assurbanipal,0x12011,9,0.8132,0.8955,network,0,0
Assurbanipal,0x12011,10,0.0006,0.9543,network,0,0
Assurbanipal,0x12011,11,0.7299,0.93,network,0,0
Assurbanipal,0x12011,12,0.7982,0.9673,network,0,0
Assurbanipal,0x12011,13,0.6939,0.7817,network,0,0
Assurbanipal,0x12012,1,0.0202,0.8069,network,0,0
Assurbanipal,0x12012,2,0.6736,0.8325,skeleton,0,0
Assurbanipal,0x12012,3,0.4076,0.8292,network,0,0
Assurbanipal,0x12012,4,0.6641,0.7803,skeleton,0,0
Assurbanipal,0x12012,5,0.5569,0.6719,skeleton,0,0
Assurbanipal,0x12012,6,0.2458,0.8544,skeleton,0,0
Assurbanipal,0x12012,7,0.4185,0.7766,skeleton,0,0
Assurbanipal,0x12012,8,0.7154,0.8371,network,0,0
Assurbanipal,0x12012,9,0.7154,0.7698,network,0,0
Assurbanipal,0x12013,1,0.0174,0.7763,network,0,0
Assurbanipal,0x12013,2,0.6238,0.8292,network,0,0
Assurbanipal,0x12013,3,0.0619,0.8117,network,0,0
Assurbanipal,0x12013,4,0.6749,0.8029,skeleton,0,0
Assurbanipal,0x12013,5,0.4693,0.7843,skeleton,0,0
Assurbanipal,0x12013,6,0.6211,0.8666,network,0,0
Assurbanipal,0x12013,7,0.356,0.8078,skeleton,0,0
Assurbanipal,0x12013,8,0.5689,0.8416,network,0,0
Assurbanipal,0x12013,9,0.596,0.9602,network,0,0
Assurbanipal,0x12013,10,0.6885,0.9076,network,0,0
Assurbanipal,0x12013,11,0.6137,0.7553,network,0,0
Assurbanipal,0x12013,12,0.0002,0.967,network,0,1
Assurbanipal,0x12013,13,0.5617,0.8895,network,0,0
Assurbanipal,0x12013,14,0.0027,0.9225,skeleton,0,0
Assurbanipal,0x12013,15,0.0232,0.9732,network,0,1
Assurbanipal,0x12013,16,0.0,0.6192,network,1,1
Assurbanipal,0x12013,17,0.0472,0.6451,network,0,0
Assurbanipal,0x12013,18,0.7284,0.7502,network,0,0
Assurbanipal,0x12014,1,0.6597,0.8534,skeleton,0,0
Assurbanipal,0x12014,2,0.0241,0.7957,network,0,0
Assurbanipal,0x12014,3,0.2644,0.7813,network,0,0
Assurbanipal,0x12014,4,0.5894,0.6442,skeleton,0,0
Assurbanipal,0x12014,5,0.0095,0.7194,network,0,0
Assurbanipal,0x12014,6,0.3244,0.8182,network,0,0
Assurbanipal,0x12014,7,0.4111,0.6972,network,0,0
Assurbanipal,0x12014,8,0.4815,0.7542,network,0,0
Assurbanipal,0x12014,9,0.7276,0.7428,network,0,0
Assurbanipal,0x12015,1,0.3831,0.7628,skeleton,0,0
Assurbanipal,0x12015,2,0.7166,0.7759,network,0,0
Assurbanipal,0x12015,3,0.0013,0.6433,network,0,0
Assurbanipal,0x12015,4,0.4196,0.7652,network,0,0
Assurbanipal,0x12015,5,0.5804,0.7763,network,0,0
Assurbanipal,0x12015,6,0.1388,0.8016,network,0,0
Assurbanipal,0x12015,7,0.4458,0.7807,network,0,0
Assurbanipal,0x12015,8,0.5964,0.8363,network,0,0
Assurbanipal,0x12015,9,0.7823,0.8657,network,0,0
Assurbanipal,0x12017,1,0.5078,0.8331,network,0,0
Assurbanipal,0x12017,2,0.522,0.8643,skeleton,0,0
Assurbanipal,0x12017,3,0.6225,0.8418,skeleton,0,0
Assurbanipal,0x12017,4,0.0013,0.8355,network,0,1
Assurbanipal,0x12017,5,0.5703,0.8472,network,0,0
Assurbanipal,0x12017,6,0.0017,0.7268,network,0,0
Assurbanipal,0x12017,7,0.6702,0.809,skeleton,0,0
Assurbanipal,0x12017,8,0.4199,0.9076,network,0,0
Assurbanipal,0x12017,9,0.0011,0.8403,network,0,0
Assurbanipal,0x12017,10,0.05,0.9124,skeleton,0,1
Assurbanipal,0x12017,11,0.7001,0.8911,network,0,0
Assurbanipal,0x12018,1,0.6275,0.8333,network,0,0
Assurbanipal,0x12018,2,0.7029,0.8143,skeleton,0,0
Assurbanipal,0x12018,3,0.4576,0.7345,network,0,0
Assurbanipal,0x12018,4,0.5612,0.9099,skeleton,0,0
Assurbanipal,0x12018,5,0.5501,0.8899,skeleton,0,0
Assurbanipal,0x12018,6,0.0209,0.9536,network,0,0
Assurbanipal,0x12018,7,0.6922,0.8872,network,0,0
Assurbanipal,0x12018,8,0.0003,0.8864,network,0,0
Assurbanipal,0x12018,9,0.4005,0.8941,network,0,0
Assurbanipal,0x12019,1,0.5936,0.9026,network,0,0
Assurbanipal,0x12019,2,0.6105,0.8019,skeleton,0,0
Assurbanipal,0x12019,3,0.4251,0.7624,skeleton,0,0
Assurbanipal,0x12019,4,0.7925,0.9199,skeleton,0,0
Assurbanipal,0x12019,5,0.3467,0.8634,skeleton,0,0
Assurbanipal,0x12019,6,0.7033,0.8864,network,0,0
Assurbanipal,0x12019,7,0.7969,0.9202,skeleton,0,0
Assurbanipal,0x12019,8,0.324,0.9419,network,0,0
Assurbanipal,0x12019,9,0.0022,0.8706,network,0,0
Assurbanipal,0x1201a,1,0.715,0.8723,network,0,0
Assurbanipal,0x1201a,2,0.6567,0.8505,network,0,0
Assurbanipal,0x1201a,3,0.6889,0.7628,network,0,0
Assurbanipal,0x1201a,4,0.1014,0.9618,network,0,0
Assurbanipal,0x1201a,5,0.8102,0.908,network,0,0
Assurbanipal,0x1201a,6,0.8029,0.9388,skeleton,0,0
Assurbanipal,0x1201a,7,0.6234,0.905,network,0,0
Assurbanipal,0x1201a,8,0.65,0.9026,network,0,0
Assurbanipal,0x1201b,1,0.6918,0.8457,network,0,0
Assurbanipal,0x1201b,2,0.5366,0.7701,skeleton,0,0
Assurbanipal,0x1201b,3,0.6406,0.6406,network,0,0
Assurbanipal,0x1201b,4,0.4161,0.8436,network,0,0
Assurbanipal,0x1201b,5,0.4161,0.9482,network,0,0
Assurbanipal,0x1201b,6,0.4161,0.9612,network,0,0
Assurbanipal,0x1201b,7,0.8069,0.8907,network,0,0
Assurbanipal,0x1201b,8,0.3723,0.8454,skeleton,0,0
Assurbanipal,0x1201b,9,0.7889,0.886,network,0,0
Assurbanipal,0x1201b,10,0.409,0.8693,skeleton,0,0
Assurbanipal,0x1201b,11,0.7458,0.9508,network,0,0
Assurbanipal,0x1201b,12,0.0009,0.9397,skeleton,0,0
Assurbanipal,0x1201b,13,0.6206,0.8462,network,0,0
Assurbanipal,0x1201e,1,0.6615,0.7078,network,0,0
Assurbanipal,0x1201e,2,0.7383,0.7763,skeleton,0,0
Assurbanipal,0x1201e,3,0.5856,0.5856,skeleton,0,0
Assurbanipal,0x1201e,4,0.5151,0.7902,network,0,0
Assurbanipal,0x1201e,5,0.6086,0.7221,skeleton,0,0
Assurbanipal,0x1201e,6,0.0249,0.9222,network,0,0
Assurbanipal,0x1201e,7,0.0904,0.9096,network,0,0
Assurbanipal,0x1201e,8,0.8582,0.8779,network,0,0
Assurbanipal,0x1201e,9,0.6964,0.8421,network,0,0
Assurbanipal,0x1201e,10,0.7813,0.8771,network,0,0
Assurbanipal,0x1201e,11,0.7687,0.847,network,0,0
Assurbanipal,0x1201f,1,0.6706,0.7299,network,0,0
Assurbanipal,0x1201f,2,0.719,0.8173,skeleton,0,0
Assurbanipal,0x1201f,3,0.6615,0.8155,skeleton,0,0
Assurbanipal,0x1201f,4,0.6487,0.8787,network,0,0
Assurbanipal,0x1201f,5,0.7276,0.819,skeleton,0,0
Assurbanipal,0x1201f,6,0.4941,0.7465,skeleton,0,0
Assurbanipal,0x1201f,7,0.7853,0.8941,network,0,0
Assurbanipal,0x1201f,8,0.7082,0.8783,network,0,0
Assurbanipal,0x1201f,9,0.7807,0.7912,network,0,0
Assurbanipal,0x1201f,10,0.6706,0.7656,network,0,0
Assurbanipal,0x1201f,11,0.2888,0.8568,skeleton,0,0
Assurbanipal,0x1201f,12,0.0344,0.9099,network,0,0
Assurbanipal,0x1201f,13,0.6567,0.6658,skeleton,0,0
Assurbanipal,0x1201f,14,0.7759,0.8592,network,0,0
Assurbanipal,0x12021,1,0.6388,0.7158,network,0,0
Assurbanipal,0x12021,2,0.6388,0.7863,network,0,0
Assurbanipal,0x12021,3,0.5438,0.7502,skeleton,0,0
Assurbanipal,0x12021,4,0.6667,0.7763,skeleton,0,0
Assurbanipal,0x12021,5,0.6964,0.8331,network,0,0
Assurbanipal,0x12021,6,0.739,0.8392,network,0,0
Assurbanipal,0x12021,7,0.5181,0.8981,network,0,0
Assurbanipal,0x12021,8,0.6156,0.777,skeleton,0,0
Assurbanipal,0x12021,9,0.7074,0.795,network,0,0
Assurbanipal,0x12021,10,0.499,0.8706,network,0,0
Assurbanipal,0x12021,11,0.8395,0.8688,network,0,0
Assurbanipal,0x12021,12,0.7549,0.7549,network,0,0
Assurbanipal,0x12022,1,0.6142,0.6809,network,0,0
Assurbanipal,0x12022,2,0.6142,0.7691,network,0,0
Assurbanipal,0x12022,3,0.008,0.7102,network,0,0
Assurbanipal,0x12022,4,0.6984,0.7941,skeleton,0,0
Assurbanipal,0x12022,5,0.5856,0.88,network,0,0
Assurbanipal,0x12022,6,0.0274,0.88,network,0,0
Assurbanipal,0x12022,7,0.5535,0.9536,network,0,0
Assurbanipal,0x12022,8,0.2627,0.8808,network,0,0
Assurbanipal,0x12022,9,0.061,0.8648,network,0,0
Assurbanipal,0x12022,10,0.0562,0.6058,network,0,0
Assurbanipal,0x12022,11,0.4359,0.7394,network,0,0
Assurbanipal,0x12022,12,0.6766,0.8771,network,0,0
Assurbanipal,0x12022,13,0.7368,0.8507,network,0,0
Assurbanipal,0x12023,1,0.6266,0.7225,network,0,0
Assurbanipal,0x12023,2,0.6266,0.7899,network,0,0
Assurbanipal,0x12023,3,0.0015,0.6325,network,0,0
Assurbanipal,0x12023,4,0.6766,0.8228,skeleton,0,0
Assurbanipal,0x12023,5,0.6792,0.8349,network,0,0
Assurbanipal,0x12023,6,0.677,0.7937,network,0,0
Assurbanipal,0x12023,7,0.6943,0.8205,network,0,0
Assurbanipal,0x12023,8,0.6855,0.8001,network,0,0
Assurbanipal,0x12023,9,0.05,0.8408,skeleton,1,1
Assurbanipal,0x12024,1,0.6352,0.7029,network,0,0
Assurbanipal,0x12024,2,0.6352,0.6984,network,0,0
Assurbanipal,0x12024,3,0.5424,0.5713,network,0,0
Assurbanipal,0x12024,4,0.6234,0.7853,skeleton,0,0
Assurbanipal,0x12024,5,0.688,0.8062,network,0,0
Assurbanipal,0x12024,6,0.5808,0.9173,network,0,0
Assurbanipal,0x12024,7,0.6758,0.8852,network,0,0
Assurbanipal,0x12024,8,0.5063,0.9009,network,0,0
Assurbanipal,0x12024,9,0.7698,0.9529,skeleton,0,0
Assurbanipal,0x12024,10,0.8661,0.907,network,0,0
Assurbanipal,0x12024,11,0.7264,0.7428,network,0,0
Assurbanipal,0x12026,1,0.6091,0.658,network,0,0
Assurbanipal,0x12026,2,0.5049,0.8053,network,0,0
Assurbanipal,0x12026,3,0.0072,0.7896,network,0,0
Assurbanipal,0x12026,4,0.5983,0.7596,skeleton,0,0
Assurbanipal,0x12026,5,0.5718,0.8007,network,0,0
Assurbanipal,0x12026,6,0.671,0.8542,network,0,0
Assurbanipal,0x12026,7,0.632,0.8093,skeleton,0,0
Assurbanipal,0x12026,8,0.0096,0.4453,skeleton,0,0
Assurbanipal,0x12026,9,0.7988,0.8643,network,0,0
Assurbanipal,0x12026,10,0.7142,0.7142,network,0,0
Assurbanipal,0x12026,11,0.6589,0.8648,skeleton,0,0
Assurbanipal,0x12026,12,0.0071,0.8429,network,0,0
Assurbanipal,0x12026,13,0.7614,0.83,network,0,0
Assurbanipal,0x12027,1,0.6165,0.6702,network,0,0
Assurbanipal,0x12027,2,0.6165,0.7892,network,0,0
Assurbanipal,0x12027,3,0.0161,0.7564,network,0,0
Assurbanipal,0x12027,4,0.6562,0.8344,network,0,0
Assurbanipal,0x12027,5,0.7763,0.7843,network,0,0
Assurbanipal,0x12027,6,0.16,0.8984,network,0,0
Assurbanipal,0x12027,7,0.539,0.8245,network,0,0
Assurbanipal,0x12027,8,0.8679,0.8679,network,0,0
Assurbanipal,0x12027,9,0.3244,0.8418,network,0,0
Assurbanipal,0x12027,10,0.7454,0.7454,network,0,0
Assurbanipal,0x12028,1,0.6334,0.6972,network,0,0
Assurbanipal,0x12028,2,0.6334,0.7476,network,0,0
Assurbanipal,0x12028,3,0.013,0.7553,network,0,0
Assurbanipal,0x12028,4,0.5865,0.858,skeleton,0,0
Assurbanipal,0x12028,5,0.5404,0.827,network,0,0
Assurbanipal,0x12028,6,0.6456,0.9322,network,0,0
Assurbanipal,0x12028,7,0.0,0.8868,network,0,0
Assurbanipal,0x12028,8,0.8004,0.8959,network,0,0
Assurbanipal,0x12028,9,0.8295,0.9112,network,0,0
Assurbanipal,0x12028,10,0.0001,0.3675,network,0,0
Assurbanipal,0x12028,11,0.6813,0.8736,network,0,0
Assurbanipal,0x12028,12,0.7379,0.795,network,0,0
Assurbanipal,0x12029,1,0.05,0.8754,network,0,1
Assurbanipal,0x12029,2,0.7931,0.8613,network,0,0
Assurbanipal,0x12029,3,0.6571,0.7902,network,0,0
Assurbanipal,0x12029,4,0.7094,0.8899,network,0,0
Assurbanipal,0x12029,5,0.0682,0.9093,network,0,0
Assurbanipal,0x12029,6,0.429,0.9386,skeleton,0,0
Assurbanipal,0x12029,7,0.6311,0.7383,network,0,0
Assurbanipal,0x12029,8,0.5955,0.7318,network,0,0
Assurbanipal,0x12029,9,0.5823,0.7937,network,0,0
Assurbanipal,0x12029,10,0.7318,0.8941,network,0,0
Assurbanipal,0x12029,11,0.3355,0.7553,network,0,0
Assurbanipal,0x12029,12,0.3109,0.6901,network,0,0
Assurbanipal,0x12029,13,0.6527,0.801,skeleton,0,0
Assurbanipal,0x12029,14,0.441,0.7443,network,0,0
Assurbanipal,0x12029,15,0.6442,0.8309,skeleton,0,0
Assurbanipal,0x12029,16,0.7472,0.8253,network,0,0
Assurbanipal,0x12029,17,0.6007,0.8487,network,0,0
Assurbanipal,0x12029,18,0.7025,0.8431,network,0,0
Assurbanipal,0x12029,19,0.7823,0.785,network,0,0
Assurbanipal,0x12029,20,0.0316,0.8599,network,0,0
Assurbanipal,0x12029,21,0.5931,0.7249,network,0,0
Assurbanipal,0x1202c,1,0.6667,0.8551,network,0,0
Assurbanipal,0x1202c,2,0.4494,0.7652,network,0,0
Assurbanipal,0x1202c,3,0.3368,0.8856,network,0,0
Assurbanipal,0x1202c,4,0.4863,0.8652,network,0,0
Assurbanipal,0x1202c,5,0.3625,0.8944,network,0,0
Assurbanipal,0x1202c,6,0.4868,0.7966,network,0,0
Assurbanipal,0x1202c,7,0.5846,0.8161,network,0,0
Assurbanipal,0x1202c,8,0.1797,0.4751,network,0,0
Assurbanipal,0x1202f,1,0.7394,0.8914,network,0,0
Assurbanipal,0x1202f,2,0.7773,0.8929,network,0,0
Assurbanipal,0x1202f,3,0.7287,0.8403,network,0,0
Assurbanipal,0x1202f,4,0.7617,0.8199,network,0,0
Assurbanipal,0x1202f,5,0.782,0.8347,network,0,0
Assurbanipal,0x1202f,6,0.4297,0.8376,network,0,0
Assurbanipal,0x1202f,7,0.7033,0.9115,network,0,0
Assurbanipal,0x1202f,8,0.5898,0.907,network,0,0
Assurbanipal,0x1202f,9,0.7398,0.8093,network,0,0
Assurbanipal,0x12035,1,0.7158,0.7866,skeleton,0,0
Assurbanipal,0x12035,2,0.6275,0.717,skeleton,0,0
Assurbanipal,0x12035,3,0.596,0.8143,network,0,0
Assurbanipal,0x12035,4,0.5593,0.9252,network,0,0
Assurbanipal,0x12035,5,0.6575,0.825,network,0,0
Assurbanipal,0x12035,6,0.0403,0.9363,network,0,0
Assurbanipal,0x12035,7,0.5689,0.8779,network,0,0
Assurbanipal,0x12035,8,0.0317,0.7498,network,0,0
Assurbanipal,0x12039,1,0.633,0.6702,network,0,0
Assurbanipal,0x1203a,1,0.6632,0.897,network,0,0
Assurbanipal,0x1203c,1,0.6451,0.8459,network,0,0
Assurbanipal,0x1203c,2,0.6719,0.7776,network,0,0
Assurbanipal,0x1203c,3,0.4937,0.7866,network,0,0
Assurbanipal,0x1203d,1,0.0771,0.8779,skeleton,0,0
Assurbanipal,0x1203d,2,0.6252,0.7592,skeleton,0,0
Assurbanipal,0x1203d,3,0.0014,0.9414,skeleton,0,0
Assurbanipal,0x1203d,4,0.7142,0.9053,skeleton,0,0
Assurbanipal,0x1203d,5,0.7873,0.7966,skeleton,0,0
Assurbanipal,0x1203d,6,0.4751,0.6146,skeleton,0,0
Assurbanipal,0x1203d,7,0.0002,0.6693,skeleton,0,0
Assurbanipal,0x1203f,1,0.711,0.8341,skeleton,0,0
Assurbanipal,0x1203f,2,0.711,0.8213,skeleton,0,0
Assurbanipal,0x1203f,3,0.0256,0.8374,network,0,0
Assurbanipal,0x1203f,4,0.8333,0.9167,network,0,0
Assurbanipal,0x1203f,5,0.8421,0.9093,network,0,0
Assurbanipal,0x1203f,6,0.0386,0.9252,network,0,0
Assurbanipal,0x12041,1,0.3979,0.6562,network,0,0
Assurbanipal,0x12046,1,0.4422,0.8546,skeleton,0,0
Assurbanipal,0x12046,2,0.7042,0.847,skeleton,0,0
Assurbanipal,0x12046,3,0.5132,0.8542,skeleton,0,0
Assurbanipal,0x12046,4,0.6105,0.7722,skeleton,0,0
Assurbanipal,0x12046,5,0.0404,0.5511,network,1,0
Assurbanipal,0x12046,6,0.0119,0.4407,network,0,0
Assurbanipal,0x12046,7,0.0763,0.7823,skeleton,0,0
Assurbanipal,0x12046,8,0.414,0.8347,skeleton,0,0
Assurbanipal,0x12046,9,0.0355,0.8102,skeleton,0,0
Assurbanipal,0x12046,10,0.434,0.7972,skeleton,0,0
Assurbanipal,0x12046,11,0.6261,0.7033,network,0,0
Assurbanipal,0x12046,12,0.4878,0.7454,skeleton,0,0
Assurbanipal,0x12046,13,0.0,0.5765,network,1,0
Assurbanipal,0x12046,14,0.6753,0.7934,network,0,0
Assurbanipal,0x12048,1,0.7417,0.787,network,0,0
Assurbanipal,0x12048,2,0.6584,0.7846,network,0,0
Assurbanipal,0x12048,3,0.4309,0.7476,network,0,0
Assurbanipal,0x12048,4,0.4309,0.8245,skeleton,0,0
Assurbanipal,0x12048,5,0.4342,0.8592,network,0,0
Assurbanipal,0x12048,6,0.6067,0.8998,network,0,0
Assurbanipal,0x12048,7,0.3741,0.7596,skeleton,0,0
Assurbanipal,0x12048,8,0.6697,0.852,network,0,0
Assurbanipal,0x12048,9,0.6357,0.8062,network,0,0
Assurbanipal,0x1204b,1,0.4244,0.8149,skeleton,0,0
Assurbanipal,0x1204b,2,0.6728,0.6817,skeleton,0,0
Assurbanipal,0x1204b,3,0.7843,0.939,network,0,0
Assurbanipal,0x1204b,4,0.3193,0.9397,network,0,0
Assurbanipal,0x1204b,5,0.7817,0.9598,network,0,0
Assurbanipal,0x1204b,6,0.7447,0.9592,network,0,0
Assurbanipal,0x1204b,7,0.0016,0.3191,network,1,0
Assurbanipal,0x1204c,1,0.0108,0.8625,network,0,0
Assurbanipal,0x1204c,2,0.3861,0.8161,skeleton,0,0
Assurbanipal,0x1204c,3,0.0007,0.742,network,0,0
Assurbanipal,0x1204c,4,0.603,0.932,network,0,0
Assurbanipal,0x1204c,5,0.8549,0.9019,network,0,0
Assurbanipal,0x1204c,6,0.0488,0.9005,network,0,0
Assurbanipal,0x1204c,7,0.0393,0.8485,network,0,0
Assurbanipal,0x1204c,8,0.3028,0.6562,network,0,0
Assurbanipal,0x1204c,9,0.7106,0.8933,skeleton,0,0
Assurbanipal,0x1204c,10,0.0019,0.3511,network,1,0
Assurbanipal,0x1204e,1,0.6183,0.8599,network,0,0
Assurbanipal,0x1204e,2,0.3944,0.9161,network,0,0
Assurbanipal,0x1204e,3,0.6922,0.862,network,0,0
Assurbanipal,0x1204e,4,0.5554,0.7001,network,0,0
Assurbanipal,0x1204e,5,0.4698,0.7491,network,0,0
Assurbanipal,0x1204e,6,0.7708,0.778,network,0,0
Assurbanipal,0x1204e,7,0.0001,0.6926,network,0,0
Assurbanipal,0x1204e,8,0.4683,0.8539,network,0,0
Assurbanipal,0x1204e,9,0.7025,0.8783,skeleton,0,0
Assurbanipal,0x1204e,10,0.7349,0.8013,network,0,0
Assurbanipal,0x1204e,11,0.6137,0.9397,network,0,0
Assurbanipal,0x1204e,12,0.5775,0.8529,network,0,0
Assurbanipal,0x1204e,13,0.683,0.9395,network,0,0
Assurbanipal,0x1204e,14,0.6334,0.9258,network,0,0
Assurbanipal,0x1204e,15,0.7617,0.7732,network,0,0
Assurbanipal,0x12050,1,0.7245,0.8072,network,0,0
Assurbanipal,0x12050,2,0.5112,0.733,network,0,0
Assurbanipal,0x12050,3,0.78,0.7876,network,0,0
Assurbanipal,0x12050,4,0.5467,0.8706,network,0,0
Assurbanipal,0x12050,5,0.1713,0.8582,network,0,0
Assurbanipal,0x12050,6,0.1761,0.8287,network,0,0
Assurbanipal,0x12050,7,0.5964,0.8281,network,0,0
Assurbanipal,0x12050,8,0.733,0.8719,network,0,0
Assurbanipal,0x12051,1,0.6868,0.7118,network,0,0
Assurbanipal,0x12051,2,0.6261,0.8096,skeleton,0,0
Assurbanipal,0x12051,3,0.555,0.8597,network,0,0
Assurbanipal,0x12051,4,0.463,0.7843,skeleton,0,0
Assurbanipal,0x12051,5,0.5651,0.8421,network,0,0
Assurbanipal,0x12051,6,0.5875,0.7928,network,0,0
Assurbanipal,0x12052,1,0.6192,0.8044,network,0,0
Assurbanipal,0x12052,2,0.698,0.886,network,0,0
Assurbanipal,0x12052,3,0.698,0.8208,network,0,0
Assurbanipal,0x12052,4,0.5181,0.8941,network,0,0
Assurbanipal,0x12052,5,0.5024,0.5024,network,0,0
Assurbanipal,0x12052,6,0.6433,0.8697,network,0,0
Assurbanipal,0x12052,7,0.408,0.8848,network,0,0
Assurbanipal,0x12052,8,0.6474,0.8661,network,0,0
Assurbanipal,0x12052,9,0.6474,0.8933,network,0,0
Assurbanipal,0x12052,10,0.408,0.882,network,0,0
Assurbanipal,0x12052,11,0.6086,0.8613,network,0,0
Assurbanipal,0x12052,12,0.633,0.8973,skeleton,0,0
Assurbanipal,0x12054,1,0.728,0.8087,network,0,0
Assurbanipal,0x12054,2,0.7417,0.7837,skeleton,0,0
Assurbanipal,0x12054,3,0.696,0.9158,network,0,0
Assurbanipal,0x12054,4,0.7856,0.8534,network,0,0
Assurbanipal,0x12054,5,0.7472,0.796,network,0,0
Assurbanipal,0x12054,6,0.0017,0.4506,skeleton,0,0
Assurbanipal,0x12054,7,0.0468,0.4868,skeleton,0,0
Assurbanipal,0x12054,8,0.8099,0.8888,network,0,0
Assurbanipal,0x12054,9,0.6702,0.9456,network,0,0
Assurbanipal,0x12056,1,0.698,0.8666,network,0,0
Assurbanipal,0x12056,2,0.6906,0.7574,network,0,0
Assurbanipal,0x12056,3,0.8587,0.8587,network,0,0
Assurbanipal,0x12056,4,0.6632,0.6632,network,0,0
Assurbanipal,0x12056,5,0.7058,0.8355,network,0,0
Assurbanipal,0x12056,6,0.7712,0.7712,network,0,0
Assurbanipal,0x12056,7,0.2362,0.8828,network,0,0
Assurbanipal,0x12057,1,0.6702,0.8732,network,0,0
Assurbanipal,0x12057,2,0.7178,0.7985,network,0,0
Assurbanipal,0x12057,3,0.7873,0.7873,network,0,0
Assurbanipal,0x12057,4,0.7553,0.7553,network,0,0
Assurbanipal,0x12057,5,0.5545,0.9053,network,0,0
Assurbanipal,0x12057,6,0.4746,0.7708,network,0,0
Assurbanipal,0x12057,7,0.5268,0.8998,network,0,0
Assurbanipal,0x12057,8,0.5612,0.5612,network,0,0
Assurbanipal,0x12057,9,0.4761,0.8368,network,0,0
Assurbanipal,0x12057,10,0.539,0.7322,network,0,0
Assurbanipal,0x12057,11,0.677,0.8256,network,0,0
Assurbanipal,0x12057,12,0.004,0.7663,skeleton,0,0
Assurbanipal,0x12057,13,0.6366,0.7424,network,0,0
Assurbanipal,0x12057,14,0.709,0.9307,network,0,0
Assurbanipal,0x12058,1,0.5627,0.9016,network,0,0
Assurbanipal,0x12058,2,0.7046,0.8041,network,0,0
Assurbanipal,0x12058,3,0.7823,0.7823,network,0,0
Assurbanipal,0x12058,4,0.7509,0.7509,network,0,0
Assurbanipal,0x12058,5,0.48,0.8762,network,0,0
Assurbanipal,0x12058,6,0.0096,0.8059,network,0,0
Assurbanipal,0x12058,7,0.2676,0.9012,network,1,0
Assurbanipal,0x12058,8,0.3718,0.3718,network,0,0
Assurbanipal,0x12058,9,0.4678,0.7276,network,0,0
Assurbanipal,0x12058,10,0.5988,0.7126,network,0,0
Assurbanipal,0x12058,11,0.0947,0.8771,network,0,0
Assurbanipal,0x12058,12,0.4116,0.8099,network,0,0
Assurbanipal,0x12058,13,0.3405,0.8259,skeleton,0,0
Assurbanipal,0x12058,14,0.0044,0.3379,network,1,0
Assurbanipal,0x12059,1,0.6411,0.8715,network,0,0
Assurbanipal,0x12059,2,0.7158,0.7896,network,0,0
Assurbanipal,0x12059,3,0.8522,0.8522,network,0,0
Assurbanipal,0x12059,4,0.739,0.739,network,0,0
Assurbanipal,0x12059,5,0.6847,0.8749,network,0,0
Assurbanipal,0x12059,6,0.6411,0.8995,skeleton,0,0
Assurbanipal,0x12059,7,0.5612,0.8264,network,0,0
Assurbanipal,0x12059,8,0.7915,0.8056,network,0,0
Assurbanipal,0x12059,9,0.4839,0.7621,skeleton,0,0
Assurbanipal,0x12059,10,0.6375,0.8135,skeleton,0,0
Assurbanipal,0x12059,11,0.05,0.8804,skeleton,0,1
Assurbanipal,0x12059,12,0.7833,0.849,skeleton,0,0
Assurbanipal,0x12059,13,0.05,0.9043,skeleton,0,1
Assurbanipal,0x12059,14,0.0005,0.9466,network,0,0
Assurbanipal,0x12059,15,0.4087,0.4087,skeleton,0,0
Assurbanipal,0x12059,16,0.499,0.8973,network,0,0
Assurbanipal,0x12059,17,0.8182,0.8613,network,0,0
Assurbanipal,0x12059,18,0.05,0.7649,network,0,1
Assurbanipal,0x12059,19,0.045,0.8599,network,0,0
Assurbanipal,0x1205a,1,0.6749,0.8732,network,0,0
Assurbanipal,0x1205a,2,0.7178,0.7972,network,0,0
Assurbanipal,0x1205a,3,0.7873,0.7873,network,0,0
Assurbanipal,0x1205a,4,0.7538,0.7538,network,0,0
Assurbanipal,0x1205a,5,0.5229,0.9057,network,0,0
Assurbanipal,0x1205a,6,0.2237,0.7603,network,0,0
Assurbanipal,0x1205a,7,0.5078,0.8944,network,0,0
Assurbanipal,0x1205a,8,0.5229,0.5229,network,0,0
Assurbanipal,0x1205a,9,0.4717,0.7797,network,0,0
Assurbanipal,0x1205a,10,0.4201,0.7783,network,0,0
Assurbanipal,0x1205a,11,0.4163,0.8093,skeleton,0,0
Assurbanipal,0x1205a,12,0.401,0.8093,skeleton,0,0
Assurbanipal,0x1205a,13,0.0008,0.7025,network,1,0
Assurbanipal,0x1205a,14,0.0013,0.5054,network,1,0
Assurbanipal,0x1205a,15,0.0347,0.4158,network,0,1
Assurbanipal,0x1205a,16,0.0032,0.4047,network,1,0
Assurbanipal,0x1205b,1,0.5913,0.871,network,0,0
Assurbanipal,0x1205b,2,0.683,0.8423,network,0,0
Assurbanipal,0x1205b,3,0.7994,0.7994,network,0,0
Assurbanipal,0x1205b,4,0.7603,0.7603,network,0,0
Assurbanipal,0x1205b,5,0.5409,0.8745,network,0,0
Assurbanipal,0x1205b,6,0.5913,0.8804,skeleton,0,0
Assurbanipal,0x1205b,7,0.3872,0.8903,network,0,0
Assurbanipal,0x1205b,8,0.7291,0.7291,network,0,0
Assurbanipal,0x1205b,9,0.0158,0.8515,network,0,0
Assurbanipal,0x1205b,10,0.6893,0.7797,skeleton,0,0
Assurbanipal,0x1205b,11,0.7118,0.847,skeleton,0,0
Assurbanipal,0x1205b,12,0.8328,0.9009,skeleton,0,0
Assurbanipal,0x1205b,13,0.7454,0.8426,network,0,0
Assurbanipal,0x1205b,14,0.8828,0.8828,network,0,0
Assurbanipal,0x1205b,15,0.7969,0.8918,network,0,0
Assurbanipal,0x1205b,16,0.3101,0.9349,network,0,0
Assurbanipal,0x1205b,17,0.6257,0.8988,network,0,0
Assurbanipal,0x1205b,18,0.4518,0.537,network,0,0
Assurbanipal,0x1205d,1,0.6229,0.8512,network,0,0
Assurbanipal,0x1205d,2,0.6749,0.8594,network,0,0
Assurbanipal,0x1205d,3,0.8072,0.8072,network,0,0
Assurbanipal,0x1205d,4,0.784,0.784,network,0,0
Assurbanipal,0x1205d,5,0.519,0.8948,network,0,0
Assurbanipal,0x1205d,6,0.1865,0.8256,network,0,0
Assurbanipal,0x1205d,7,0.29,0.8963,network,1,0
Assurbanipal,0x1205d,8,0.7763,0.821,network,0,0
Assurbanipal,0x1205d,9,0.6252,0.8629,skeleton,0,0
Assurbanipal,0x1205d,10,0.2713,0.858,skeleton,0,0
Assurbanipal,0x1205d,11,0.8256,0.8929,network,0,0
Assurbanipal,0x1205d,12,0.739,0.9019,skeleton,0,0
Assurbanipal,0x1205d,13,0.8487,0.8991,network,0,0
Assurbanipal,0x1205d,14,0.6518,0.8816,network,0,0
Assurbanipal,0x1205d,15,0.7546,0.7546,network,0,0
Assurbanipal,0x1205d,16,0.5176,0.8193,network,0,0
Assurbanipal,0x1205d,17,0.3739,0.9421,network,0,0
Assurbanipal,0x1205d,18,0.001,0.5832,network,0,0
Assurbanipal,0x1205e,1,0.658,0.8482,network,0,0
Assurbanipal,0x1205e,2,0.6889,0.8333,network,0,0
Assurbanipal,0x1205e,3,0.8566,0.8566,network,0,0
Assurbanipal,0x1205e,4,0.7638,0.7638,network,0,0
Assurbanipal,0x1205e,5,0.6597,0.8828,network,0,0
Assurbanipal,0x1205e,6,0.1427,0.827,network,0,0
Assurbanipal,0x1205e,7,0.2448,0.8944,network,1,0
Assurbanipal,0x1205e,8,0.7454,0.7495,network,0,0
Assurbanipal,0x1205e,9,0.671,0.8754,network,0,0
Assurbanipal,0x1205e,10,0.4424,0.8013,skeleton,0,0
Assurbanipal,0x1205e,11,0.0001,0.9645,skeleton,1,0
Assurbanipal,0x1205e,12,0.7311,0.931,network,0,0
Assurbanipal,0x1205e,13,0.8387,0.9582,network,0,0
Assurbanipal,0x1205e,14,0.8355,0.9274,skeleton,0,0
Assurbanipal,0x1205e,15,0.8389,0.8728,network,0,0
Assurbanipal,0x1205e,16,0.785,0.9294,network,0,0
Assurbanipal,0x1205e,17,0.0109,0.7617,network,1,0
Assurbanipal,0x1205f,1,0.6192,0.8634,network,0,0
Assurbanipal,0x1205f,2,0.661,0.8661,network,0,0
Assurbanipal,0x1205f,3,0.7953,0.7953,network,0,0
Assurbanipal,0x1205f,4,0.7879,0.7879,network,0,0
Assurbanipal,0x1205f,5,0.5983,0.8884,network,0,0
Assurbanipal,0x1205f,6,0.1134,0.8995,skeleton,0,0
Assurbanipal,0x1205f,7,0.4703,0.8981,network,0,0
Assurbanipal,0x1205f,8,0.7638,0.7739,network,0,0
Assurbanipal,0x1205f,9,0.2874,0.8267,skeleton,0,0
Assurbanipal,0x1205f,10,0.6788,0.8515,network,0,0
Assurbanipal,0x1205f,11,0.8126,0.8791,skeleton,0,0
Assurbanipal,0x1205f,12,0.4654,0.8431,network,0,0
Assurbanipal,0x1205f,13,0.5375,0.9102,network,0,0
Assurbanipal,0x1205f,14,0.0624,0.9381,network,0,0
Assurbanipal,0x1205f,15,0.254,0.9708,network,0,0
Assurbanipal,0x1205f,16,0.3569,0.404,skeleton,0,0
Assurbanipal,0x12060,1,0.6947,0.8732,network,0,0
Assurbanipal,0x12060,2,0.7178,0.7982,network,0,0
Assurbanipal,0x12060,3,0.7889,0.7889,network,0,0
Assurbanipal,0x12060,4,0.7506,0.7506,network,0,0
Assurbanipal,0x12060,5,0.4844,0.9073,network,0,0
Assurbanipal,0x12060,6,0.1747,0.78,network,0,0
Assurbanipal,0x12060,7,0.263,0.9009,network,0,0
Assurbanipal,0x12060,8,0.567,0.567,network,0,0
Assurbanipal,0x12060,9,0.3453,0.7001,network,0,0
Assurbanipal,0x12060,10,0.5679,0.7005,network,0,0
Assurbanipal,0x12060,11,0.8167,0.8911,network,0,0
Assurbanipal,0x12060,12,0.7843,0.9581,skeleton,0,0
Assurbanipal,0x12060,13,0.7509,0.8331,skeleton,0,0
Assurbanipal,0x12060,14,0.6531,0.8952,network,0,0
Assurbanipal,0x12060,15,0.8306,0.9574,network,0,0
Assurbanipal,0x12060,16,0.0193,0.4085,network,1,0
Assurbanipal,0x12061,1,0.5366,0.9016,network,0,0
Assurbanipal,0x12061,2,0.7042,0.8062,network,0,0
Assurbanipal,0x12061,3,0.7833,0.7833,network,0,0
Assurbanipal,0x12061,4,0.7454,0.7454,network,0,0
Assurbanipal,0x12061,5,0.538,0.8679,network,0,0
Assurbanipal,0x12061,6,0.5366,0.7921,network,0,0
Assurbanipal,0x12061,7,0.2933,0.9026,network,1,0
Assurbanipal,0x12061,8,0.7017,0.7017,network,0,0
Assurbanipal,0x12061,9,0.4352,0.7349,network,0,0
Assurbanipal,0x12061,10,0.6343,0.8239,network,0,0
Assurbanipal,0x12061,11,0.4087,0.914,network,0,0
Assurbanipal,0x12061,12,0.6901,0.906,skeleton,0,0
Assurbanipal,0x12061,13,0.5395,0.908,network,0,0
Assurbanipal,0x12061,14,0.2249,0.8449,network,0,0
Assurbanipal,0x12061,15,0.4137,0.8933,network,0,0
Assurbanipal,0x12061,16,0.005,0.5837,network,1,0
Assurbanipal,0x12062,1,0.6021,0.9026,network,0,0
Assurbanipal,0x12062,2,0.6926,0.8193,network,0,0
Assurbanipal,0x12062,3,0.849,0.8527,network,0,0
Assurbanipal,0x12062,4,0.7578,0.7578,network,0,0
Assurbanipal,0x12062,5,0.567,0.8864,network,0,0
Assurbanipal,0x12062,6,0.6021,0.7982,network,0,0
Assurbanipal,0x12062,7,0.3059,0.886,network,1,0
Assurbanipal,0x12062,8,0.6749,0.6749,network,0,0
Assurbanipal,0x12062,9,0.3558,0.8019,skeleton,0,0
Assurbanipal,0x12062,10,0.348,0.8749,skeleton,0,0
Assurbanipal,0x12062,11,0.1938,0.9431,network,0,0
Assurbanipal,0x12062,12,0.7491,0.886,network,0,0
Assurbanipal,0x12062,13,0.0991,0.7005,skeleton,0,0
Assurbanipal,0x12062,14,0.093,0.7383,network,0,0
Assurbanipal,0x12062,15,0.3996,0.926,network,0,0
Assurbanipal,0x12062,16,0.3968,0.8754,network,0,0
Assurbanipal,0x12062,17,0.05,0.9134,network,0,1
Assurbanipal,0x12062,18,0.05,0.8216,network,0,1
Assurbanipal,0x12062,19,0.5404,0.8723,network,0,0
Assurbanipal,0x12062,20,0.748,0.9196,skeleton,0,0
Assurbanipal,0x12062,21,0.9089,0.9268,network,0,0
Assurbanipal,0x12062,22,0.0013,0.5699,network,1,0
Assurbanipal,0x12063,1,0.5463,0.904,network,0,0
Assurbanipal,0x12063,2,0.6893,0.7756,network,0,0
Assurbanipal,0x12063,3,0.8247,0.8247,network,0,0
Assurbanipal,0x12063,4,0.7409,0.7409,network,0,0
Assurbanipal,0x12063,5,0.5034,0.8812,network,0,0
Assurbanipal,0x12063,6,0.5098,0.8289,network,0,0
Assurbanipal,0x12063,7,0.4189,0.8828,network,0,0
Assurbanipal,0x12063,8,0.3482,0.3482,network,0,0
Assurbanipal,0x12063,9,0.4664,0.7194,network,0,0
Assurbanipal,0x12063,10,0.6822,0.7356,network,0,0
Assurbanipal,0x12063,11,0.6429,0.9023,network,0,0
Assurbanipal,0x12063,12,0.698,0.8561,skeleton,0,0
Assurbanipal,0x12063,13,0.7687,0.9504,network,0,0
Assurbanipal,0x12063,14,0.0004,0.537,network,1,0
Assurbanipal,0x12064,1,0.6491,0.8732,network,0,0
Assurbanipal,0x12064,2,0.7194,0.7909,network,0,0
Assurbanipal,0x12064,3,0.7902,0.7902,network,0,0
Assurbanipal,0x12064,4,0.7535,0.7535,network,0,0
Assurbanipal,0x12064,5,0.5122,0.9099,network,0,0
Assurbanipal,0x12064,6,0.0053,0.7718,network,0,0
Assurbanipal,0x12064,7,0.4927,0.8948,network,0,0
Assurbanipal,0x12064,8,0.7953,0.8284,network,0,0
Assurbanipal,0x12064,9,0.3458,0.7387,network,0,0
Assurbanipal,0x12064,10,0.5054,0.8719,network,0,0
Assurbanipal,0x12064,11,0.5083,0.9118,skeleton,0,0
Assurbanipal,0x12064,12,0.6654,0.897,network,0,0
Assurbanipal,0x12064,13,0.8657,0.8937,network,0,0
Assurbanipal,0x12064,14,0.726,0.905,network,0,0
Assurbanipal,0x12064,15,0.5588,0.8559,network,0,0
Assurbanipal,0x12065,1,0.4227,0.9036,network,0,0
Assurbanipal,0x12065,2,0.6885,0.8026,network,0,0
Assurbanipal,0x12065,3,0.7982,0.7982,network,0,0
Assurbanipal,0x12065,4,0.7284,0.7284,network,0,0
Assurbanipal,0x12065,5,0.5117,0.8688,network,0,0
Assurbanipal,0x12065,6,0.0381,0.8059,skeleton,0,0
Assurbanipal,0x12065,7,0.3108,0.8895,network,1,0
Assurbanipal,0x12065,8,0.7194,0.7194,network,0,0
Assurbanipal,0x12065,9,0.4496,0.7345,network,0,0
Assurbanipal,0x12065,10,0.736,0.8594,skeleton,0,0
Assurbanipal,0x12065,11,0.5472,0.8384,skeleton,0,0
Assurbanipal,0x12065,12,0.05,0.9252,network,0,1
Assurbanipal,0x12065,13,0.05,0.7413,skeleton,0,1
Assurbanipal,0x12065,14,0.5837,0.8403,network,0,0
Assurbanipal,0x12065,15,0.8108,0.9083,skeleton,0,0
Assurbanipal,0x12065,16,0.7739,0.9365,network,0,0
Assurbanipal,0x12066,1,0.5875,0.8922,network,0,0
Assurbanipal,0x12066,2,0.6947,0.8158,network,0,0
Assurbanipal,0x12066,3,0.8452,0.8608,network,0,0
Assurbanipal,0x12066,4,0.7582,0.7582,network,0,0
Assurbanipal,0x12066,5,0.5151,0.8903,network,0,0
Assurbanipal,0x12066,6,0.0792,0.8431,network,0,0
Assurbanipal,0x12066,7,0.305,0.8891,network,1,0
Assurbanipal,0x12066,8,0.6723,0.6723,network,0,0
Assurbanipal,0x12066,9,0.3567,0.7937,skeleton,0,0
Assurbanipal,0x12066,10,0.05,0.8507,network,0,1
Assurbanipal,0x12066,11,0.5732,0.6021,skeleton,0,0
Assurbanipal,0x12066,12,0.0059,0.9076,network,0,0
Assurbanipal,0x12066,13,0.05,0.9536,network,0,1
Assurbanipal,0x12066,14,0.05,0.8403,network,0,1
Assurbanipal,0x12066,15,0.577,0.8929,network,0,0
Assurbanipal,0x12066,16,0.6293,0.8941,network,0,0
Assurbanipal,0x12066,17,0.8779,0.931,network,0,0
Assurbanipal,0x12066,18,0.3542,0.787,network,0,0
Assurbanipal,0x12066,19,0.5727,0.9158,network,0,0
Assurbanipal,0x12066,20,0.7428,0.941,skeleton,0,0
Assurbanipal,0x12066,21,0.1289,0.6091,network,0,0
Assurbanipal,0x12066,22,0.0342,0.7174,network,0,0
Assurbanipal,0x12066,23,0.5804,0.7677,network,0,0
Assurbanipal,0x12066,24,0.0637,0.4659,network,0,0
Assurbanipal,0x12067,1,0.4571,0.8907,network,0,0
Assurbanipal,0x12067,2,0.698,0.8199,network,0,0
Assurbanipal,0x12067,3,0.8236,0.8615,network,0,0
Assurbanipal,0x12067,4,0.7042,0.7042,network,0,0
Assurbanipal,0x12067,5,0.4373,0.8963,network,0,0
Assurbanipal,0x12067,6,0.6984,0.817,skeleton,0,0
Assurbanipal,0x12067,7,0.3278,0.914,network,1,0
Assurbanipal,0x12067,8,0.4007,0.4007,network,0,0
Assurbanipal,0x12067,9,0.4395,0.7334,network,0,0
Assurbanipal,0x12067,10,0.6248,0.8264,network,0,0
Assurbanipal,0x12067,11,0.05,0.8719,network,0,1
Assurbanipal,0x12067,12,0.0118,0.9182,network,0,0
Assurbanipal,0x12067,13,0.0169,0.8828,network,0,1
Assurbanipal,0x12067,14,0.0063,0.8643,network,0,0
Assurbanipal,0x12067,15,0.7599,0.8534,network,0,0
Assurbanipal,0x12067,16,0.0069,0.8844,network,0,0
Assurbanipal,0x12067,17,0.1247,0.6248,skeleton,1,0
Assurbanipal,0x12068,1,0.6885,0.8368,network,0,0
Assurbanipal,0x12068,2,0.7118,0.8306,network,0,0
Assurbanipal,0x12068,3,0.8397,0.8397,network,0,0
Assurbanipal,0x12068,4,0.7086,0.7086,network,0,0
Assurbanipal,0x12068,5,0.6357,0.8688,network,0,0
Assurbanipal,0x12068,6,0.1503,0.8816,network,0,0
Assurbanipal,0x12068,7,0.3135,0.8648,network,1,0
Assurbanipal,0x12068,8,0.8053,0.8053,network,0,0
Assurbanipal,0x12068,9,0.2632,0.8311,skeleton,0,0
Assurbanipal,0x12068,10,0.7033,0.8679,skeleton,0,0
Assurbanipal,0x12068,11,0.0146,0.8959,network,0,0
Assurbanipal,0x12068,12,0.7564,0.8804,network,0,0
Assurbanipal,0x12068,13,0.5875,0.809,skeleton,0,0
Assurbanipal,0x12068,14,0.586,0.8449,network,0,0
Assurbanipal,0x12068,15,0.05,0.955,network,0,1
Assurbanipal,0x12068,16,0.5983,0.9196,network,0,0
Assurbanipal,0x12068,17,0.7631,0.8852,network,0,0
Assurbanipal,0x12068,18,0.748,0.8787,network,0,0
Assurbanipal,0x12068,19,0.825,0.9089,network,0,0
Assurbanipal,0x12069,1,0.6086,0.8914,network,0,0
Assurbanipal,0x12069,2,0.705,0.8108,network,0,0
Assurbanipal,0x12069,3,0.8213,0.8366,network,0,0
Assurbanipal,0x12069,4,0.7574,0.7574,network,0,0
Assurbanipal,0x12069,5,0.4007,0.8816,network,0,0
Assurbanipal,0x12069,6,0.6086,0.742,skeleton,0,0
Assurbanipal,0x12069,7,0.2602,0.8864,network,1,0
Assurbanipal,0x12069,8,0.6007,0.6007,network,0,0
Assurbanipal,0x12069,9,0.445,0.7402,network,0,0
Assurbanipal,0x12069,10,0.5646,0.7589,skeleton,0,0
Assurbanipal,0x12069,11,0.0333,0.8123,network,0,0
Assurbanipal,0x12069,12,0.0,0.8534,network,0,1
Assurbanipal,0x12069,13,0.4436,0.8728,network,0,0
Assurbanipal,0x12069,14,0.4883,0.8697,skeleton,0,0
Assurbanipal,0x12069,15,0.0079,0.5823,network,1,0
Assurbanipal,0x1206a,1,0.6039,0.8941,network,0,0
Assurbanipal,0x1206a,2,0.7082,0.7944,network,0,0
Assurbanipal,0x1206a,3,0.7896,0.7896,network,0,0
Assurbanipal,0x1206a,4,0.7256,0.7256,network,0,0
Assurbanipal,0x1206a,5,0.4436,0.8891,network,0,0
Assurbanipal,0x1206a,6,0.6039,0.8084,network,0,0
Assurbanipal,0x1206a,7,0.3287,0.9036,network,0,0
Assurbanipal,0x1206a,8,0.0,0.3569,network,0,0
Assurbanipal,0x1206a,9,0.4562,0.6984,network,0,0
Assurbanipal,0x1206a,10,0.5722,0.7766,network,0,0
Assurbanipal,0x1206a,11,0.4756,0.8041,skeleton,0,0
Assurbanipal,0x1206a,12,0.6114,0.6897,skeleton,0,0
Assurbanipal,0x1206a,13,0.7154,0.8371,network,0,0
Assurbanipal,0x1206a,14,0.7221,0.9427,network,0,0
Assurbanipal,0x1206b,1,0.6275,0.8485,network,0,0
Assurbanipal,0x1206b,2,0.7013,0.8339,network,0,0
Assurbanipal,0x1206b,3,0.8228,0.8585,network,0,0
Assurbanipal,0x1206b,4,0.7284,0.7284,network,0,0
Assurbanipal,0x1206b,5,0.5034,0.8754,network,0,0
Assurbanipal,0x1206b,6,0.4854,0.8563,skeleton,0,0
Assurbanipal,0x1206b,7,0.4533,0.884,network,0,0
Assurbanipal,0x1206b,8,0.6156,0.8289,network,0,0
Assurbanipal,0x1206b,9,0.4208,0.7863,skeleton,0,0
Assurbanipal,0x1206b,10,0.6922,0.6922,network,0,0
Assurbanipal,0x1206b,11,0.069,0.8472,network,0,0
Assurbanipal,0x1206b,12,0.0307,0.9332,network,0,0
Assurbanipal,0x1206b,13,0.0016,0.9423,network,0,0
Assurbanipal,0x1206b,14,0.0472,0.9252,skeleton,0,0
Assurbanipal,0x1206b,15,0.677,0.8745,skeleton,0,0
Assurbanipal,0x1206b,16,0.0588,0.9361,network,0,0
Assurbanipal,0x1206b,17,0.8072,0.9188,network,0,0
Assurbanipal,0x1206b,18,0.5332,0.8482,skeleton,0,0
Assurbanipal,0x1206b,19,0.7729,0.9252,network,0,0
Assurbanipal,0x1206b,20,0.8325,0.8532,network,0,0
Assurbanipal,0x1206b,21,0.0002,0.5804,network,1,0
Assurbanipal,0x1206c,1,0.5699,0.8666,network,0,0
Assurbanipal,0x1206c,2,0.6847,0.8436,network,0,0
Assurbanipal,0x1206c,3,0.8236,0.8236,network,0,0
Assurbanipal,0x1206c,4,0.8001,0.8001,network,0,0
Assurbanipal,0x1206c,5,0.6976,0.8604,network,0,0
Assurbanipal,0x1206c,6,0.5699,0.8941,skeleton,0,0
Assurbanipal,0x1206c,7,0.4513,0.8856,network,0,0
Assurbanipal,0x1206c,8,0.713,0.8505,network,0,0
Assurbanipal,0x1206c,9,0.3363,0.8434,skeleton,0,0
Assurbanipal,0x1206c,10,0.0039,0.9016,skeleton,0,0
Assurbanipal,0x1206c,11,0.3531,0.8697,network,0,0
Assurbanipal,0x1206c,12,0.7042,0.9292,network,0,0
Assurbanipal,0x1206c,13,0.711,0.9096,skeleton,0,0
Assurbanipal,0x1206c,14,0.7739,0.8749,network,0,0
Assurbanipal,0x1206c,15,0.7614,0.9476,network,0,0
Assurbanipal,0x1206c,16,0.4649,0.8899,network,0,0
Assurbanipal,0x1206c,17,0.0009,0.9344,network,0,0
Assurbanipal,0x1206c,18,0.6311,0.9515,network,0,0
Assurbanipal,0x1206c,19,0.7546,0.847,network,0,0
Assurbanipal,0x1206c,20,0.1791,0.8876,network,0,0
Assurbanipal,0x1206c,21,0.3778,0.9423,network,0,0
Assurbanipal,0x1206c,22,0.8604,0.8872,network,0,0
Assurbanipal,0x1206c,23,0.6997,0.8929,network,0,0
Assurbanipal,0x1206d,1,0.6388,0.8832,network,0,0
Assurbanipal,0x1206d,2,0.7009,0.8114,network,0,0
Assurbanipal,0x1206d,3,0.8205,0.8205,network,0,0
Assurbanipal,0x1206d,4,0.752,0.752,network,0,0
Assurbanipal,0x1206d,5,0.538,0.8462,network,0,0
Assurbanipal,0x1206d,6,0.153,0.8868,skeleton,0,0
Assurbanipal,0x1206d,7,0.3621,0.8517,network,1,0
Assurbanipal,0x1206d,8,0.7341,0.7341,network,0,0
Assurbanipal,0x1206d,9,0.4956,0.8182,skeleton,0,0
Assurbanipal,0x1206d,10,0.6947,0.8161,skeleton,0,0
Assurbanipal,0x1206d,11,0.6518,0.9307,skeleton,0,0
Assurbanipal,0x1206d,12,0.0059,0.6926,network,0,0
Assurbanipal,0x1206d,13,0.4956,0.8933,network,0,0
Assurbanipal,0x1206d,14,0.7725,0.8688,network,0,0
Assurbanipal,0x1206d,15,0.6943,0.9149,network,0,0
Assurbanipal,0x1206d,16,0.0558,0.3824,network,0,0
Assurbanipal,0x1206e,1,0.0528,0.8078,network,0,0
Assurbanipal,0x1206e,2,0.6567,0.8317,network,0,0
Assurbanipal,0x1206e,3,0.6514,0.8922,network,0,0
Assurbanipal,0x1206e,4,0.5341,0.8948,network,0,0
Assurbanipal,0x1206e,5,0.7476,0.8253,network,0,0
Assurbanipal,0x1206e,6,0.6482,0.8001,network,0,0
Assurbanipal,0x1206e,7,0.6016,0.7736,skeleton,0,0
Assurbanipal,0x1206e,8,0.6316,0.6316,network,0,0
Assurbanipal,0x1206f,1,0.5875,0.8126,skeleton,0,0
Assurbanipal,0x1206f,2,0.5832,0.7443,network,0,0
Assurbanipal,0x1206f,3,0.4173,0.8684,network,0,0
Assurbanipal,0x1206f,4,0.6796,0.6796,network,0,0
Assurbanipal,0x1206f,5,0.745,0.745,network,0,0
Assurbanipal,0x1206f,6,0.6007,0.7458,network,0,0
Assurbanipal,0x1206f,7,0.0862,0.862,network,0,0
Assurbanipal,0x1206f,8,0.6007,0.8563,network,0,0
Assurbanipal,0x12070,1,0.6766,0.7264,network,0,0
Assurbanipal,0x12070,2,0.5409,0.7797,skeleton,0,0
Assurbanipal,0x12070,3,0.6706,0.8413,network,0,0
Assurbanipal,0x12070,4,0.0015,0.8812,skeleton,0,0
Assurbanipal,0x12070,5,0.5205,0.8758,network,0,0
Assurbanipal,0x12070,6,0.5713,0.8666,skeleton,0,0
Assurbanipal,0x12070,7,0.6469,0.7666,network,0,0
Assurbanipal,0x12070,8,0.7979,0.8485,network,0,0
Assurbanipal,0x12070,9,0.6039,0.7972,skeleton,0,0
Assurbanipal,0x12070,10,0.6289,0.7509,network,0,0
Assurbanipal,0x12070,11,0.0023,0.786,skeleton,0,0
Assurbanipal,0x12070,12,0.5964,0.8812,network,0,0
Assurbanipal,0x12071,1,0.4218,0.8442,network,0,0
Assurbanipal,0x12071,2,0.5823,0.882,network,0,0
Assurbanipal,0x12071,3,0.4888,0.8684,network,0,0
Assurbanipal,0x12071,4,0.8065,0.8287,network,0,0
Assurbanipal,0x12071,5,0.6736,0.7546,network,0,0
Assurbanipal,0x12071,6,0.7368,0.7991,skeleton,0,0
Assurbanipal,0x12071,7,0.6641,0.8566,network,0,0
Assurbanipal,0x12071,8,0.0001,0.8715,network,0,0
Assurbanipal,0x12071,9,0.4858,0.8652,network,0,0
Assurbanipal,0x12071,10,0.6316,0.8397,network,0,0
Assurbanipal,0x12071,11,0.7476,0.7966,skeleton,0,0
Assurbanipal,0x12071,12,0.05,0.7013,skeleton,0,1
Assurbanipal,0x12071,13,0.4554,0.7556,network,0,0
Assurbanipal,0x12075,1,0.7046,0.7046,skeleton,0,0
Assurbanipal,0x12075,2,0.6868,0.8126,skeleton,0,0
Assurbanipal,0x12075,3,0.5631,0.6947,network,0,0
Assurbanipal,0x12075,4,0.522,0.8679,network,0,0
Assurbanipal,0x12075,5,0.5818,0.7138,network,0,0
Assurbanipal,0x12075,6,0.7409,0.8143,network,0,0
Assurbanipal,0x12075,7,0.6192,0.8382,skeleton,0,0
Assurbanipal,0x12075,8,0.7122,0.7797,skeleton,0,0
Assurbanipal,0x12075,9,0.5988,0.7976,network,0,0
Assurbanipal,0x12076,1,0.5946,0.8336,network,0,0
Assurbanipal,0x12076,2,0.5375,0.7567,network,0,0
Assurbanipal,0x12076,3,0.05,0.7708,network,0,1
Assurbanipal,0x12076,4,0.6482,0.8606,network,0,0
Assurbanipal,0x12076,5,0.7439,0.8075,skeleton,0,0
Assurbanipal,0x12076,6,0.7158,0.7158,network,0,0
Assurbanipal,0x12076,7,0.0163,0.8442,network,0,0
Assurbanipal,0x12077,1,0.6095,0.7853,network,0,0
Assurbanipal,0x12077,2,0.519,0.7786,network,0,0
Assurbanipal,0x12077,3,0.8184,0.8758,network,0,0
Assurbanipal,0x12077,4,0.5737,0.9073,network,0,0
Assurbanipal,0x1207b,1,0.6402,0.7863,skeleton,0,0
Assurbanipal,0x1207b,2,0.4634,0.7435,network,0,0
Assurbanipal,0x1207b,3,0.5917,0.5917,skeleton,0,0
Assurbanipal,0x1207b,4,0.3875,0.8749,network,0,0
Assurbanipal,0x1207b,5,0.6366,0.8836,network,0,0
Assurbanipal,0x1207b,6,0.0003,0.4366,network,1,0
Assurbanipal,0x1207b,7,0.2973,0.6429,skeleton,0,0
Assurbanipal,0x1207b,8,0.4095,0.9086,network,0,0
Assurbanipal,0x1207b,9,0.8096,0.8556,network,0,0
Assurbanipal,0x1207c,1,0.6348,0.785,network,0,0
Assurbanipal,0x1207c,2,0.5636,0.7303,skeleton,0,0
Assurbanipal,0x1207c,3,0.0455,0.8482,network,0,0
Assurbanipal,0x1207c,4,0.6132,0.8065,network,0,0
Assurbanipal,0x1207c,5,0.7021,0.8108,network,0,0
Assurbanipal,0x1207c,6,0.6289,0.8143,network,0,0
Assurbanipal,0x1207c,7,0.6067,0.8688,skeleton,0,0
Assurbanipal,0x1207c,8,0.6002,0.6002,network,0,0
Assurbanipal,0x1207d,1,0.6215,0.8041,network,0,0
Assurbanipal,0x1207d,2,0.2828,0.7892,skeleton,0,0
Assurbanipal,0x1207d,3,0.3342,0.8309,network,0,0
Assurbanipal,0x1207d,4,0.7375,0.8447,network,0,0
Assurbanipal,0x1207d,5,0.6058,0.8844,network,0,0
Assurbanipal,0x1207d,6,0.6758,0.819,network,0,0
Assurbanipal,0x1207d,7,0.8099,0.8099,network,0,0
Assurbanipal,0x1207d,8,0.6188,0.7813,network,0,0
Assurbanipal,0x1207d,9,0.8216,0.8216,skeleton,0,0
Assurbanipal,0x1207e,1,0.5884,0.5884,network,0,0
Assurbanipal,0x1207e,2,0.728,0.7837,network,0,0
Assurbanipal,0x1207e,3,0.4634,0.683,network,0,0
Assurbanipal,0x1207e,4,0.6165,0.6593,network,0,0
Assurbanipal,0x1207e,5,0.7435,0.7439,network,0,0
Assurbanipal,0x1207e,6,0.6993,0.7614,network,0,0
Assurbanipal,0x1207e,7,0.7349,0.7873,network,0,0
Assurbanipal,0x1207e,8,0.0059,0.7998,network,0,0
Assurbanipal,0x12080,1,0.5851,0.8524,skeleton,0,0
Assurbanipal,0x12080,2,0.6451,0.8199,skeleton,0,0
Assurbanipal,0x12080,3,0.5569,0.8573,skeleton,0,0
Assurbanipal,0x12080,4,0.6183,0.7715,skeleton,0,0
Assurbanipal,0x12080,5,0.0078,0.4066,network,0,0
Assurbanipal,0x12080,6,0.0253,0.7708,skeleton,0,1
Assurbanipal,0x12080,7,0.4971,0.8149,skeleton,0,0
Assurbanipal,0x12080,8,0.5395,0.7783,skeleton,0,0
Assurbanipal,0x12080,9,0.4239,0.7889,skeleton,0,0
Assurbanipal,0x12080,10,0.5346,0.696,skeleton,0,0
Assurbanipal,0x12080,11,0.501,0.6855,skeleton,0,0
Assurbanipal,0x12080,12,0.007,0.7058,network,1,0
Assurbanipal,0x12080,13,0.6658,0.7054,network,0,0
Assurbanipal,0x12081,1,0.6926,0.7863,network,0,0
Assurbanipal,0x12081,2,0.6745,0.779,network,0,0
Assurbanipal,0x12081,3,0.7341,0.8349,network,0,0
Assurbanipal,0x12081,4,0.0028,0.8625,skeleton,0,0
Assurbanipal,0x12081,5,0.7509,0.871,network,0,0
Assurbanipal,0x12081,6,0.6667,0.8856,network,0,0
Assurbanipal,0x12082,1,0.4649,0.7268,network,0,0
Assurbanipal,0x12082,2,0.7725,0.8374,network,0,0
Assurbanipal,0x12082,3,0.6943,0.8397,network,0,0
Assurbanipal,0x12082,4,0.6658,0.8502,network,0,0
Assurbanipal,0x12082,5,0.7326,0.8688,network,0,0
Assurbanipal,0x12082,6,0.6261,0.8629,skeleton,0,0
Assurbanipal,0x12082,7,0.661,0.8173,network,0,0
Assurbanipal,0x12082,8,0.6447,0.8643,network,0,0
Assurbanipal,0x12082,9,0.4668,0.6058,network,0,0
Assurbanipal,0x12084,1,0.5603,0.5603,network,0,0
Assurbanipal,0x12084,2,0.7268,0.9233,network,0,0
Assurbanipal,0x12084,3,0.7086,0.8524,network,0,0
Assurbanipal,0x12084,4,0.5875,0.8059,network,0,0
Assurbanipal,0x12084,5,0.6411,0.7256,network,0,0
Assurbanipal,0x12084,6,0.5884,0.8093,network,0,0
Assurbanipal,0x12084,7,0.5482,0.7715,network,0,0
Assurbanipal,0x12084,8,0.6988,0.761,network,0,0
Assurbanipal,0x12084,9,0.578,0.8507,skeleton,0,0
Assurbanipal,0x12084,10,0.5727,0.7925,network,0,0
Assurbanipal,0x12084,11,0.6658,0.88,network,0,0
Assurbanipal,0x12084,12,0.7863,0.9047,network,0,0
Assurbanipal,0x12084,13,0.3591,0.8295,network,0,0
Assurbanipal,0x12087,1,0.6868,0.7915,network,0,0
Assurbanipal,0x12087,2,0.6011,0.7487,network,0,0
Assurbanipal,0x12087,3,0.6931,0.7509,network,0,0
Assurbanipal,0x12087,4,0.4761,0.752,skeleton,0,0
Assurbanipal,0x12087,5,0.6951,0.8004,skeleton,0,0
Assurbanipal,0x12087,6,0.7202,0.8072,network,0,0
Assurbanipal,0x12087,7,0.1476,0.8872,network,0,0
Assurbanipal,0x12087,8,0.646,0.8527,skeleton,0,0
Assurbanipal,0x12087,9,0.6922,0.819,skeleton,0,0
Assurbanipal,0x12087,10,0.7017,0.7098,network,0,0
Assurbanipal,0x12087,11,0.671,0.7106,network,0,0
Assurbanipal,0x12088,1,0.6438,0.7715,network,0,0
Assurbanipal,0x12088,2,0.5302,0.7531,network,0,0
Assurbanipal,0x12088,3,0.6361,0.726,network,0,0
Assurbanipal,0x12088,4,0.5302,0.7038,skeleton,0,0
Assurbanipal,0x12088,5,0.2388,0.8339,skeleton,0,0
Assurbanipal,0x12088,6,0.7513,0.847,network,0,0
Assurbanipal,0x12088,7,0.5297,0.553,network,0,0
Assurbanipal,0x12088,8,0.5931,0.6298,network,0,0
Assurbanipal,0x12088,9,0.05,0.8078,network,0,1
Assurbanipal,0x12088,10,0.4313,0.6067,network,0,0
Assurbanipal,0x12088,11,0.7029,0.7162,network,0,0
Assurbanipal,0x12088,12,0.7417,0.7915,network,0,0
Assurbanipal,0x12088,13,0.7469,0.7673,skeleton,0,0
Assurbanipal,0x12089,1,0.7432,0.8384,skeleton,0,0
Assurbanipal,0x12089,2,0.6225,0.6225,skeleton,0,0
Assurbanipal,0x12089,3,0.4707,0.8472,network,0,0
Assurbanipal,0x12089,4,0.7803,0.8281,network,0,0
Assurbanipal,0x12089,5,0.6955,0.7484,network,0,0
Assurbanipal,0x12089,6,0.6509,0.6509,network,0,0
Assurbanipal,0x1208e,1,0.6393,0.7217,skeleton,0,0
Assurbanipal,0x1208e,2,0.847,0.8719,network,0,0
Assurbanipal,0x1208e,3,0.05,0.4562,network,0,1
Assurbanipal,0x1208e,4,0.713,0.9155,network,0,0
Assurbanipal,0x1208e,5,0.4099,0.4099,skeleton,0,0
Assurbanipal,0x1208e,6,0.1645,0.6379,network,0,0
Assurbanipal,0x1208e,7,0.707,0.9329,network,0,0
Assurbanipal,0x1208e,8,0.014,0.9386,network,0,0
Assurbanipal,0x1208e,9,0.2379,0.884,skeleton,0,0
Assurbanipal,0x1208e,10,0.0424,0.428,network,0,0
Assurbanipal,0x1208e,11,0.4078,0.937,network,0,0
Assurbanipal,0x1208e,12,0.7982,0.9099,network,0,0
Assurbanipal,0x1208e,13,0.4956,0.8135,skeleton,0,0
Assurbanipal,0x1208e,14,0.1025,0.9271,skeleton,0,0
Assurbanipal,0x1208e,15,0.1226,0.4888,network,0,0
Assurbanipal,0x1208e,16,0.7106,0.7106,network,0,0
Assurbanipal,0x1208e,17,0.3113,0.519,network,0,0
Assurbanipal,0x1208e,18,0.7162,0.9002,network,0,0
Assurbanipal,0x12094,1,0.4615,0.7937,network,0,0
Assurbanipal,0x12094,2,0.6838,0.7985,network,0,0
Assurbanipal,0x12094,3,0.5205,0.8546,network,0,0
Assurbanipal,0x12094,4,0.6567,0.8132,network,0,0
Assurbanipal,0x12094,5,0.7322,0.8387,network,0,0
Assurbanipal,0x12094,6,0.5278,0.8549,network,0,0
Assurbanipal,0x12094,7,0.7287,0.8891,network,0,0
Assurbanipal,0x12094,8,0.329,0.8745,network,0,0
Assurbanipal,0x12094,9,0.408,0.906,network,0,0
Assurbanipal,0x12094,10,0.7786,0.8929,network,0,0
Assurbanipal,0x12095,1,0.6298,0.8193,network,0,0
Assurbanipal,0x12095,2,0.5808,0.7915,skeleton,0,0
Assurbanipal,0x12095,3,0.0012,0.7225,network,1,0
Assurbanipal,0x12095,4,0.7058,0.8492,network,0,0
Assurbanipal,0x12095,5,0.65,0.65,network,0,0
Assurbanipal,0x12095,6,0.3691,0.8597,network,0,0
Assurbanipal,0x12095,7,0.7454,0.8105,network,0,0
Assurbanipal,0x12095,8,0.6211,0.745,network,0,0
Assurbanipal,0x12095,9,0.0003,0.5993,network,1,0
Assurbanipal,0x12095,10,0.0057,0.7817,network,1,0
Assurbanipal,0x12095,11,0.0146,0.5185,network,0,0
Assurbanipal,0x12095,12,0.7985,0.8358,network,0,0
Assurbanipal,0x12095,13,0.0187,0.7272,network,0,0
Assurbanipal,0x12096,1,0.0001,0.4956,network,1,1
Assurbanipal,0x12096,2,0.0028,0.8487,network,0,0
Assurbanipal,0x12096,3,0.7417,0.8155,network,0,0
Assurbanipal,0x12096,4,0.5559,0.8977,network,0,0
Assurbanipal,0x12096,5,0.6589,0.7472,skeleton,0,0
Assurbanipal,0x12096,6,0.7527,0.7527,network,0,0
Assurbanipal,0x12096,7,0.7538,0.817,network,0,0
Assurbanipal,0x12096,8,0.0888,0.8013,network,0,0
Assurbanipal,0x12097,1,0.68,0.7432,network,0,0
Assurbanipal,0x12097,2,0.6183,0.6951,skeleton,0,0
Assurbanipal,0x12097,3,0.5884,0.7432,network,0,0
Assurbanipal,0x12097,4,0.0085,0.8467,skeleton,0,0
Assurbanipal,0x12097,5,0.6044,0.9258,network,0,0
Assurbanipal,0x12098,1,0.6922,0.7729,skeleton,0,0
Assurbanipal,0x12098,2,0.6715,0.9146,network,0,0
Assurbanipal,0x12098,3,0.5351,0.7498,network,0,0
Assurbanipal,0x12098,4,0.7106,0.9401,network,0,0
Assurbanipal,0x12098,5,0.768,0.849,skeleton,0,0
Assurbanipal,0x12098,6,0.7042,0.888,network,0,0
Assurbanipal,0x12098,7,0.7025,0.7025,skeleton,0,0
Assurbanipal,0x12098,8,0.5903,0.6589,network,0,0
Assurbanipal,0x12098,9,0.642,0.7985,skeleton,0,0
Assurbanipal,0x12098,10,0.6311,0.8284,network,0,0
Assurbanipal,0x12098,11,0.6834,0.6834,network,0,0
Assurbanipal,0x12099,1,0.6988,0.8497,network,0,0
Assurbanipal,0x12099,2,0.0148,0.849,network,0,0
Assurbanipal,0x12099,3,0.6549,0.8184,skeleton,0,0
Assurbanipal,0x12099,4,0.6984,0.8808,network,0,0
Assurbanipal,0x12099,5,0.7944,0.9019,network,0,0
Assurbanipal,0x12099,6,0.7972,0.8991,network,0,0
Assurbanipal,0x12099,7,0.8344,0.9258,network,0,0
Assurbanipal,0x12099,8,0.6939,0.7154,network,0,0
Assurbanipal,0x12099,9,0.6796,0.7162,skeleton,0,0
Assurbanipal,0x12099,10,0.7021,0.7574,network,0,0
Assurbanipal,0x12099,11,0.646,0.867,network,0,0
Assurbanipal,0x12099,12,0.671,0.84,network,0,0
Assurbanipal,0x1209e,1,0.795,0.795,network,0,0
Assurbanipal,0x1209e,2,0.6788,0.8423,network,0,0
Assurbanipal,0x1209e,3,0.4376,0.819,network,0,0
Assurbanipal,0x1209e,4,0.7531,0.7979,skeleton,0,0
Assurbanipal,0x1209e,5,0.7217,0.7217,network,0,0
Assurbanipal,0x1209e,6,0.6997,0.7642,skeleton,0,0
Assurbanipal,0x1209e,7,0.6352,0.859,network,0,0
Assurbanipal,0x1209e,8,0.0113,0.8988,network,0,0
Assurbanipal,0x1209e,9,0.5356,0.8762,network,0,0
Assurbanipal,0x1209e,10,0.61,0.8143,network,0,0
Assurbanipal,0x1209e,11,0.742,0.7773,skeleton,0,0
Assurbanipal,0x1209e,12,0.4463,0.726,network,0,0
Assurbanipal,0x1209e,13,0.6234,0.6234,skeleton,0,0
Assurbanipal,0x1209e,14,0.728,0.7813,network,0,0
Assurbanipal,0x1209e,15,0.7495,0.8295,network,0,0
Assurbanipal,0x1209e,16,0.0041,0.342,network,0,0
Assurbanipal,0x1209e,17,0.7142,0.7574,network,0,0
Assurbanipal,0x1209e,18,0.014,0.8196,network,0,0
Assurbanipal,0x120a0,1,0.7284,0.8339,skeleton,0,0
Assurbanipal,0x120a0,2,0.05,0.721,skeleton,0,1
Assurbanipal,0x120a0,3,0.6658,0.871,network,0,0
Assurbanipal,0x120a0,4,0.2734,0.7677,network,0,0
Assurbanipal,0x120a0,5,0.6632,0.7241,network,0,0
Assurbanipal,0x120a0,6,0.6749,0.6749,network,0,0
Assurbanipal,0x120a1,1,0.6229,0.7684,skeleton,0,0
Assurbanipal,0x120a1,2,0.6689,0.7134,network,0,0
Assurbanipal,0x120a1,3,0.5832,0.821,network,0,0
Assurbanipal,0x120a1,4,0.721,0.721,network,0,0
Assurbanipal,0x120a1,5,0.7256,0.8408,network,0,0
Assurbanipal,0x120a1,6,0.7186,0.8278,skeleton,0,0
Assurbanipal,0x120a1,7,0.6261,0.8135,network,0,0
Assurbanipal,0x120a1,8,0.6334,0.7937,skeleton,0,0
Assurbanipal,0x120a1,9,0.6325,0.6325,skeleton,0,0
Assurbanipal,0x120a2,1,0.5851,0.7402,skeleton,0,0
Assurbanipal,0x120a2,2,0.5521,0.7863,skeleton,0,0
Assurbanipal,0x120a2,3,0.5875,0.7776,network,0,0
Assurbanipal,0x120a2,4,0.778,0.778,network,0,0
Assurbanipal,0x120a2,5,0.7621,0.7876,network,0,0
Assurbanipal,0x120a2,6,0.7424,0.8749,skeleton,0,0
Assurbanipal,0x120a2,7,0.4285,0.4285,skeleton,0,0
Assurbanipal,0x120a2,8,0.6702,0.7066,network,0,0
Assurbanipal,0x120a2,9,0.783,0.8311,network,0,0
Assurbanipal,0x120a2,10,0.3374,0.8132,network,0,0
Assurbanipal,0x120a2,11,0.3686,0.8143,skeleton,0,0
Assurbanipal,0x120a2,12,0.05,0.7843,skeleton,0,1
Assurbanipal,0x120a3,1,0.691,0.7368,skeleton,0,0
Assurbanipal,0x120a3,2,0.5679,0.7614,skeleton,0,0
Assurbanipal,0x120a3,3,0.6252,0.8278,skeleton,0,0
Assurbanipal,0x120a3,4,0.783,0.783,network,0,0
Assurbanipal,0x120a3,5,0.7409,0.7677,network,0,0
Assurbanipal,0x120a3,6,0.7402,0.8442,skeleton,0,0
Assurbanipal,0x120a3,7,0.2553,0.8876,network,0,0
Assurbanipal,0x120a3,8,0.272,0.7649,skeleton,0,0
Assurbanipal,0x120a3,9,0.7524,0.7524,skeleton,0,0
Assurbanipal,0x120a3,10,0.5054,0.8431,network,0,0
Assurbanipal,0x120a3,11,0.7074,0.7074,network,0,0
Assurbanipal,0x120a3,12,0.6697,0.8524,skeleton,0,0
Assurbanipal,0x120a3,13,0.6964,0.6964,network,0,0
Assurbanipal,0x120a4,1,0.646,0.7214,network,0,0
Assurbanipal,0x120a4,2,0.5205,0.782,skeleton,0,0
Assurbanipal,0x120a4,3,0.5884,0.8524,network,0,0
Assurbanipal,0x120a4,4,0.7469,0.7469,skeleton,0,0
Assurbanipal,0x120a4,5,0.7461,0.795,network,0,0
Assurbanipal,0x120a4,6,0.6976,0.8403,skeleton,0,0
Assurbanipal,0x120a4,7,0.4834,0.8952,network,0,0
Assurbanipal,0x120a4,8,0.5487,0.7912,skeleton,0,0
Assurbanipal,0x120a4,9,0.0025,0.7214,network,0,0
Assurbanipal,0x120a4,10,0.7198,0.8439,network,0,0
Assurbanipal,0x120a4,11,0.5818,0.6997,network,0,0
Assurbanipal,0x120a4,12,0.7303,0.7303,skeleton,0,0
Assurbanipal,0x120a4,13,0.4235,0.8981,network,0,0
Assurbanipal,0x120a4,14,0.7461,0.7506,network,0,0
Assurbanipal,0x120a5,1,0.6091,0.7649,skeleton,0,0
Assurbanipal,0x120a5,2,0.6091,0.7299,skeleton,0,0
Assurbanipal,0x120a5,3,0.5936,0.8084,network,0,0
Assurbanipal,0x120a5,4,0.7487,0.7487,network,0,0
Assurbanipal,0x120a5,5,0.7364,0.7846,network,0,0
Assurbanipal,0x120a5,6,0.6822,0.8219,network,0,0
Assurbanipal,0x120a5,7,0.665,0.7739,skeleton,0,0
Assurbanipal,0x120a5,8,0.6007,0.8966,network,0,0
Assurbanipal,0x120a5,9,0.6796,0.7138,network,0,0
Assurbanipal,0x120a5,10,0.6997,0.8856,network,0,0
Assurbanipal,0x120a5,11,0.836,0.8405,network,0,0
Assurbanipal,0x120a5,12,0.7062,0.7909,network,0,0
Assurbanipal,0x120a7,1,0.5229,0.7947,skeleton,0,0
Assurbanipal,0x120a7,2,0.654,0.781,skeleton,0,0
Assurbanipal,0x120a7,3,0.6266,0.7879,skeleton,0,0
Assurbanipal,0x120a7,4,0.7994,0.7994,network,0,0
Assurbanipal,0x120a7,5,0.7233,0.7722,network,0,0
Assurbanipal,0x120a7,6,0.7498,0.847,skeleton,0,0
Assurbanipal,0x120a7,7,0.5722,0.9057,network,0,0
Assurbanipal,0x120a7,8,0.1099,0.7905,skeleton,0,0
Assurbanipal,0x120a7,9,0.7005,0.8648,network,0,0
Assurbanipal,0x120a7,10,0.6531,0.8611,network,0,0
Assurbanipal,0x120a7,11,0.7314,0.8899,network,0,0
Assurbanipal,0x120a7,12,0.7592,0.888,skeleton,0,0
Assurbanipal,0x120a7,13,0.7853,0.8876,network,0,0
Assurbanipal,0x120a7,14,0.6728,0.8403,network,0,0
Assurbanipal,0x120a7,15,0.752,0.8779,network,0,0
Assurbanipal,0x120a7,16,0.7241,0.9009,network,0,0
Assurbanipal,0x120a9,1,0.6723,0.6926,network,0,0
Assurbanipal,0x120a9,2,0.5684,0.7264,skeleton,0,0
Assurbanipal,0x120a9,3,0.5799,0.8643,network,0,0
Assurbanipal,0x120a9,4,0.6762,0.6762,network,0,0
Assurbanipal,0x120a9,5,0.756,0.7982,network,0,0
Assurbanipal,0x120a9,6,0.7178,0.8123,skeleton,0,0
Assurbanipal,0x120a9,7,0.5559,0.6689,skeleton,0,0
Assurbanipal,0x120a9,8,0.6796,0.8808,network,0,0
Assurbanipal,0x120a9,9,0.7158,0.926,network,0,0
Assurbanipal,0x120a9,10,0.7356,0.9377,network,0,0
Assurbanipal,0x120a9,11,0.8551,0.9474,skeleton,0,0
Assurbanipal,0x120a9,12,0.851,0.8891,network,0,0
Assurbanipal,0x120a9,13,0.6972,0.8233,network,0,0
Assurbanipal,0x120ab,1,0.6868,0.7402,network,0,0
Assurbanipal,0x120ab,2,0.387,0.7817,skeleton,0,0
Assurbanipal,0x120ab,3,0.6086,0.841,network,0,0
Assurbanipal,0x120ab,4,0.7592,0.7813,network,0,0
Assurbanipal,0x120ab,5,0.7556,0.8093,network,0,0
Assurbanipal,0x120ab,6,0.6766,0.8007,skeleton,0,0
Assurbanipal,0x120ab,7,0.5559,0.7628,skeleton,0,0
Assurbanipal,0x120ab,8,0.2602,0.7567,skeleton,0,0
Assurbanipal,0x120ab,9,0.7656,0.8442,skeleton,0,0
Assurbanipal,0x120ab,10,0.8219,0.8573,network,0,0
Assurbanipal,0x120ab,11,0.5898,0.8952,network,0,0
Assurbanipal,0x120ab,12,0.0019,0.6628,network,0,1
Assurbanipal,0x120ab,13,0.6091,0.7631,skeleton,0,0
Assurbanipal,0x120ab,14,0.8278,0.9146,skeleton,0,0
Assurbanipal,0x120ab,15,0.7122,0.8202,network,0,0
Assurbanipal,0x120ac,1,0.6388,0.7174,skeleton,0,0
Assurbanipal,0x120ac,2,0.6571,0.7341,network,0,0
Assurbanipal,0x120ac,3,0.6496,0.8158,skeleton,0,0
Assurbanipal,0x120ac,4,0.7592,0.7592,skeleton,0,0
Assurbanipal,0x120ac,5,0.5351,0.7843,network,0,0
Assurbanipal,0x120ac,6,0.6289,0.6745,skeleton,0,0
Assurbanipal,0x120ac,7,0.0076,0.7856,skeleton,0,0
Assurbanipal,0x120ac,8,0.3769,0.6914,network,0,0
Assurbanipal,0x120ac,9,0.4741,0.8129,network,0,0
Assurbanipal,0x120ac,10,0.3564,0.8693,network,0,0
Assurbanipal,0x120ac,11,0.677,0.7158,network,0,0
Assurbanipal,0x120ac,12,0.5964,0.8392,network,0,0
Assurbanipal,0x120ac,13,0.6697,0.6697,network,0,0
Assurbanipal,0x120ad,1,0.3766,0.6864,network,0,0
Assurbanipal,0x120ad,2,0.6229,0.8016,network,0,0
Assurbanipal,0x120ad,3,0.344,0.8176,network,0,0
Assurbanipal,0x120ad,4,0.0073,0.3115,network,0,1
Assurbanipal,0x120ad,5,0.1375,0.6109,network,0,0
Assurbanipal,0x120ae,1,0.5675,0.7387,skeleton,0,0
Assurbanipal,0x120ae,2,0.658,0.7206,network,0,0
Assurbanipal,0x120ae,3,0.6035,0.8202,network,0,0
Assurbanipal,0x120ae,4,0.8053,0.8053,skeleton,0,0
Assurbanipal,0x120ae,5,0.7299,0.7957,network,0,0
Assurbanipal,0x120ae,6,0.7202,0.8075,skeleton,0,0
Assurbanipal,0x120ae,7,0.4187,0.4187,skeleton,0,0
Assurbanipal,0x120ae,8,0.5631,0.7086,network,0,0
Assurbanipal,0x120ae,9,0.7066,0.8447,network,0,0
Assurbanipal,0x120ae,10,0.8376,0.9167,network,0,0
Assurbanipal,0x120ae,11,0.201,0.941,network,0,0
Assurbanipal,0x120ae,12,0.859,0.9531,network,0,0
Assurbanipal,0x120ae,13,0.8117,0.9337,network,0,0
Assurbanipal,0x120ae,14,0.5005,0.7596,network,0,0
Assurbanipal,0x120af,1,0.6697,0.721,network,0,0
Assurbanipal,0x120af,2,0.5931,0.7988,skeleton,0,0
Assurbanipal,0x120af,3,0.6011,0.8363,network,0,0
Assurbanipal,0x120af,4,0.7585,0.7756,skeleton,0,0
Assurbanipal,0x120af,5,0.7307,0.7931,network,0,0
Assurbanipal,0x120af,6,0.5931,0.7915,network,0,0
Assurbanipal,0x120af,7,0.6229,0.6667,skeleton,0,0
Assurbanipal,0x120af,8,0.577,0.8732,skeleton,0,0
Assurbanipal,0x120af,9,0.5761,0.8117,skeleton,0,0
Assurbanipal,0x120af,10,0.6348,0.8808,network,0,0
Assurbanipal,0x120af,11,0.847,0.847,network,0,0
Assurbanipal,0x120af,12,0.7571,0.9047,network,0,0
Assurbanipal,0x120af,13,0.6229,0.8594,network,0,0
Assurbanipal,0x120af,14,0.6901,0.8779,network,0,0
Assurbanipal,0x120b0,1,0.6813,0.711,network,0,0
Assurbanipal,0x120b0,2,0.5646,0.7146,skeleton,0,0
Assurbanipal,0x120b0,3,0.6183,0.8688,network,0,0
Assurbanipal,0x120b0,4,0.7383,0.7383,skeleton,0,0
Assurbanipal,0x120b0,5,0.7311,0.8056,network,0,0
Assurbanipal,0x120b0,6,0.5646,0.8256,skeleton,0,0
Assurbanipal,0x120b0,7,0.5993,0.8013,skeleton,0,0
Assurbanipal,0x120b0,8,0.6456,0.801,network,0,0
Assurbanipal,0x120b0,9,0.0021,0.6206,network,0,0
Assurbanipal,0x120b0,10,0.6091,0.696,network,0,0
Assurbanipal,0x120b0,11,0.4824,0.7886,network,0,0
Assurbanipal,0x120b0,12,0.7276,0.7379,network,0,0
Assurbanipal,0x120b1,1,0.5789,0.7398,skeleton,0,0
Assurbanipal,0x120b1,2,0.6562,0.7233,network,0,0
Assurbanipal,0x120b1,3,0.5699,0.8457,network,0,0
Assurbanipal,0x120b1,4,0.7166,0.7166,skeleton,0,0
Assurbanipal,0x120b1,5,0.7341,0.8447,network,0,0
Assurbanipal,0x120b1,6,0.5789,0.862,network,0,0
Assurbanipal,0x120b1,7,0.05,0.5083,skeleton,0,1
Assurbanipal,0x120b1,8,0.6049,0.9205,network,0,0
Assurbanipal,0x120b1,9,0.2844,0.6749,skeleton,0,0
Assurbanipal,0x120b1,10,0.05,0.9593,skeleton,0,1
Assurbanipal,0x120b1,11,0.7876,0.8926,network,0,0
Assurbanipal,0x120b1,12,0.4615,0.7813,skeleton,0,0
Assurbanipal,0x120b1,13,0.7708,0.8697,network,0,0
Assurbanipal,0x120b1,14,0.6658,0.8697,network,0,0
Assurbanipal,0x120b1,15,0.3596,0.9255,skeleton,0,0
Assurbanipal,0x120b1,16,0.0001,0.6637,network,1,0
Assurbanipal,0x120b1,17,0.8387,0.906,network,0,0
Assurbanipal,0x120b1,18,0.6901,0.8991,network,0,0
Assurbanipal,0x120b1,19,0.05,0.8549,skeleton,1,1
Assurbanipal,0x120b2,1,0.6876,0.7405,network,0,0
Assurbanipal,0x120b2,2,0.0062,0.7853,network,0,0
Assurbanipal,0x120b2,3,0.6072,0.8379,network,0,0
Assurbanipal,0x120b2,4,0.7776,0.7776,network,0,0
Assurbanipal,0x120b2,5,0.7495,0.8256,network,0,0
Assurbanipal,0x120b2,6,0.696,0.787,skeleton,0,0
Assurbanipal,0x120b2,7,0.0054,0.8331,network,0,0
Assurbanipal,0x120b2,8,0.4971,0.8582,skeleton,0,0
Assurbanipal,0x120b2,9,0.7284,0.7284,skeleton,0,0
Assurbanipal,0x120b2,10,0.4693,0.8937,skeleton,0,0
Assurbanipal,0x120b2,11,0.7322,0.7322,network,0,0
Assurbanipal,0x120b2,12,0.8245,0.8808,skeleton,0,0
Assurbanipal,0x120b2,13,0.7194,0.9127,network,0,0
Assurbanipal,0x120b2,14,0.8941,0.8941,network,0,0
Assurbanipal,0x120b2,15,0.6689,0.8245,network,0,0
Assurbanipal,0x120b3,1,0.6843,0.7082,network,0,0
Assurbanipal,0x120b3,2,0.5443,0.7334,skeleton,0,0
Assurbanipal,0x120b3,3,0.6007,0.8421,network,0,0
Assurbanipal,0x120b3,4,0.7476,0.7476,skeleton,0,0
Assurbanipal,0x120b3,5,0.7249,0.7905,network,0,0
Assurbanipal,0x120b3,6,0.5443,0.78,network,0,0
Assurbanipal,0x120b3,7,0.6438,0.7589,skeleton,0,0
Assurbanipal,0x120b3,8,0.6684,0.7931,network,0,0
Assurbanipal,0x120b3,9,0.6567,0.8648,skeleton,0,0
Assurbanipal,0x120b3,10,0.2498,0.7038,skeleton,0,0
Assurbanipal,0x120b3,11,0.7476,0.8613,network,0,0
Assurbanipal,0x120b3,12,0.5699,0.848,network,0,0
Assurbanipal,0x120b3,13,0.6058,0.8895,network,0,0
Assurbanipal,0x120b3,14,0.0,0.7694,network,0,1
Assurbanipal,0x120b3,15,0.0035,0.8876,network,0,0
Assurbanipal,0x120b3,16,0.7264,0.8568,skeleton,0,0
Assurbanipal,0x120b4,1,0.6505,0.7291,skeleton,0,0
Assurbanipal,0x120b4,2,0.5409,0.7863,skeleton,0,0
Assurbanipal,0x120b4,3,0.577,0.8273,skeleton,0,0
Assurbanipal,0x120b4,4,0.7038,0.8423,network,0,0
Assurbanipal,0x120b4,5,0.5718,0.6855,network,0,0
Assurbanipal,0x120b4,6,0.7038,0.8697,skeleton,0,0
Assurbanipal,0x120b4,7,0.5818,0.6527,skeleton,0,0
Assurbanipal,0x120b4,8,0.0623,0.7746,network,0,0
Assurbanipal,0x120b4,9,0.6225,0.8155,network,0,0
Assurbanipal,0x120b4,10,0.5297,0.8634,network,0,0
Assurbanipal,0x120b4,11,0.6868,0.7793,network,0,0
Assurbanipal,0x120b6,1,0.0259,0.9244,skeleton,0,0
Assurbanipal,0x120b6,2,0.5535,0.9442,network,0,0
Assurbanipal,0x120b6,3,0.6025,0.8771,skeleton,0,0
Assurbanipal,0x120b6,4,0.5908,0.8933,network,0,0
Assurbanipal,0x120b6,5,0.6234,0.9419,network,0,0
Assurbanipal,0x120b6,6,0.1889,0.8416,network,0,0
Assurbanipal,0x120b6,7,0.3935,0.3935,skeleton,0,0
Assurbanipal,0x120b6,8,0.6261,0.7749,skeleton,0,0
Assurbanipal,0x120b6,9,0.7402,0.9194,network,0,0
Assurbanipal,0x120b6,10,0.0702,0.8804,network,0,0
Assurbanipal,0x120b7,1,0.7582,0.809,network,0,0
Assurbanipal,0x120b7,2,0.698,0.7659,network,0,0
Assurbanipal,0x120b7,3,0.8573,0.8573,network,0,0
Assurbanipal,0x120b7,4,0.8648,0.8907,network,0,0
Assurbanipal,0x120b7,5,0.7106,0.7866,network,0,0
Assurbanipal,0x120b8,1,0.6393,0.7217,skeleton,0,0
Assurbanipal,0x120b8,2,0.847,0.8719,network,0,0
Assurbanipal,0x120b8,3,0.05,0.4562,network,0,1
Assurbanipal,0x120b8,4,0.713,0.9155,network,0,0
Assurbanipal,0x120b8,5,0.4099,0.4099,skeleton,0,0
Assurbanipal,0x120b8,6,0.1645,0.6379,network,0,0
Assurbanipal,0x120b8,7,0.707,0.9329,network,0,0
Assurbanipal,0x120b8,8,0.014,0.9386,network,0,0
Assurbanipal,0x120b8,9,0.2379,0.884,skeleton,0,0
Assurbanipal,0x120b8,10,0.0424,0.428,network,0,0
Assurbanipal,0x120b8,11,0.4078,0.937,network,0,0
Assurbanipal,0x120b8,12,0.7982,0.9099,network,0,0
Assurbanipal,0x120b8,13,0.4956,0.8135,skeleton,0,0
Assurbanipal,0x120b8,14,0.1025,0.9271,skeleton,0,0
Assurbanipal,0x120b8,15,0.1226,0.4888,network,0,0
Assurbanipal,0x120b8,16,0.7106,0.7106,network,0,0
Assurbanipal,0x120b8,17,0.3113,0.519,network,0,0
Assurbanipal,0x120b8,18,0.7162,0.9002,network,0,0
Assurbanipal,0x120ba,1,0.6225,0.752,skeleton,0,0
Assurbanipal,0x120ba,2,0.0081,0.8629,network,0,0
Assurbanipal,0x120ba,3,0.849,0.8524,network,0,0
Assurbanipal,0x120ba,4,0.721,0.9361,network,0,0
Assurbanipal,0x120ba,5,0.5063,0.8306,skeleton,0,0
Assurbanipal,0x120ba,6,0.6864,0.6864,network,0,0
Assurbanipal,0x120ba,7,0.0003,0.6334,network,0,0
Assurbanipal,0x120ba,8,0.8038,0.9143,network,0,0
Assurbanipal,0x120ba,9,0.7256,0.9239,network,0,0
Assurbanipal,0x120ba,10,0.6429,0.8164,network,0,0
Assurbanipal,0x120ba,11,0.739,0.7909,network,0,0
Assurbanipal,0x120bd,1,0.6411,0.7705,skeleton,0,0
Assurbanipal,0x120bd,2,0.0062,0.8295,network,0,0
Assurbanipal,0x120bd,3,0.8457,0.8812,network,0,0
Assurbanipal,0x120bd,4,0.8069,0.8998,network,0,0
Assurbanipal,0x120bd,5,0.5229,0.6105,network,0,0
Assurbanipal,0x120bd,6,0.6993,0.7078,network,0,0
Assurbanipal,0x120be,1,0.0076,0.7567,network,0,0
Assurbanipal,0x120be,2,0.0061,0.8615,network,0,0
Assurbanipal,0x120be,3,0.8222,0.8222,network,0,0
Assurbanipal,0x120be,4,0.882,0.9158,network,0,0
Assurbanipal,0x120be,5,0.5756,0.8392,skeleton,0,0
Assurbanipal,0x120be,6,0.199,0.7753,network,0,0
Assurbanipal,0x120be,7,0.5818,0.8193,network,0,0
Assurbanipal,0x120be,8,0.0008,0.9143,network,0,0
Assurbanipal,0x120be,9,0.5288,0.908,network,0,0
Assurbanipal,0x120be,10,0.5823,0.7432,network,0,0
Assurbanipal,0x120be,11,0.5823,0.7994,network,0,0
Assurbanipal,0x120be,12,0.5931,0.871,network,0,0
Assurbanipal,0x120be,13,0.7567,0.9033,network,0,0
Assurbanipal,0x120be,14,0.7106,0.8053,network,0,0
Assurbanipal,0x120bf,1,0.6316,0.7178,skeleton,0,0
Assurbanipal,0x120bf,2,0.0065,0.8492,network,0,0
Assurbanipal,0x120bf,3,0.8278,0.8952,network,0,0
Assurbanipal,0x120bf,4,0.8193,0.9182,network,0,0
Assurbanipal,0x120bf,5,0.3422,0.7621,network,0,0
Assurbanipal,0x120bf,6,0.0142,0.5472,network,1,0
Assurbanipal,0x120bf,7,0.691,0.8582,network,0,0
Assurbanipal,0x120c2,1,0.5742,0.7495,skeleton,0,0
Assurbanipal,0x120c2,2,0.05,0.7349,network,0,1
Assurbanipal,0x120c2,3,0.848,0.8929,network,0,0
Assurbanipal,0x120c2,4,0.8952,0.9143,network,0,0
Assurbanipal,0x120c2,5,0.7542,0.7896,network,0,0
Assurbanipal,0x120c2,6,0.7749,0.7749,network,0,0
Assurbanipal,0x120c2,7,0.5107,0.8534,skeleton,0,0
Assurbanipal,0x120c2,8,0.6702,0.8791,network,0,0
Assurbanipal,0x120c2,9,0.002,0.8613,network,0,0
Assurbanipal,0x120c2,10,0.05,0.8179,network,1,1
Assurbanipal,0x120c2,11,0.05,0.8193,skeleton,0,1
Assurbanipal,0x120c2,12,0.348,0.9109,network,0,0
Assurbanipal,0x120c2,13,0.05,0.7506,network,0,1
Assurbanipal,0x120c2,14,0.0069,0.9244,network,0,0
Assurbanipal,0x120c2,15,0.6593,0.871,network,0,0
Assurbanipal,0x120c2,16,0.4407,0.9417,network,0,0
Assurbanipal,0x120c2,17,0.819,0.8193,network,0,0
Assurbanipal,0x120c2,18,0.6275,0.8047,skeleton,0,0
Assurbanipal,0x120c2,19,0.6926,0.882,network,0,0
Assurbanipal,0x120c3,1,0.4369,0.745,skeleton,0,0
Assurbanipal,0x120c3,2,0.0004,0.851,network,0,0
Assurbanipal,0x120c3,3,0.8549,0.8556,network,0,0
Assurbanipal,0x120c3,4,0.8549,0.9258,network,0,0
Assurbanipal,0x120c3,5,0.0094,0.8431,network,0,0
Assurbanipal,0x120c3,6,0.0211,0.8047,network,0,0
Assurbanipal,0x120c3,7,0.2604,0.7428,skeleton,0,0
Assurbanipal,0x120c3,8,0.0188,0.7905,skeleton,0,0
Assurbanipal,0x120c3,9,0.6792,0.8977,network,0,0
Assurbanipal,0x120c3,10,0.6491,0.8532,network,0,0
Assurbanipal,0x120c3,11,0.6702,0.8275,network,0,0
Assurbanipal,0x120c4,1,0.5024,0.715,skeleton,0,0
Assurbanipal,0x120c4,2,0.6976,0.8779,network,0,0
Assurbanipal,0x120c4,3,0.8444,0.8639,network,0,0
Assurbanipal,0x120c4,4,0.8754,0.9131,network,0,0
Assurbanipal,0x120c4,5,0.7058,0.8828,network,0,0
Assurbanipal,0x120c4,6,0.768,0.796,network,0,0
Assurbanipal,0x120c4,7,0.577,0.8515,network,0,0
Assurbanipal,0x120c4,8,0.707,0.7353,network,0,0
Assurbanipal,0x120c4,9,0.7585,0.8242,network,0,0
Assurbanipal,0x120c4,10,0.7206,0.8944,network,0,0
Assurbanipal,0x120c5,1,0.2458,0.7873,skeleton,0,0
Assurbanipal,0x120c5,2,0.6723,0.8544,skeleton,0,0
Assurbanipal,0x120c5,3,0.8449,0.8449,network,0,0
Assurbanipal,0x120c5,4,0.7166,0.9016,skeleton,0,0
Assurbanipal,0x120c5,5,0.6505,0.8648,network,0,0
Assurbanipal,0x120c5,6,0.0764,0.9176,skeleton,0,0
Assurbanipal,0x120c5,7,0.434,0.9339,network,0,0
Assurbanipal,0x120c5,8,0.0267,0.8749,network,0,0
Assurbanipal,0x120c5,9,0.0679,0.7174,network,0,0
Assurbanipal,0x120c5,10,0.304,0.8311,network,0,0
Assurbanipal,0x120c5,11,0.1069,0.9624,network,0,0
Assurbanipal,0x120c5,12,0.7318,0.8522,skeleton,0,0
Assurbanipal,0x120c6,1,0.5083,0.7253,skeleton,0,0
Assurbanipal,0x120c6,2,0.6766,0.7094,skeleton,0,0
Assurbanipal,0x120c6,3,0.8164,0.8568,network,0,0
Assurbanipal,0x120c6,4,0.8426,0.8426,network,0,0
Assurbanipal,0x120c6,5,0.0,0.8333,network,0,1
Assurbanipal,0x120c6,6,0.5684,0.7663,network,0,0
Assurbanipal,0x120c6,7,0.6964,0.7925,skeleton,0,0
Assurbanipal,0x120c6,8,0.5429,0.8328,skeleton,0,0
Assurbanipal,0x120c6,9,0.7817,0.7817,network,0,0
Assurbanipal,0x120c6,10,0.6549,0.7428,network,0,0
Assurbanipal,0x120c6,11,0.6442,0.8117,network,0,0
Assurbanipal,0x120c6,12,0.6442,0.8339,skeleton,0,0
Assurbanipal,0x120c6,13,0.6728,0.8022,network,0,0
Assurbanipal,0x120c8,1,0.5636,0.7284,skeleton,0,0
Assurbanipal,0x120c8,2,0.0172,0.6637,network,0,0
Assurbanipal,0x120c8,3,0.8465,0.888,network,0,0
Assurbanipal,0x120c8,4,0.8459,0.9063,network,0,0
Assurbanipal,0x120c8,5,0.0093,0.683,network,0,0
Assurbanipal,0x120c8,6,0.3849,0.939,network,0,0
Assurbanipal,0x120c8,7,0.5215,0.7379,network,0,0
Assurbanipal,0x120c8,8,0.0964,0.8507,network,0,0
Assurbanipal,0x120c8,9,0.5346,0.8639,network,0,0
Assurbanipal,0x120c8,10,0.6838,0.8926,network,0,0
Assurbanipal,0x120c8,11,0.0272,0.8922,network,0,1
Assurbanipal,0x120c8,12,0.119,0.8019,network,0,0
Assurbanipal,0x120c8,13,0.2411,0.9442,skeleton,0,0
Assurbanipal,0x120c8,14,0.8868,0.9365,network,0,0
Assurbanipal,0x120c8,15,0.7042,0.9271,network,0,0
Assurbanipal,0x120c8,16,0.7879,0.9244,network,0,0
Assurbanipal,0x120c8,17,0.0082,0.5689,network,0,0
Assurbanipal,0x120c8,18,0.7098,0.8505,network,0,0
Assurbanipal,0x120c9,1,0.5865,0.8196,skeleton,0,0
Assurbanipal,0x120c9,2,0.0065,0.8643,network,0,0
Assurbanipal,0x120c9,3,0.8333,0.8333,network,0,0
Assurbanipal,0x120c9,4,0.8597,0.9173,network,0,0
Assurbanipal,0x120c9,5,0.6955,0.8405,network,0,0
Assurbanipal,0x120c9,6,0.6947,0.8505,network,0,0
Assurbanipal,0x120c9,7,0.6719,0.7033,network,0,0
Assurbanipal,0x120c9,8,0.7166,0.8973,skeleton,0,0
Assurbanipal,0x120c9,9,0.5511,0.8884,network,0,0
Assurbanipal,0x120c9,10,0.711,0.7843,network,0,0
Assurbanipal,0x120ca,1,0.6293,0.779,skeleton,0,0
Assurbanipal,0x120ca,2,0.0081,0.8929,network,0,0
Assurbanipal,0x120ca,3,0.8167,0.8808,network,0,0
Assurbanipal,0x120ca,4,0.8026,0.8944,network,0,0
Assurbanipal,0x120ca,5,0.0127,0.8926,network,0,1
Assurbanipal,0x120ca,6,0.2144,0.9023,skeleton,0,0
Assurbanipal,0x120ca,7,0.0029,0.9073,skeleton,0,0
Assurbanipal,0x120ca,8,0.3455,0.3455,skeleton,0,0
Assurbanipal,0x120ca,9,0.1953,0.5224,network,0,0
Assurbanipal,0x120ca,10,0.4834,0.7691,network,0,0
Assurbanipal,0x120ca,11,0.5574,0.9185,network,0,0
Assurbanipal,0x120ca,12,0.0017,0.4596,skeleton,0,0
Assurbanipal,0x120ca,13,0.768,0.8041,skeleton,0,0
Assurbanipal,0x120ca,14,0.578,0.8199,network,0,0
Assurbanipal,0x120ca,15,0.05,0.9522,skeleton,1,1
Assurbanipal,0x120ca,16,0.4102,0.871,network,0,0
Assurbanipal,0x120ca,17,0.698,0.8292,network,0,0
Assurbanipal,0x120cb,1,0.6545,0.7746,skeleton,0,0
Assurbanipal,0x120cb,2,0.05,0.8661,network,0,1
Assurbanipal,0x120cb,3,0.8069,0.8395,network,0,0
Assurbanipal,0x120cb,4,0.886,0.8872,network,0,0
Assurbanipal,0x120cb,5,0.6123,0.867,network,0,0
Assurbanipal,0x120cb,6,0.4737,0.8333,skeleton,0,0
Assurbanipal,0x120cb,7,0.6384,0.9194,skeleton,0,0
Assurbanipal,0x120cb,8,0.7472,0.8652,network,0,0
Assurbanipal,0x120cb,9,0.6939,0.9339,network,0,0
Assurbanipal,0x120cb,10,0.6602,0.8222,network,0,0
Assurbanipal,0x120cb,11,0.6762,0.852,skeleton,0,0
Assurbanipal,0x120cc,1,0.6741,0.886,skeleton,0,0
Assurbanipal,0x120cc,2,0.6715,0.8135,skeleton,0,0
Assurbanipal,0x120cc,3,0.8078,0.8876,network,0,0
Assurbanipal,0x120cc,4,0.8368,0.8981,network,0,0
Assurbanipal,0x120cc,5,0.8527,0.9252,network,0,0
Assurbanipal,0x120cc,6,0.4158,0.9194,network,0,0
Assurbanipal,0x120cc,7,0.7793,0.9499,network,0,0
Assurbanipal,0x120cc,8,0.5564,0.9384,network,0,0
Assurbanipal,0x120cc,9,0.7487,0.8679,network,0,0
Assurbanipal,0x120cd,1,0.6357,0.726,skeleton,0,0
Assurbanipal,0x120cd,2,0.001,0.8306,network,0,0
Assurbanipal,0x120cd,3,0.8442,0.8762,network,0,0
Assurbanipal,0x120cd,4,0.8771,0.9112,network,0,0
Assurbanipal,0x120cd,5,0.7833,0.8117,network,0,0
Assurbanipal,0x120cd,6,0.642,0.8981,network,0,0
Assurbanipal,0x120cd,7,0.595,0.8575,network,0,0
Assurbanipal,0x120cd,8,0.4673,0.8745,network,0,0
Assurbanipal,0x120cd,9,0.2898,0.6741,network,0,0
Assurbanipal,0x120cd,10,0.7291,0.7291,network,0,0
Assurbanipal,0x120cd,11,0.4031,0.9365,network,0,0
Assurbanipal,0x120cd,12,0.7879,0.8706,network,0,0
Assurbanipal,0x120ce,1,0.3657,0.8336,skeleton,0,0
Assurbanipal,0x120ce,2,0.7663,0.8684,network,0,0
Assurbanipal,0x120ce,3,0.5751,0.5751,skeleton,0,0
Assurbanipal,0x120ce,4,0.8167,0.9096,network,0,0
Assurbanipal,0x120ce,5,0.6114,0.6637,skeleton,0,0
Assurbanipal,0x120ce,6,0.6109,0.8639,network,0,0
Assurbanipal,0x120ce,7,0.6293,0.8179,network,0,0
Assurbanipal,0x120ce,8,0.555,0.906,network,0,0
Assurbanipal,0x120ce,9,0.4024,0.7599,network,0,0
Assurbanipal,0x120ce,10,0.6602,0.8587,network,0,0
Assurbanipal,0x120ce,11,0.4927,0.9618,network,0,0
Assurbanipal,0x120ce,12,0.7635,0.8138,network,0,0
Assurbanipal,0x120d0,1,0.7687,0.8758,network,0,0
Assurbanipal,0x120d0,2,0.0044,0.6109,network,0,0
Assurbanipal,0x120d0,3,0.6188,0.7509,skeleton,0,0
Assurbanipal,0x120d0,4,0.7928,0.9118,network,0,0
Assurbanipal,0x120d0,5,0.0002,0.8661,network,0,1
Assurbanipal,0x120d0,6,0.3322,0.8895,skeleton,0,0
Assurbanipal,0x120d0,7,0.8309,0.8944,network,0,0
Assurbanipal,0x120d0,8,0.5404,0.907,network,0,0
Assurbanipal,0x120d0,9,0.2728,0.9089,network,0,0
Assurbanipal,0x120d0,10,0.6225,0.9312,network,0,0
Assurbanipal,0x120d0,11,0.0302,0.9317,network,0,0
Assurbanipal,0x120d0,12,0.6758,0.9384,network,0,0
Assurbanipal,0x120d0,13,0.7114,0.9219,network,0,0
Assurbanipal,0x120d0,14,0.0002,0.9499,network,0,1
Assurbanipal,0x120d0,15,0.7264,0.862,network,0,0
Assurbanipal,0x120d0,16,0.3858,0.8374,network,0,0
Assurbanipal,0x120d0,17,0.6943,0.8702,network,0,0
Assurbanipal,0x120d1,1,0.012,0.7495,network,0,0
Assurbanipal,0x120d1,2,0.0228,0.5453,network,0,0
Assurbanipal,0x120d1,3,0.8187,0.8551,network,0,0
Assurbanipal,0x120d1,4,0.8615,0.8852,network,0,0
Assurbanipal,0x120d1,5,0.5453,0.9205,skeleton,0,0
Assurbanipal,0x120d1,6,0.0079,0.4511,skeleton,0,0
Assurbanipal,0x120d1,7,0.0387,0.54,skeleton,0,0
Assurbanipal,0x120d1,8,0.7368,0.847,network,0,0
Assurbanipal,0x120d1,9,0.3621,0.9214,network,0,0
Assurbanipal,0x120d1,10,0.0571,0.8193,network,0,0
Assurbanipal,0x120d1,11,0.0004,0.321,skeleton,0,0
Assurbanipal,0x120d1,12,0.3277,0.8447,network,0,0
Assurbanipal,0x120d1,13,0.05,0.6188,network,0,1
Assurbanipal,0x120d1,14,0.6658,0.784,skeleton,0,0
Assurbanipal,0x120d1,15,0.7823,0.8973,network,0,0
Assurbanipal,0x120d1,16,0.7823,0.907,network,0,0
Assurbanipal,0x120d1,17,0.4066,0.8775,network,0,0
Assurbanipal,0x120d1,18,0.05,0.9158,skeleton,0,1
Assurbanipal,0x120d1,19,0.4902,0.9149,network,0,0
Assurbanipal,0x120d1,20,0.5554,0.8888,network,0,0
Assurbanipal,0x120d1,21,0.6684,0.8457,network,0,0
Assurbanipal,0x120d1,22,0.0048,0.8253,network,0,0
Assurbanipal,0x120d1,23,0.7356,0.8914,network,0,0
Assurbanipal,0x120d3,1,0.0017,0.6736,network,0,0
Assurbanipal,0x120d3,2,0.6183,0.7827,skeleton,0,0
Assurbanipal,0x120d3,3,0.8459,0.8693,network,0,0
Assurbanipal,0x120d3,4,0.8578,0.903,network,0,0
Assurbanipal,0x120d3,5,0.1543,0.9358,network,0,0
Assurbanipal,0x120d3,6,0.6361,0.906,network,0,0
Assurbanipal,0x120d3,7,0.408,0.9255,skeleton,0,0
Assurbanipal,0x120d3,8,0.785,0.8736,network,0,0
Assurbanipal,0x120d3,9,0.8336,0.8336,network,0,0
Assurbanipal,0x120d3,10,0.7025,0.8791,network,0,0
Assurbanipal,0x120d3,11,0.595,0.8639,network,0,0
Assurbanipal,0x120d3,12,0.7094,0.8666,network,0,0
Assurbanipal,0x120d4,1,0.6397,0.6822,skeleton,0,0
Assurbanipal,0x120d4,2,0.8771,0.8864,network,0,0
Assurbanipal,0x120d4,3,0.0076,0.4402,network,0,0
Assurbanipal,0x120d4,4,0.8146,0.9016,skeleton,0,0
Assurbanipal,0x120d4,5,0.1851,0.8472,network,0,0
Assurbanipal,0x120d4,6,0.2956,0.7902,network,0,0
Assurbanipal,0x120d4,7,0.1353,0.8284,skeleton,0,0
Assurbanipal,0x120d4,8,0.0833,0.8944,network,0,0
Assurbanipal,0x120d4,9,0.603,0.8604,network,0,0
Assurbanipal,0x120d4,10,0.05,0.962,skeleton,0,1
Assurbanipal,0x120d4,11,0.777,0.9339,network,0,0
Assurbanipal,0x120d4,12,0.4557,0.8554,skeleton,0,0
Assurbanipal,0x120d4,13,0.2048,0.9392,skeleton,0,0
Assurbanipal,0x120d4,14,0.7233,0.8868,network,0,0
Assurbanipal,0x120d4,15,0.7233,0.8732,skeleton,0,0
Assurbanipal,0x120d4,16,0.0057,0.5063,network,0,0
Assurbanipal,0x120d4,17,0.8941,0.8977,network,0,0
Assurbanipal,0x120d4,18,0.409,0.9002,network,0,0
Assurbanipal,0x120d4,19,0.6527,0.8661,network,0,0
Assurbanipal,0x120d5,1,0.6095,0.761,skeleton,0,0
Assurbanipal,0x120d5,2,0.6939,0.8688,skeleton,0,0
Assurbanipal,0x120d5,3,0.8376,0.8715,network,0,0
Assurbanipal,0x120d5,4,0.8539,0.906,network,0,0
Assurbanipal,0x120d5,5,0.6876,0.8706,network,0,0
Assurbanipal,0x120d5,6,0.5433,0.8684,network,0,0
Assurbanipal,0x120d5,7,0.6086,0.8629,network,0,0
Assurbanipal,0x120d5,8,0.0062,0.9504,network,0,0
Assurbanipal,0x120d5,9,0.6939,0.9134,network,0,0
Assurbanipal,0x120d5,10,0.6745,0.9508,network,0,0
Assurbanipal,0x120d5,11,0.7253,0.8384,skeleton,0,0
Assurbanipal,0x120d6,1,0.6589,0.7899,skeleton,0,0
Assurbanipal,0x120d6,2,0.0083,0.7803,network,0,0
Assurbanipal,0x120d6,3,0.8035,0.8465,network,0,0
Assurbanipal,0x120d6,4,0.8741,0.9191,network,0,0
Assurbanipal,0x120d6,5,0.2349,0.8155,skeleton,0,0
Assurbanipal,0x120d6,6,0.01,0.8852,network,0,0
Assurbanipal,0x120d6,7,0.7866,0.7866,network,0,0
Assurbanipal,0x120d6,8,0.6035,0.8556,network,0,0
Assurbanipal,0x120d6,9,0.0008,0.6266,network,0,1
Assurbanipal,0x120d6,10,0.6118,0.7571,skeleton,0,0
Assurbanipal,0x120d6,11,0.8047,0.9294,skeleton,0,0
Assurbanipal,0x120d6,12,0.6906,0.8126,network,0,0
Assurbanipal,0x120d7,1,0.8259,0.8984,network,0,0
Assurbanipal,0x120d7,2,0.6736,0.6914,skeleton,0,0
Assurbanipal,0x120d7,3,0.0021,0.7206,network,0,0
Assurbanipal,0x120d7,4,0.8457,0.9297,network,0,0
Assurbanipal,0x120d7,5,0.7337,0.8001,network,0,0
Assurbanipal,0x120d7,6,0.2037,0.8561,skeleton,0,0
Assurbanipal,0x120d7,7,0.0001,0.7284,skeleton,0,0
Assurbanipal,0x120d7,8,0.3661,0.9127,network,0,0
Assurbanipal,0x120d7,9,0.7276,0.8998,network,0,0
Assurbanipal,0x120d7,10,0.05,0.7299,network,0,1
Assurbanipal,0x120d7,11,0.1007,0.867,network,0,0
Assurbanipal,0x120d7,12,0.3723,0.3723,network,0,0
Assurbanipal,0x120d7,13,0.6606,0.9442,network,0,0
Assurbanipal,0x120d7,14,0.6567,0.8907,network,0,0
Assurbanipal,0x120d7,15,0.7241,0.7241,network,0,0
Assurbanipal,0x120d8,1,0.5722,0.8355,network,0,0
Assurbanipal,0x120d8,2,0.7154,0.8295,skeleton,0,0
Assurbanipal,0x120d8,3,0.8056,0.8056,network,0,0
Assurbanipal,0x120d8,4,0.8256,0.8903,network,0,0
Assurbanipal,0x120d8,5,0.4571,0.908,skeleton,0,0
Assurbanipal,0x120d8,6,0.3143,0.8661,skeleton,0,0
Assurbanipal,0x120d8,7,0.5722,0.9093,skeleton,0,0
Assurbanipal,0x120d8,8,0.7732,0.7732,network,0,0
Assurbanipal,0x120d9,1,0.2422,0.6813,skeleton,0,0
Assurbanipal,0x120d9,2,0.616,0.8559,skeleton,0,0
Assurbanipal,0x120d9,3,0.8408,0.8408,network,0,0
Assurbanipal,0x120d9,4,0.8578,0.8895,network,0,0
Assurbanipal,0x120d9,5,0.3471,0.7863,network,0,0
Assurbanipal,0x120d9,6,0.6906,0.7454,skeleton,0,0
Assurbanipal,0x120d9,7,0.0335,0.8138,network,0,0
Assurbanipal,0x120d9,8,0.7476,0.8333,network,0,0
Assurbanipal,0x120db,1,0.6632,0.7198,skeleton,0,0
Assurbanipal,0x120db,2,0.0008,0.6118,network,0,0
Assurbanipal,0x120db,3,0.8397,0.8959,network,0,0
Assurbanipal,0x120db,4,0.8295,0.8872,network,0,0
Assurbanipal,0x120db,5,0.4961,0.8322,skeleton,0,0
Assurbanipal,0x120db,6,0.7186,0.8959,network,0,0
Assurbanipal,0x120db,7,0.7345,0.8824,network,0,0
Assurbanipal,0x120db,8,0.7585,0.8766,network,0,0
Assurbanipal,0x120db,9,0.7972,0.9342,network,0,0
Assurbanipal,0x120db,10,0.7614,0.862,network,0,0
Assurbanipal,0x120db,11,0.752,0.752,skeleton,0,0
Assurbanipal,0x120db,12,0.6968,0.8546,network,0,0
Assurbanipal,0x120dc,1,0.5908,0.7322,skeleton,0,0
Assurbanipal,0x120dc,2,0.05,0.6872,network,0,1
Assurbanipal,0x120dc,3,0.8325,0.8661,network,0,0
Assurbanipal,0x120dc,4,0.8728,0.9161,network,0,0
Assurbanipal,0x120dc,5,0.6584,0.8723,network,0,0
Assurbanipal,0x120dc,6,0.7527,0.9363,network,0,0
Assurbanipal,0x120dc,7,0.719,0.7963,network,0,0
Assurbanipal,0x120dc,8,0.4668,0.9214,skeleton,0,0
Assurbanipal,0x120dc,9,0.6402,0.8948,network,0,0
Assurbanipal,0x120dc,10,0.7202,0.9252,network,0,0
Assurbanipal,0x120dc,11,0.4917,0.9086,network,0,0
Assurbanipal,0x120dc,12,0.6984,0.8952,network,0,0
Assurbanipal,0x120dc,13,0.7013,0.8454,network,0,0
Assurbanipal,0x120de,1,0.0075,0.9009,network,0,0
Assurbanipal,0x120de,2,0.658,0.7311,skeleton,0,0
Assurbanipal,0x120de,3,0.795,0.8594,network,0,0
Assurbanipal,0x120de,4,0.8561,0.8728,network,0,0
Assurbanipal,0x120de,5,0.4352,0.8075,skeleton,0,0
Assurbanipal,0x120de,6,0.6007,0.8911,network,0,0
Assurbanipal,0x120de,7,0.7299,0.9149,network,0,0
Assurbanipal,0x120de,8,0.7405,0.932,skeleton,0,0
Assurbanipal,0x120de,9,0.0003,0.9093,network,1,1
Assurbanipal,0x120de,10,0.3418,0.8783,network,0,0
Assurbanipal,0x120de,11,0.1694,0.9305,skeleton,1,0
Assurbanipal,0x120de,12,0.6549,0.8349,skeleton,0,0
Assurbanipal,0x120df,1,0.0072,0.8911,network,0,0
Assurbanipal,0x120df,2,0.6817,0.7642,skeleton,0,0
Assurbanipal,0x120df,3,0.8487,0.8537,network,0,0
Assurbanipal,0x120df,4,0.8416,0.9222,network,0,0
Assurbanipal,0x120df,5,0.8035,0.836,network,0,0
Assurbanipal,0x120df,6,0.5409,0.9634,network,0,0
Assurbanipal,0x120df,7,0.4446,0.756,skeleton,0,0
Assurbanipal,0x120df,8,0.6311,0.8981,network,0,0
Assurbanipal,0x120df,9,0.6663,0.9185,network,0,0
Assurbanipal,0x120df,10,0.7318,0.7318,network,0,0
Assurbanipal,0x120e0,1,0.6011,0.745,skeleton,0,0
Assurbanipal,0x120e0,2,0.05,0.9063,network,0,1
Assurbanipal,0x120e0,3,0.8129,0.8529,network,0,0
Assurbanipal,0x120e0,4,0.8314,0.8575,network,0,0
Assurbanipal,0x120e0,5,0.5804,0.5804,skeleton,0,0
Assurbanipal,0x120e0,6,0.688,0.8998,network,0,0
Assurbanipal,0x120e0,7,0.7502,0.859,network,0,0
Assurbanipal,0x120e0,8,0.6206,0.8289,network,0,0
Assurbanipal,0x120e0,9,0.6671,0.9182,network,0,0
Assurbanipal,0x120e0,10,0.7582,0.7876,network,0,0
Assurbanipal,0x120e1,1,0.05,0.8836,network,0,1
Assurbanipal,0x120e1,2,0.6536,0.7364,skeleton,0,0
Assurbanipal,0x120e1,3,0.821,0.8505,network,0,0
Assurbanipal,0x120e1,4,0.8771,0.9131,network,0,0
Assurbanipal,0x120e1,5,0.7921,0.897,network,0,0
Assurbanipal,0x120e1,6,0.427,0.8459,network,0,0
Assurbanipal,0x120e1,7,0.7921,0.9317,skeleton,0,0
Assurbanipal,0x120e1,8,0.008,0.4083,network,0,0
Assurbanipal,0x120e1,9,0.2836,0.941,network,0,0
Assurbanipal,0x120e1,10,0.05,0.8164,skeleton,0,1
Assurbanipal,0x120e1,11,0.6783,0.9414,skeleton,0,0
Assurbanipal,0x120e1,12,0.6783,0.7982,skeleton,0,0
Assurbanipal,0x120e1,13,0.5675,0.9033,skeleton,0,0
Assurbanipal,0x120e1,14,0.7225,0.8495,network,0,0
Assurbanipal,0x120e1,15,0.6393,0.8032,skeleton,0,0
Assurbanipal,0x120e2,1,0.6817,0.8532,skeleton,0,0
Assurbanipal,0x120e2,2,0.6939,0.7998,skeleton,0,0
Assurbanipal,0x120e2,3,0.8084,0.8791,network,0,0
Assurbanipal,0x120e2,4,0.8922,0.8922,network,0,0
Assurbanipal,0x120e2,5,0.6465,0.7417,network,0,0
Assurbanipal,0x120e2,6,0.5722,0.8158,network,0,0
Assurbanipal,0x120e2,7,0.8026,0.8449,network,0,0
Assurbanipal,0x120e2,8,0.7229,0.7921,network,0,0
Assurbanipal,0x120e3,1,0.2493,0.8454,skeleton,0,0
Assurbanipal,0x120e3,2,0.5607,0.7513,skeleton,0,0
Assurbanipal,0x120e3,3,0.8179,0.85,network,0,0
Assurbanipal,0x120e3,4,0.8524,0.8524,network,0,0
Assurbanipal,0x120e3,5,0.1221,0.8452,skeleton,0,0
Assurbanipal,0x120e3,6,0.0164,0.7398,skeleton,0,0
Assurbanipal,0x120e3,7,0.5703,0.7656,network,0,0
Assurbanipal,0x120e3,8,0.0125,0.8041,network,0,0
Assurbanipal,0x120e3,9,0.7379,0.8311,network,0,0
Assurbanipal,0x120e4,1,0.6584,0.8202,skeleton,0,0
Assurbanipal,0x120e4,2,0.6868,0.8295,skeleton,0,0
Assurbanipal,0x120e4,3,0.7817,0.8477,network,0,0
Assurbanipal,0x120e4,4,0.8475,0.8848,network,0,0
Assurbanipal,0x120e4,5,0.711,0.9047,network,0,0
Assurbanipal,0x120e4,6,0.0014,0.8702,network,0,0
Assurbanipal,0x120e4,7,0.5443,0.8295,skeleton,0,0
Assurbanipal,0x120e4,8,0.4412,0.8196,skeleton,0,0
Assurbanipal,0x120e4,9,0.0075,0.9538,network,0,0
Assurbanipal,0x120e4,10,0.5443,0.906,network,0,0
Assurbanipal,0x120e4,11,0.05,0.9513,skeleton,0,1
Assurbanipal,0x120e4,12,0.54,0.7988,network,0,0
Assurbanipal,0x120e4,13,0.6602,0.8941,network,0,0
Assurbanipal,0x120e4,14,0.6822,0.9208,network,0,0
Assurbanipal,0x120e5,1,0.6822,0.8477,skeleton,0,0
Assurbanipal,0x120e5,2,0.6266,0.8275,skeleton,0,0
Assurbanipal,0x120e5,3,0.8158,0.8158,network,0,0
Assurbanipal,0x120e5,4,0.7753,0.8984,network,0,0
Assurbanipal,0x120e5,5,0.332,0.884,network,0,0
Assurbanipal,0x120e5,6,0.6628,0.7957,network,0,0
Assurbanipal,0x120e5,7,0.7969,0.7969,network,0,0
Assurbanipal,0x120e5,8,0.6575,0.7915,network,0,0
Assurbanipal,0x120e5,9,0.8053,0.8856,network,0,0
Assurbanipal,0x120e6,1,0.0062,0.908,network,0,0
Assurbanipal,0x120e6,2,0.6906,0.7054,skeleton,0,0
Assurbanipal,0x120e6,3,0.8228,0.8816,network,0,0
Assurbanipal,0x120e6,4,0.8524,0.9005,network,0,0
Assurbanipal,0x120e6,5,0.0911,0.8459,network,0,0
Assurbanipal,0x120e6,6,0.5068,0.7941,network,0,0
Assurbanipal,0x120e6,7,0.7732,0.7966,network,0,0
Assurbanipal,0x120e6,8,0.0291,0.8056,network,0,0
Assurbanipal,0x120e6,9,0.423,0.8944,skeleton,0,0
Assurbanipal,0x120e6,10,0.5171,0.7937,network,0,0
Assurbanipal,0x120e6,11,0.3607,0.8684,network,0,0
Assurbanipal,0x120e6,12,0.0745,0.9395,network,0,0
Assurbanipal,0x120e6,13,0.5636,0.8988,network,0,0
Assurbanipal,0x120e6,14,0.5818,0.8848,skeleton,0,0
Assurbanipal,0x120e6,15,0.711,0.7307,network,0,0
Assurbanipal,0x120e7,1,0.688,0.6955,skeleton,0,0
Assurbanipal,0x120e7,2,0.0805,0.8728,network,0,0
Assurbanipal,0x120e7,3,0.847,0.8719,network,0,0
Assurbanipal,0x120e7,4,0.847,0.8836,network,0,0
Assurbanipal,0x120e7,5,0.7742,0.812,network,0,0
Assurbanipal,0x120e7,6,0.7311,0.8072,skeleton,0,0
Assurbanipal,0x120e7,7,0.7353,0.9513,network,0,0
Assurbanipal,0x120e7,8,0.7364,0.9263,network,0,0
Assurbanipal,0x120e7,9,0.8527,0.8527,network,0,0
Assurbanipal,0x120e7,10,0.7843,0.8775,network,0,0
Assurbanipal,0x120e7,11,0.7025,0.8278,network,0,0
Assurbanipal,0x120e8,1,0.6456,0.7217,skeleton,0,0
Assurbanipal,0x120e8,2,0.688,0.8693,skeleton,0,0
Assurbanipal,0x120e8,3,0.8389,0.8895,network,0,0
Assurbanipal,0x120e8,4,0.8715,0.9137,network,0,0
Assurbanipal,0x120e8,5,0.7631,0.8053,skeleton,0,0
Assurbanipal,0x120e8,6,0.7341,0.8108,skeleton,0,0
Assurbanipal,0x120e8,7,0.6487,0.8331,network,0,0
Assurbanipal,0x120e8,8,0.1427,0.8527,network,0,0
Assurbanipal,0x120e8,9,0.6531,0.905,network,0,0
Assurbanipal,0x120e8,10,0.417,0.7773,network,0,0
Assurbanipal,0x120e8,11,0.7058,0.8741,network,0,0
Assurbanipal,0x120e9,1,0.0278,0.7447,network,0,0
Assurbanipal,0x120e9,2,0.6753,0.848,skeleton,0,0
Assurbanipal,0x120e9,3,0.8527,0.8527,network,0,0
Assurbanipal,0x120e9,4,0.7944,0.9219,network,0,0
Assurbanipal,0x120e9,5,0.5598,0.8732,network,0,0
Assurbanipal,0x120e9,6,0.1498,0.9506,network,0,0
Assurbanipal,0x120e9,7,0.668,0.962,network,0,0
Assurbanipal,0x120e9,8,0.739,0.8053,network,0,0
Assurbanipal,0x120e9,9,0.6474,0.8487,network,0,0
Assurbanipal,0x120e9,10,0.6424,0.8512,skeleton,0,0
Assurbanipal,0x120e9,11,0.5516,0.8608,skeleton,0,0
Assurbanipal,0x120e9,12,0.7564,0.9205,network,0,0
Assurbanipal,0x120e9,13,0.539,0.9339,skeleton,0,0
Assurbanipal,0x120e9,14,0.7843,0.8087,network,0,0
Assurbanipal,0x120e9,15,0.6792,0.8613,network,0,0
Assurbanipal,0x120ea,1,0.519,0.7656,skeleton,0,0
Assurbanipal,0x120ea,2,0.6536,0.884,skeleton,0,0
Assurbanipal,0x120ea,3,0.871,0.8899,network,0,0
Assurbanipal,0x120ea,4,0.8606,0.9363,network,0,0
Assurbanipal,0x120ea,5,0.6536,0.8158,network,0,0
Assurbanipal,0x120ea,6,0.7241,0.805,network,0,0
Assurbanipal,0x120eb,1,0.6926,0.6926,skeleton,0,0
Assurbanipal,0x120eb,2,0.688,0.8844,network,0,0
Assurbanipal,0x120eb,3,0.8648,0.8922,network,0,0
Assurbanipal,0x120eb,4,0.2365,0.9487,network,0,0
Assurbanipal,0x120eb,5,0.3215,0.7985,network,0,0
Assurbanipal,0x120eb,6,0.6225,0.8796,network,0,0
Assurbanipal,0x120eb,7,0.779,0.8808,network,0,0
Assurbanipal,0x120eb,8,0.7009,0.7198,network,0,0
Assurbanipal,0x120f0,1,0.6788,0.7287,network,0,0
Assurbanipal,0x120f0,2,0.5424,0.5424,skeleton,0,0
Assurbanipal,0x120f0,3,0.4441,0.8848,network,0,0
Assurbanipal,0x120f1,1,0.6474,0.867,network,0,0
Assurbanipal,0x120f1,2,0.7001,0.8522,network,0,0
Assurbanipal,0x120f1,3,0.1616,0.8652,network,0,0
Assurbanipal,0x120f1,4,0.4309,0.9266,network,0,0
Assurbanipal,0x120f1,5,0.715,0.9379,network,0,0
Assurbanipal,0x120f1,6,0.7046,0.9009,network,0,0
Assurbanipal,0x120f1,7,0.7432,0.8808,network,0,0
Assurbanipal,0x120f1,8,0.5429,0.5708,network,0,0
Assurbanipal,0x120f1,9,0.1124,0.8998,network,0,0
Assurbanipal,0x120f1,10,0.3618,0.9358,network,0,0
Assurbanipal,0x120f1,11,0.5703,0.8895,network,0,0
Assurbanipal,0x120f1,12,0.6918,0.9361,network,0,0
Assurbanipal,0x120f1,13,0.1154,0.9076,network,0,0
Assurbanipal,0x120f1,14,0.7715,0.9196,network,0,0
Assurbanipal,0x120f4,1,0.0006,0.6366,network,0,0
Assurbanipal,0x120f4,2,0.554,0.6118,network,0,0
Assurbanipal,0x120f4,3,0.5302,0.7624,skeleton,0,0
Assurbanipal,0x120f4,4,0.5302,0.7472,network,0,0
Assurbanipal,0x120f7,1,0.5433,0.6211,network,0,0
Assurbanipal,0x120f7,2,0.7154,0.7614,network,0,0
Assurbanipal,0x120f7,3,0.7465,0.9208,network,0,0
Assurbanipal,0x120f7,4,0.8791,0.9176,network,0,0
Assurbanipal,0x120f7,5,0.6411,0.9043,network,0,0
Assurbanipal,0x120f7,6,0.715,0.715,network,0,0
Assurbanipal,0x120f8,1,0.5823,0.5823,skeleton,0,0
Assurbanipal,0x120f8,2,0.6654,0.7966,network,0,0
Assurbanipal,0x120f8,3,0.7934,0.8587,network,0,0
Assurbanipal,0x120f8,4,0.819,0.9305,skeleton,0,0
Assurbanipal,0x120f8,5,0.717,0.9344,network,0,0
Assurbanipal,0x120f8,6,0.7268,0.7268,network,0,0
Assurbanipal,0x120f9,1,0.5823,0.8436,network,0,0
Assurbanipal,0x120f9,2,0.0,0.8948,network,0,0
Assurbanipal,0x120f9,3,0.665,0.9433,network,0,0
Assurbanipal,0x120f9,4,0.6671,0.886,network,0,0
Assurbanipal,0x120f9,5,0.0255,0.8485,network,0,0
Assurbanipal,0x120f9,6,0.8038,0.9292,network,0,0
Assurbanipal,0x120f9,7,0.7582,0.9063,network,0,0
Assurbanipal,0x120f9,8,0.851,0.9173,network,0,0
Assurbanipal,0x120f9,9,0.0327,0.9363,network,0,0
Assurbanipal,0x120f9,10,0.6693,0.9334,network,0,0
Assurbanipal,0x120f9,11,0.6762,0.8937,network,0,0
Assurbanipal,0x120f9,12,0.6766,0.8001,network,0,0
Assurbanipal,0x120fd,1,0.4501,0.7098,network,0,0
Assurbanipal,0x120fd,2,0.6567,0.8081,network,0,0
Assurbanipal,0x120fd,3,0.633,0.8044,network,0,0
Assurbanipal,0x120fd,4,0.54,0.7991,network,0,0
Assurbanipal,0x120fd,5,0.0245,0.7066,network,1,0
Assurbanipal,0x120fe,1,0.6442,0.7546,network,0,0
Assurbanipal,0x120fe,2,0.4297,0.7029,skeleton,0,0
Assurbanipal,0x120fe,3,0.0007,0.3789,network,1,0
Assurbanipal,0x120fe,4,0.6505,0.7256,network,0,0
Assurbanipal,0x120fe,5,0.6442,0.6706,skeleton,0,0
Assurbanipal,0x120fe,6,0.6275,0.7988,network,0,0
Assurbanipal,0x120ff,1,0.7066,0.796,network,0,0
Assurbanipal,0x120ff,2,0.5073,0.7454,network,0,0
Assurbanipal,0x120ff,3,0.461,0.9089,network,0,0
Assurbanipal,0x120ff,4,0.0184,0.905,network,0,0
Assurbanipal,0x120ff,5,0.5501,0.8984,network,0,0
Assurbanipal,0x120ff,6,0.0026,0.3012,network,0,0
Assurbanipal,0x120ff,7,0.6183,0.6375,network,0,0
Assurbanipal,0x120ff,8,0.6197,0.745,skeleton,0,0
Assurbanipal,0x120ff,9,0.6284,0.6805,network,0,0
Assurbanipal,0x12100,1,0.6676,0.7383,network,0,0
Assurbanipal,0x12100,2,0.715,0.782,network,0,0
Assurbanipal,0x12100,3,0.0072,0.9143,network,0,0
Assurbanipal,0x12100,4,0.7571,0.7571,network,0,0
Assurbanipal,0x12100,5,0.7299,0.7299,network,0,0
Assurbanipal,0x12100,6,0.4707,0.8253,network,0,0
Assurbanipal,0x12100,7,0.5351,0.8688,network,0,0
Assurbanipal,0x12103,1,0.632,0.6758,network,0,0
Assurbanipal,0x12103,2,0.6834,0.8497,skeleton,0,0
Assurbanipal,0x12103,3,0.3086,0.9185,network,0,0
Assurbanipal,0x12103,4,0.7398,0.8556,network,0,0
Assurbanipal,0x12103,5,0.7194,0.9016,network,0,0
Assurbanipal,0x12103,6,0.5098,0.9255,network,0,0
Assurbanipal,0x12103,7,0.7694,0.8138,network,0,0
Assurbanipal,0x12103,8,0.7866,0.8219,network,0,0
Assurbanipal,0x12103,9,0.0106,0.8666,network,0,0
Assurbanipal,0x12103,10,0.6334,0.8613,network,0,0
Assurbanipal,0x12103,11,0.5655,0.5699,network,0,0
Assurbanipal,0x12103,12,0.6667,0.6667,network,0,0
Assurbanipal,0x12103,13,0.4839,0.8775,network,0,0
Assurbanipal,0x12103,14,0.5684,0.8796,network,0,0
Assurbanipal,0x12104,1,0.7915,0.7915,network,0,0
Assurbanipal,0x12104,2,0.4932,0.8465,network,0,0
Assurbanipal,0x12104,3,0.05,0.8182,skeleton,0,1
Assurbanipal,0x12104,4,0.7225,0.7759,network,0,0
Assurbanipal,0x12104,5,0.6165,0.7947,network,0,0
Assurbanipal,0x12104,6,0.0015,0.8431,network,0,0
Assurbanipal,0x12104,7,0.7705,0.8242,network,0,0
Assurbanipal,0x12104,8,0.7546,0.7546,network,0,0
Assurbanipal,0x12104,9,0.0262,0.8771,network,0,0
Assurbanipal,0x12104,10,0.52,0.8832,network,0,0
Assurbanipal,0x12105,1,0.8108,0.8487,network,0,0
Assurbanipal,0x12105,2,0.6465,0.8918,network,0,0
Assurbanipal,0x12105,3,0.05,0.8389,skeleton,0,1
Assurbanipal,0x12105,4,0.7413,0.7807,skeleton,0,0
Assurbanipal,0x12105,5,0.7021,0.8035,network,0,0
Assurbanipal,0x12105,6,0.7287,0.7287,network,0,0
Assurbanipal,0x12105,7,0.4132,0.7856,network,0,0
Assurbanipal,0x12105,8,0.6809,0.8482,network,0,0
Assurbanipal,0x12105,9,0.6469,0.8948,network,0,0
Assurbanipal,0x12105,10,0.7013,0.9266,network,0,0
Assurbanipal,0x12105,11,0.5448,0.9115,skeleton,0,0
Assurbanipal,0x12105,12,0.4213,0.9158,network,0,0
Assurbanipal,0x12105,13,0.7853,0.7853,network,0,0
Assurbanipal,0x12105,14,0.7341,0.7341,network,0,0
Assurbanipal,0x12105,15,0.003,0.8352,network,0,0
Assurbanipal,0x12105,16,0.3418,0.886,network,0,0
Assurbanipal,0x12105,17,0.7638,0.7947,network,0,0
Assurbanipal,0x12105,18,0.7253,0.7253,network,0,0
Assurbanipal,0x12105,19,0.4961,0.8193,network,0,0
Assurbanipal,0x12105,20,0.478,0.83,network,0,0
Assurbanipal,0x12107,1,0.7114,0.7925,network,0,0
Assurbanipal,0x12107,2,0.5894,0.5894,skeleton,0,0
Assurbanipal,0x12107,3,0.0004,0.8808,network,0,0
Assurbanipal,0x12107,4,0.0016,0.8233,network,0,0
Assurbanipal,0x12107,5,0.7516,0.8679,network,0,0
Assurbanipal,0x12107,6,0.0002,0.6146,network,1,0
Assurbanipal,0x12107,7,0.3433,0.5917,network,0,0
Assurbanipal,0x12107,8,0.52,0.8007,network,0,0
Assurbanipal,0x12107,9,0.768,0.8413,network,0,0
Assurbanipal,0x12107,10,0.7402,0.8507,skeleton,0,0
Assurbanipal,0x12107,11,0.4218,0.7853,skeleton,0,0
Assurbanipal,0x12107,12,0.7154,0.7154,network,0,0
Assurbanipal,0x1210b,1,0.61,0.8697,network,0,0
Assurbanipal,0x1210b,2,0.61,0.8661,skeleton,0,0
Assurbanipal,0x1210b,3,0.4995,0.8358,skeleton,0,0
Assurbanipal,0x1210b,4,0.0024,0.8571,network,1,0
Assurbanipal,0x1210b,5,0.5732,0.8643,skeleton,0,0
Assurbanipal,0x1210b,6,0.6817,0.8081,skeleton,0,0
Assurbanipal,0x1210b,7,0.7592,0.7592,network,0,0
Assurbanipal,0x1210b,8,0.7405,0.7985,network,0,0
Assurbanipal,0x1210b,9,0.8176,0.9196,network,0,0
Assurbanipal,0x1210b,10,0.7154,0.9105,network,0,0
Assurbanipal,0x1210c,1,0.6275,0.8333,network,0,0
Assurbanipal,0x1210c,2,0.7029,0.8143,skeleton,0,0
Assurbanipal,0x1210c,3,0.4576,0.7345,network,0,0
Assurbanipal,0x1210c,4,0.5612,0.9099,skeleton,0,0
Assurbanipal,0x1210c,5,0.5501,0.8899,skeleton,0,0
Assurbanipal,0x1210c,6,0.0209,0.9536,network,0,0
Assurbanipal,0x1210c,7,0.6922,0.8872,network,0,0
Assurbanipal,0x1210c,8,0.0003,0.8864,network,0,0
Assurbanipal,0x1210c,9,0.4005,0.8941,network,0,0
Assurbanipal,0x1210e,1,0.6266,0.8661,network,0,0
Assurbanipal,0x1210e,2,0.0109,0.7979,network,0,0
Assurbanipal,0x1210e,3,0.6429,0.8075,skeleton,0,0
Assurbanipal,0x1210e,4,0.778,0.7912,network,0,0
Assurbanipal,0x1210e,5,0.6469,0.7472,skeleton,0,0
Assurbanipal,0x1210e,6,0.6693,0.8173,skeleton,0,0
Assurbanipal,0x1210e,7,0.5259,0.84,skeleton,0,0
Assurbanipal,0x1210e,8,0.4776,0.8918,network,0,0
Assurbanipal,0x1210e,9,0.8608,0.9258,network,0,0
Assurbanipal,0x1210e,10,0.7487,0.8715,network,0,0
Assurbanipal,0x1210e,11,0.8284,0.8723,network,0,0
Assurbanipal,0x1210e,12,0.8462,0.8462,network,0,0
Assurbanipal,0x1210e,13,0.7005,0.9412,network,0,0
Assurbanipal,0x1210e,14,0.6558,0.9294,network,0,0
Assurbanipal,0x1210e,15,0.6424,0.8035,network,0,0
Assurbanipal,0x12110,1,0.5034,0.748,skeleton,0,0
Assurbanipal,0x12110,2,0.0152,0.7599,network,0,0
Assurbanipal,0x12110,3,0.1045,0.4017,network,0,0
Assurbanipal,0x12110,4,0.1386,0.6864,network,0,0
Assurbanipal,0x12110,5,0.6114,0.8625,skeleton,0,0
Assurbanipal,0x12110,6,0.6943,0.809,network,0,0
Assurbanipal,0x12110,7,0.5818,0.5818,network,0,0
Assurbanipal,0x12112,1,0.3238,0.7272,skeleton,0,0
Assurbanipal,0x12112,2,0.3796,0.6637,network,0,0
Assurbanipal,0x12112,3,0.0309,0.4349,network,1,0
Assurbanipal,0x12112,4,0.0027,0.3509,network,1,0
Assurbanipal,0x12112,5,0.1058,0.9016,network,0,0
Assurbanipal,0x12112,6,0.8325,0.8828,network,0,0
Assurbanipal,0x12113,1,0.6758,0.7915,network,0,0
Assurbanipal,0x12113,2,0.6132,0.8259,skeleton,0,0
Assurbanipal,0x12113,3,0.3172,0.726,skeleton,0,0
Assurbanipal,0x12113,4,0.0091,0.5775,network,1,0
Assurbanipal,0x12113,5,0.7217,0.7856,network,0,0
Assurbanipal,0x12115,1,0.6732,0.761,skeleton,0,0
Assurbanipal,0x12115,2,0.0032,0.8208,skeleton,0,0
Assurbanipal,0x12117,1,0.0038,0.9263,network,0,0
Assurbanipal,0x12117,2,0.0196,0.9124,skeleton,0,1
Assurbanipal,0x12117,3,0.0003,0.3835,network,0,0
Assurbanipal,0x12117,4,0.0013,0.3877,network,0,0
Assurbanipal,0x12117,5,0.0171,0.8149,network,0,0
Assurbanipal,0x12117,6,0.046,0.8824,network,0,0
Assurbanipal,0x12117,7,0.2661,0.8439,skeleton,0,0
Assurbanipal,0x12117,8,0.637,0.9247,network,0,0
Assurbanipal,0x12117,9,0.665,0.8566,network,0,0
Assurbanipal,0x12117,10,0.4654,0.8808,network,0,0
Assurbanipal,0x12117,11,0.5525,0.8891,network,0,0
Assurbanipal,0x12118,1,0.5889,0.8783,network,0,0
Assurbanipal,0x12118,2,0.6855,0.9033,network,0,0
Assurbanipal,0x12118,3,0.5366,0.9196,network,0,0
Assurbanipal,0x12118,4,0.6438,0.7345,network,0,0
Assurbanipal,0x12118,5,0.6593,0.8047,network,0,0
Assurbanipal,0x12118,6,0.7233,0.8184,network,0,0
Assurbanipal,0x12118,7,0.0399,0.8657,network,0,0
Assurbanipal,0x12118,8,0.5346,0.8601,network,0,0
Assurbanipal,0x12119,1,0.7158,0.8537,skeleton,0,0
Assurbanipal,0x12119,2,0.7029,0.8876,network,0,0
Assurbanipal,0x12119,3,0.5722,0.9239,network,0,0
Assurbanipal,0x12119,4,0.7194,0.7194,network,0,0
Assurbanipal,0x12119,5,0.642,0.8146,network,0,0
Assurbanipal,0x12119,6,0.8155,0.83,network,0,0
Assurbanipal,0x12119,7,0.0061,0.8517,network,0,0
Assurbanipal,0x12119,8,0.5718,0.8309,network,0,0
Assurbanipal,0x12119,9,0.5574,0.6993,network,0,0
Assurbanipal,0x12119,10,0.7178,0.7691,network,0,0
Assurbanipal,0x12119,11,0.7742,0.8693,skeleton,0,0
Assurbanipal,0x1211b,1,0.5955,0.8554,network,0,0
Assurbanipal,0x1211b,2,0.661,0.8629,skeleton,0,0
Assurbanipal,0x1211b,3,0.6302,0.9502,network,0,0
Assurbanipal,0x1211b,4,0.6248,0.8001,network,0,0
Assurbanipal,0x1211b,5,0.5574,0.8497,network,0,0
Assurbanipal,0x1211b,6,0.784,0.8228,network,0,0
Assurbanipal,0x1211b,7,0.3734,0.8762,network,0,0
Assurbanipal,0x1211b,8,0.5029,0.6926,network,0,0
Assurbanipal,0x1211b,9,0.48,0.7146,network,0,0
Assurbanipal,0x1211b,10,0.7375,0.7742,network,0,0
Assurbanipal,0x1211b,11,0.809,0.8264,network,0,0
Assurbanipal,0x1211b,12,0.0203,0.7982,network,0,0
Assurbanipal,0x1211d,1,0.6955,0.8907,skeleton,0,0
Assurbanipal,0x1211d,2,0.481,0.7673,network,0,0
Assurbanipal,0x1211d,3,0.6702,0.6702,skeleton,0,0
Assurbanipal,0x1211d,4,0.0126,0.8426,network,0,0
Assurbanipal,0x1211d,5,0.6243,0.905,network,0,0
Assurbanipal,0x1211d,6,0.6893,0.8284,network,0,0
Assurbanipal,0x1211d,7,0.6137,0.6864,network,0,0
Assurbanipal,0x1211d,8,0.6522,0.7763,network,0,0
Assurbanipal,0x1211d,9,0.7082,0.8132,network,0,0
Assurbanipal,0x1211d,10,0.4151,0.8418,network,0,0
Assurbanipal,0x1211d,11,0.4506,0.8529,network,0,0
Assurbanipal,0x1211e,1,0.5651,0.7966,network,0,0
Assurbanipal,0x1211e,2,0.5651,0.6813,network,0,0
Assurbanipal,0x1211e,3,0.6169,0.785,network,0,0
Assurbanipal,0x1211e,4,0.5215,0.8926,network,0,0
Assurbanipal,0x1211e,5,0.7013,0.8804,network,0,0
Assurbanipal,0x1211f,1,0.4397,0.8029,network,0,0
Assurbanipal,0x1211f,2,0.6972,0.8431,network,0,0
Assurbanipal,0x1211f,3,0.7162,0.8551,skeleton,0,0
Assurbanipal,0x1211f,4,0.6813,0.6813,skeleton,0,0
Assurbanipal,0x1211f,5,0.501,0.85,network,0,0
Assurbanipal,0x1211f,6,0.6926,0.8187,network,0,0
Assurbanipal,0x1211f,7,0.0102,0.882,network,0,0
Assurbanipal,0x1211f,8,0.5171,0.7469,network,0,0
Assurbanipal,0x12121,1,0.6438,0.7883,network,0,0
Assurbanipal,0x12121,2,0.7925,0.8477,network,0,0
Assurbanipal,0x12121,3,0.7025,0.8679,network,0,0
Assurbanipal,0x12121,4,0.7182,0.8289,network,0,0
Assurbanipal,0x12121,5,0.553,0.9297,skeleton,0,0
Assurbanipal,0x12121,6,0.3447,0.9208,network,0,0
Assurbanipal,0x12121,7,0.0186,0.8044,network,0,0
Assurbanipal,0x12121,8,0.6165,0.783,network,0,0
Assurbanipal,0x12121,9,0.7571,0.8013,network,0,0
Assurbanipal,0x12121,10,0.0426,0.8697,network,0,0
Assurbanipal,0x12121,11,0.4737,0.8164,skeleton,0,0
Assurbanipal,0x12121,12,0.6906,0.7021,network,0,0
Assurbanipal,0x12121,13,0.6007,0.83,network,0,0
Assurbanipal,0x12121,14,0.8477,0.8599,network,0,0
Assurbanipal,0x12121,15,0.6334,0.8016,network,0,0
Assurbanipal,0x12121,16,0.705,0.897,network,0,0
Assurbanipal,0x12121,17,0.6624,0.784,network,0,0
Assurbanipal,0x12121,18,0.3451,0.9247,network,0,0
Assurbanipal,0x12121,19,0.6931,0.8762,network,0,0
Assurbanipal,0x12121,20,0.8341,0.8844,network,0,0
Assurbanipal,0x12121,21,0.6179,0.9033,network,0,0
Assurbanipal,0x12121,22,0.715,0.7691,network,0,0
Assurbanipal,0x12122,1,0.0626,0.8341,network,0,0
Assurbanipal,0x12122,2,0.3824,0.8208,skeleton,0,0
Assurbanipal,0x12122,3,0.6352,0.6889,network,0,0
Assurbanipal,0x12122,4,0.6805,0.7021,skeleton,0,0
Assurbanipal,0x12122,5,0.6549,0.8929,network,0,0
Assurbanipal,0x12122,6,0.4419,0.8522,network,0,0
Assurbanipal,0x12122,7,0.7284,0.7284,network,0,0
Assurbanipal,0x12124,1,0.2028,0.8239,skeleton,0,0
Assurbanipal,0x12124,2,0.6402,0.8352,skeleton,0,0
Assurbanipal,0x12124,3,0.0,0.7458,network,0,1
Assurbanipal,0x12124,4,0.0804,0.7902,network,0,0
Assurbanipal,0x12124,5,0.5098,0.6847,network,0,0
Assurbanipal,0x12124,6,0.6067,0.8123,network,0,0
Assurbanipal,0x12124,7,0.4693,0.8864,network,0,0
Assurbanipal,0x12124,8,0.752,0.905,network,0,0
Assurbanipal,0x12124,9,0.0081,0.8273,network,0,0
Assurbanipal,0x12126,1,0.6602,0.8715,network,0,0
Assurbanipal,0x12126,2,0.6817,0.8152,network,0,0
Assurbanipal,0x12126,3,0.8462,0.8482,network,0,0
Assurbanipal,0x12126,4,0.6619,0.7314,skeleton,0,0
Assurbanipal,0x12126,5,0.6447,0.8314,network,0,0
Assurbanipal,0x12126,6,0.0001,0.8796,network,0,0
Assurbanipal,0x12126,7,0.5818,0.7988,network,0,0
Assurbanipal,0x12126,8,0.5361,0.8374,skeleton,0,0
Assurbanipal,0x12126,9,0.7925,0.7925,network,0,0
Assurbanipal,0x12126,10,0.7691,0.7691,skeleton,0,0
Assurbanipal,0x12126,11,0.6035,0.8108,network,0,0
Assurbanipal,0x12126,12,0.7666,0.8138,network,0,0
Assurbanipal,0x12126,13,0.0025,0.851,network,0,0
Assurbanipal,0x12126,14,0.0947,0.7491,network,0,0
Assurbanipal,0x12126,15,0.7272,0.8349,network,0,0
Assurbanipal,0x12126,16,0.6826,0.7154,skeleton,0,0
Assurbanipal,0x12126,17,0.7341,0.7603,network,0,0
Assurbanipal,0x12126,18,0.7921,0.8366,network,0,0
Assurbanipal,0x12126,19,0.0476,0.8336,network,0,0
Assurbanipal,0x12126,20,0.5224,0.6307,network,0,0
Assurbanipal,0x12126,21,0.219,0.7017,skeleton,0,0
Assurbanipal,0x12127,1,0.6897,0.7701,network,0,0
Assurbanipal,0x12127,2,0.6571,0.7469,network,0,0
Assurbanipal,0x12127,3,0.7487,0.8016,skeleton,0,0
Assurbanipal,0x12127,4,0.5837,0.84,network,0,0
Assurbanipal,0x12127,5,0.5195,0.9185,network,0,0
Assurbanipal,0x12127,6,0.2732,0.8697,network,0,0
Assurbanipal,0x12127,7,0.6628,0.8666,network,0,0
Assurbanipal,0x12127,8,0.5884,0.9096,network,0,0
Assurbanipal,0x1212a,1,0.0383,0.8625,skeleton,0,0
Assurbanipal,0x1212a,2,0.5005,0.7931,skeleton,0,0
Assurbanipal,0x1212a,3,0.5273,0.8766,skeleton,0,0
Assurbanipal,0x1212a,4,0.5005,0.7691,skeleton,0,0
Assurbanipal,0x1212a,5,0.6817,0.707,network,0,0
Assurbanipal,0x1212b,1,0.6779,0.8262,network,0,0
Assurbanipal,0x1212b,2,0.7256,0.7722,network,0,0
Assurbanipal,0x1212b,3,0.6146,0.8078,network,0,0
Assurbanipal,0x1212b,4,0.4182,0.8408,network,0,0
Assurbanipal,0x1212b,5,0.7649,0.8899,network,0,0
Assurbanipal,0x1212b,6,0.4012,0.903,network,0,0
Assurbanipal,0x1212b,7,0.7038,0.954,skeleton,0,0
Assurbanipal,0x1212b,8,0.6348,0.6348,network,0,0
Assurbanipal,0x1212e,1,0.5127,0.7931,network,0,0
Assurbanipal,0x1212e,2,0.7941,0.7941,network,0,0
Assurbanipal,0x1212e,3,0.401,0.8477,network,0,0
Assurbanipal,0x1212e,4,0.5775,0.6584,network,0,0
Assurbanipal,0x1212e,5,0.5161,0.7237,network,0,0
Assurbanipal,0x12131,1,0.5583,0.8339,network,0,0
Assurbanipal,0x12131,2,0.5583,0.7691,network,0,0
Assurbanipal,0x12131,3,0.5472,0.9164,network,0,0
Assurbanipal,0x12131,4,0.5307,0.7988,network,0,0
Assurbanipal,0x12131,5,0.6976,0.9093,network,0,0
Assurbanipal,0x12132,1,0.5463,0.8745,network,0,0
Assurbanipal,0x12132,2,0.5655,0.8007,network,0,0
Assurbanipal,0x12132,3,0.553,0.8697,network,0,0
Assurbanipal,0x12132,4,0.553,0.9538,network,0,0
Assurbanipal,0x12132,5,0.0107,0.9205,network,0,0
Assurbanipal,0x12132,6,0.6536,0.8004,network,0,0
Assurbanipal,0x12132,7,0.721,0.8495,network,0,0
Assurbanipal,0x12133,1,0.1473,0.8264,network,0,0
Assurbanipal,0x12133,2,0.0601,0.8233,skeleton,0,0
Assurbanipal,0x12133,3,0.7472,0.9289,skeleton,0,0
Assurbanipal,0x12133,4,0.5322,0.5322,skeleton,0,0
Assurbanipal,0x12133,5,0.05,0.8597,network,0,1
Assurbanipal,0x12133,6,0.6553,0.6553,network,0,0
Assurbanipal,0x12133,7,0.05,0.7314,skeleton,0,1
Assurbanipal,0x12133,8,0.6456,0.8944,network,0,0
Assurbanipal,0x12133,9,0.6021,0.9312,network,0,0
Assurbanipal,0x12133,10,0.1478,0.946,network,0,0
Assurbanipal,0x12133,11,0.0031,0.642,network,0,0
Assurbanipal,0x12133,12,0.7318,0.8529,network,0,0
Assurbanipal,0x12135,1,0.5185,0.7574,network,0,0
Assurbanipal,0x12135,2,0.7379,0.7797,network,0,0
Assurbanipal,0x12135,3,0.0282,0.8408,network,0,0
Assurbanipal,0x12135,4,0.3961,0.7944,network,0,0
Assurbanipal,0x12135,5,0.6397,0.7645,network,0,0
Assurbanipal,0x12135,6,0.7122,0.8035,network,0,0
Assurbanipal,0x12135,7,0.5404,0.8502,network,0,0
Assurbanipal,0x12135,8,0.6379,0.827,network,0,0
Assurbanipal,0x12135,9,0.5472,0.7198,network,0,0
Assurbanipal,0x12135,10,0.696,0.8454,network,0,0
Assurbanipal,0x12136,1,0.0178,0.8702,network,0,0
Assurbanipal,0x12136,2,0.6597,0.8155,network,0,0
Assurbanipal,0x12136,3,0.6478,0.8306,skeleton,0,0
Assurbanipal,0x12136,4,0.05,0.8592,skeleton,0,1
Assurbanipal,0x12136,5,0.5842,0.8937,network,0,0
Assurbanipal,0x12138,1,0.711,0.7337,skeleton,0,0
Assurbanipal,0x12138,2,0.7284,0.7284,network,0,0
Assurbanipal,0x12138,3,0.4218,0.8281,skeleton,0,0
Assurbanipal,0x12138,4,0.5713,0.8783,network,0,0
Assurbanipal,0x12138,5,0.0585,0.8675,network,0,0
Assurbanipal,0x12138,6,0.7098,0.8895,network,0,0
Assurbanipal,0x1213d,1,0.721,0.721,network,0,0
Assurbanipal,0x1213d,2,0.5612,0.8053,network,0,0
Assurbanipal,0x1213d,3,0.0069,0.8941,network,0,0
Assurbanipal,0x1213d,4,0.5636,0.8421,network,0,0
Assurbanipal,0x1213d,5,0.6749,0.8573,network,0,0
Assurbanipal,0x1213d,6,0.5569,0.9482,network,0,0
Assurbanipal,0x1213d,7,0.812,0.8143,network,0,0
Assurbanipal,0x1213d,8,0.5988,0.6007,skeleton,0,0
Assurbanipal,0x1213d,9,0.5922,0.8868,network,0,0
Assurbanipal,0x1213e,1,0.0001,0.4644,network,0,1
Assurbanipal,0x1213e,2,0.0028,0.8146,network,0,0
Assurbanipal,0x1213e,3,0.5414,0.7253,skeleton,0,0
Assurbanipal,0x1213e,4,0.698,0.7684,network,0,0
Assurbanipal,0x1213e,5,0.7268,0.8038,network,0,0
Assurbanipal,0x1213e,6,0.7465,0.8114,network,0,0
Assurbanipal,0x1213e,7,0.0004,0.7186,network,1,0
Assurbanipal,0x1213e,8,0.7102,0.787,network,0,0
Assurbanipal,0x1213e,9,0.0012,0.7272,network,0,0
Assurbanipal,0x12142,1,0.3979,0.6562,network,0,0
Assurbanipal,0x12143,1,0.4147,0.7564,network,0,0
Assurbanipal,0x12143,2,0.5395,0.6984,network,0,0
Assurbanipal,0x12143,3,0.3666,0.8056,network,0,0
Assurbanipal,0x12143,4,0.4047,0.7217,network,0,0
Assurbanipal,0x12143,5,0.6783,0.8355,network,0,0
Assurbanipal,0x12143,6,0.5627,0.7969,network,0,0
Assurbanipal,0x12143,7,0.6897,0.8208,skeleton,0,0
Assurbanipal,0x12143,8,0.6783,0.8661,skeleton,0,0
Assurbanipal,0x12143,9,0.4438,0.805,network,0,0
Assurbanipal,0x12143,10,0.5564,0.8948,network,0,0
Assurbanipal,0x12143,11,0.4737,0.9067,network,0,0
Assurbanipal,0x1214a,1,0.5969,0.7663,skeleton,0,0
Assurbanipal,0x1214a,2,0.5641,0.871,skeleton,0,0
Assurbanipal,0x1214a,3,0.5703,0.8123,skeleton,0,0
Assurbanipal,0x1214a,4,0.5477,0.7402,network,0,0
Assurbanipal,0x1214a,5,0.0106,0.7461,network,1,0
Assurbanipal,0x1214a,6,0.3686,0.8475,network,0,0
Assurbanipal,0x1214a,7,0.6522,0.7876,skeleton,0,0
Assurbanipal,0x1214c,1,0.622,0.8522,network,0,0
Assurbanipal,0x1214c,2,0.0075,0.8273,network,0,0
Assurbanipal,0x1214c,3,0.622,0.8995,network,0,0
Assurbanipal,0x1214c,4,0.6206,0.8245,network,0,0
Assurbanipal,0x1214c,5,0.7928,0.9284,network,0,0
Assurbanipal,0x1214c,6,0.7705,0.867,network,0,0
Assurbanipal,0x1214c,7,0.622,0.882,network,0,0
Assurbanipal,0x1214c,8,0.7233,0.8666,network,0,0
Assurbanipal,0x1214c,9,0.6749,0.7712,network,0,0
Assurbanipal,0x1214c,10,0.0088,0.3049,network,1,0
Assurbanipal,0x1214c,11,0.3947,0.5804,network,0,0
Assurbanipal,0x1214c,12,0.5789,0.8791,network,0,0
Assurbanipal,0x1214c,13,0.6615,0.8532,network,0,0
Assurbanipal,0x1214c,14,0.3739,0.8019,network,0,0
Assurbanipal,0x1214c,15,0.002,0.8182,network,0,0
Assurbanipal,0x1214d,1,0.6762,0.7198,network,0,0
Assurbanipal,0x1214d,2,0.642,0.6885,network,0,0
Assurbanipal,0x1214d,3,0.736,0.7513,network,0,0
Assurbanipal,0x1214d,4,0.7687,0.8358,network,0,0
Assurbanipal,0x1214d,5,0.0029,0.3342,skeleton,0,0
Assurbanipal,0x1214d,6,0.7564,0.8719,network,0,0
Assurbanipal,0x1214d,7,0.5195,0.8741,network,0,0
Assurbanipal,0x1214d,8,0.5936,0.8599,network,0,0
Assurbanipal,0x1214d,9,0.6872,0.7326,skeleton,0,0
Assurbanipal,0x1214d,10,0.7491,0.8339,network,0,0
Assurbanipal,0x1214d,11,0.019,0.8697,network,0,0
Assurbanipal,0x1214d,12,0.6091,0.7994,network,0,0
Assurbanipal,0x1214d,13,0.6997,0.836,network,0,0
Assurbanipal,0x1214d,14,0.6234,0.7295,network,0,0
Assurbanipal,0x1214d,15,0.6838,0.7439,network,0,0
Assurbanipal,0x1214f,1,0.4625,0.728,network,0,0
Assurbanipal,0x1214f,2,0.7889,0.7889,network,0,0
Assurbanipal,0x1214f,3,0.627,0.8568,network,0,0
Assurbanipal,0x1214f,4,0.5898,0.8941,network,0,0
Assurbanipal,0x1214f,5,0.6964,0.6964,skeleton,0,0
Assurbanipal,0x1214f,6,0.6779,0.7982,network,0,0
Assurbanipal,0x1214f,7,0.0061,0.8868,network,0,0
Assurbanipal,0x1214f,8,0.0121,0.6402,network,0,0
Assurbanipal,0x1214f,9,0.3126,0.7817,network,0,0
Assurbanipal,0x1214f,10,0.7732,0.7732,skeleton,0,0
Assurbanipal,0x1214f,11,0.0285,0.8219,network,0,0
Assurbanipal,0x1214f,12,0.4321,0.6496,network,0,0
Assurbanipal,0x1214f,13,0.7029,0.786,network,0,0
Assurbanipal,0x1214f,14,0.7673,0.8126,network,0,0
Assurbanipal,0x1214f,15,0.4142,0.6805,network,0,0
Assurbanipal,0x1214f,16,0.4128,0.8431,network,0,0
Assurbanipal,0x1214f,17,0.778,0.8311,network,0,0
Assurbanipal,0x12150,1,0.5799,0.8387,network,0,0
Assurbanipal,0x12150,2,0.1251,0.8368,network,0,0
Assurbanipal,0x12150,3,0.7535,0.8779,network,0,0
Assurbanipal,0x12150,4,0.5322,0.84,network,0,0
Assurbanipal,0x12150,5,0.5,0.8657,skeleton,0,0
Assurbanipal,0x12150,6,0.4557,0.9456,network,0,0
Assurbanipal,0x12150,7,0.3875,0.9121,network,0,0
Assurbanipal,0x12150,8,0.5151,0.8532,network,0,0
Assurbanipal,0x12150,9,0.0386,0.7687,network,0,0
Assurbanipal,0x12150,10,0.5784,0.5784,network,0,0
Assurbanipal,0x12150,11,0.6375,0.8007,network,0,0
Assurbanipal,0x12150,12,0.7066,0.7941,skeleton,0,0
Assurbanipal,0x12150,13,0.7527,0.9266,network,0,0
Assurbanipal,0x12150,14,0.4659,0.8126,network,0,0
Assurbanipal,0x12153,1,0.4912,0.9452,network,0,0
Assurbanipal,0x12153,2,0.7268,0.952,network,0,0
Assurbanipal,0x12153,3,0.3174,0.8309,network,0,0
Assurbanipal,0x12153,4,0.7649,0.9423,network,0,0
Assurbanipal,0x12153,5,0.7725,0.9491,network,0,0
Assurbanipal,0x12153,6,0.5804,0.9395,network,0,0
Assurbanipal,0x12153,7,0.4567,0.9241,network,0,0
Assurbanipal,0x1215a,1,0.6558,0.7295,skeleton,0,0
Assurbanipal,0x1215a,2,0.6723,0.7879,network,0,0
Assurbanipal,0x1215a,3,0.6165,0.7589,skeleton,0,0
Assurbanipal,0x1215a,4,0.0199,0.8397,network,0,0
Assurbanipal,0x1215a,5,0.5775,0.7166,network,0,0
Assurbanipal,0x1215a,6,0.3183,0.9112,network,0,0
Assurbanipal,0x1215a,7,0.1373,0.871,skeleton,0,0
Assurbanipal,0x1215a,8,0.5559,0.7921,skeleton,0,0
Assurbanipal,0x1215a,9,0.0706,0.9012,network,0,0
Assurbanipal,0x1215a,10,0.0075,0.8988,network,0,0
Assurbanipal,0x1215a,11,0.2566,0.7673,network,0,0
Assurbanipal,0x1215a,12,0.7574,0.8754,network,0,0
Assurbanipal,0x1215a,13,0.7017,0.8675,network,0,0
Assurbanipal,0x1215a,14,0.7498,0.9225,network,0,0
Assurbanipal,0x1215a,15,0.6007,0.9356,skeleton,0,0
Assurbanipal,0x1215a,16,0.6536,0.9073,network,0,0
Assurbanipal,0x1215a,17,0.6697,0.9386,network,0,0
Assurbanipal,0x1215a,18,0.7233,0.8075,network,0,0
Assurbanipal,0x1215b,1,0.6302,0.9134,network,0,0
Assurbanipal,0x1215b,2,0.6384,0.8004,network,0,0
Assurbanipal,0x1215b,3,0.5641,0.7005,skeleton,0,0
Assurbanipal,0x1215b,4,0.4776,0.8004,network,0,0
Assurbanipal,0x1215b,5,0.6536,0.6536,skeleton,0,0
Assurbanipal,0x1215b,6,0.6275,0.6893,skeleton,0,0
Assurbanipal,0x1215b,7,0.522,0.8639,network,0,0
Assurbanipal,0x1215b,8,0.7379,0.8429,skeleton,0,0
Assurbanipal,0x1215b,9,0.782,0.7856,network,0,0
Assurbanipal,0x1215b,10,0.768,0.8702,skeleton,0,0
Assurbanipal,0x1215b,11,0.7311,0.7549,network,0,0
Assurbanipal,0x1215c,1,0.6553,0.7349,network,0,0
Assurbanipal,0x1215c,2,0.2922,0.7749,skeleton,0,0
Assurbanipal,0x1215c,3,0.5894,0.7182,network,0,0
Assurbanipal,0x1215c,4,0.2922,0.779,skeleton,0,0
Assurbanipal,0x1215c,5,0.0637,0.7876,network,0,0
Assurbanipal,0x1215c,6,0.5327,0.8475,skeleton,0,0
Assurbanipal,0x1215c,7,0.6343,0.6964,skeleton,0,0
Assurbanipal,0x1215c,8,0.2018,0.7813,network,1,0
Assurbanipal,0x1215c,9,0.7698,0.8715,network,0,0
Assurbanipal,0x1215d,1,0.6388,0.8527,skeleton,0,0
Assurbanipal,0x1215d,2,0.6671,0.7718,skeleton,0,0
Assurbanipal,0x1215d,3,0.5263,0.709,network,0,0
Assurbanipal,0x1215d,4,0.05,0.8532,skeleton,0,1
Assurbanipal,0x1215d,5,0.6645,0.8384,skeleton,0,0
Assurbanipal,0x1215d,6,0.0005,0.9067,network,0,0
Assurbanipal,0x1215d,7,0.4275,0.8899,network,0,0
Assurbanipal,0x1215d,8,0.0121,0.7217,network,0,0
Assurbanipal,0x1215d,9,0.6298,0.8587,skeleton,0,0
Assurbanipal,0x1215d,10,0.0184,0.6766,skeleton,0,0
Assurbanipal,0x1215d,11,0.6156,0.6156,network,0,0
Assurbanipal,0x1215d,12,0.012,0.9099,network,0,0
Assurbanipal,0x1215d,13,0.6298,0.8648,skeleton,0,0
Assurbanipal,0x1215d,14,0.3863,0.3863,skeleton,0,0
Assurbanipal,0x1215d,15,0.05,0.8723,skeleton,0,1
Assurbanipal,0x1215d,16,0.7823,0.862,network,0,0
Assurbanipal,0x1215d,17,0.05,0.778,network,0,1
Assurbanipal,0x1215d,18,0.0153,0.6252,network,0,0
Assurbanipal,0x1215d,19,0.6813,0.8075,network,0,0
Assurbanipal,0x1215e,1,0.6375,0.8625,skeleton,0,0
Assurbanipal,0x1215e,2,0.6316,0.823,network,0,0
Assurbanipal,0x1215e,3,0.54,0.7322,network,0,0
Assurbanipal,0x1215e,4,0.05,0.8026,skeleton,0,1
Assurbanipal,0x1215e,5,0.5622,0.7592,network,0,0
Assurbanipal,0x1215e,6,0.6316,0.668,network,0,0
Assurbanipal,0x1215e,7,0.7491,0.7979,network,0,0
Assurbanipal,0x1215e,8,0.7383,0.7383,network,0,0
Assurbanipal,0x1215e,9,0.6606,0.7957,network,0,0
Assurbanipal,0x12160,1,0.6361,0.848,skeleton,0,0
Assurbanipal,0x12160,2,0.6343,0.8236,network,0,0
Assurbanipal,0x12160,3,0.5336,0.7398,skeleton,0,0
Assurbanipal,0x12160,4,0.7284,0.8358,skeleton,0,0
Assurbanipal,0x12160,5,0.4625,0.7837,skeleton,0,0
Assurbanipal,0x12160,6,0.6174,0.632,network,0,0
Assurbanipal,0x12160,7,0.0424,0.956,network,0,0
Assurbanipal,0x12160,8,0.642,0.8582,network,0,0
Assurbanipal,0x12160,9,0.8056,0.9063,network,0,0
Assurbanipal,0x12160,10,0.8775,0.8775,network,0,0
Assurbanipal,0x12160,11,0.6415,0.8059,network,0,0
Assurbanipal,0x12161,1,0.6339,0.7624,skeleton,0,0
Assurbanipal,0x12161,2,0.5974,0.7624,network,0,0
Assurbanipal,0x12161,3,0.6132,0.7394,skeleton,0,0
Assurbanipal,0x12161,4,0.0062,0.661,network,0,0
Assurbanipal,0x12161,5,0.6311,0.8754,skeleton,0,0
Assurbanipal,0x12161,6,0.5737,0.7941,network,0,0
Assurbanipal,0x12161,7,0.5083,0.7272,skeleton,0,0
Assurbanipal,0x12161,8,0.1527,0.8423,network,0,0
Assurbanipal,0x12161,9,0.0001,0.8907,network,0,1
Assurbanipal,0x12161,10,0.5181,0.5913,network,0,0
Assurbanipal,0x12161,11,0.6562,0.6619,skeleton,0,0
Assurbanipal,0x12161,12,0.0264,0.886,network,0,0
Assurbanipal,0x12161,13,0.6562,0.705,network,0,0
Assurbanipal,0x12162,1,0.6402,0.8625,skeleton,0,0
Assurbanipal,0x12162,2,0.6482,0.7953,network,0,0
Assurbanipal,0x12162,3,0.5366,0.7326,network,0,0
Assurbanipal,0x12162,4,0.05,0.8732,skeleton,0,1
Assurbanipal,0x12162,5,0.6039,0.812,skeleton,0,0
Assurbanipal,0x12162,6,0.7349,0.9167,network,0,0
Assurbanipal,0x12162,7,0.7725,0.8661,network,0,0
Assurbanipal,0x12162,8,0.622,0.6762,network,0,0
Assurbanipal,0x12162,9,0.736,0.8652,network,0,0
Assurbanipal,0x12162,10,0.642,0.8715,network,0,0
Assurbanipal,0x12162,11,0.6558,0.907,network,0,0
Assurbanipal,0x12162,12,0.8355,0.9625,network,0,0
Assurbanipal,0x12162,13,0.555,0.9566,network,0,0
Assurbanipal,0x12162,14,0.6826,0.8732,network,0,0
Assurbanipal,0x12164,1,0.6536,0.886,skeleton,0,0
Assurbanipal,0x12164,2,0.5884,0.7827,network,0,0
Assurbanipal,0x12164,3,0.5617,0.696,skeleton,0,0
Assurbanipal,0x12164,4,0.7472,0.8421,skeleton,0,0
Assurbanipal,0x12164,5,0.6972,0.6972,skeleton,0,0
Assurbanipal,0x12164,6,0.05,0.9478,network,0,1
Assurbanipal,0x12164,7,0.4177,0.8848,network,0,0
Assurbanipal,0x12164,8,0.5059,0.7202,skeleton,0,0
Assurbanipal,0x12164,9,0.0786,0.9602,network,0,0
Assurbanipal,0x12164,10,0.6343,0.9158,network,0,0
Assurbanipal,0x12164,11,0.6252,0.9073,network,0,0
Assurbanipal,0x12164,12,0.7038,0.8775,network,0,0
Assurbanipal,0x12164,13,0.7383,0.8559,network,0,0
Assurbanipal,0x12166,1,0.6676,0.8044,skeleton,0,0
Assurbanipal,0x12166,2,0.6553,0.7866,network,0,0
Assurbanipal,0x12166,3,0.5482,0.6976,network,0,0
Assurbanipal,0x12166,4,0.65,0.8303,network,0,0
Assurbanipal,0x12166,5,0.05,0.7379,skeleton,0,1
Assurbanipal,0x12166,6,0.5414,0.8225,network,0,0
Assurbanipal,0x12166,7,0.3935,0.8482,network,0,0
Assurbanipal,0x12166,8,0.2168,0.8981,skeleton,0,0
Assurbanipal,0x12166,9,0.3111,0.945,network,0,0
Assurbanipal,0x12166,10,0.4364,0.7443,skeleton,0,0
Assurbanipal,0x12166,11,0.5583,0.9241,network,0,0
Assurbanipal,0x12166,12,0.5636,0.8808,network,0,0
Assurbanipal,0x12166,13,0.6298,0.9268,network,0,0
Assurbanipal,0x12166,14,0.6889,0.8495,network,0,0
Assurbanipal,0x12166,15,0.6889,0.9158,network,0,0
Assurbanipal,0x12166,16,0.7928,0.8311,network,0,0
Assurbanipal,0x12166,17,0.1916,0.767,network,0,0
Assurbanipal,0x12166,18,0.6302,0.6302,skeleton,0,0
Assurbanipal,0x12166,19,0.6951,0.8741,network,0,0
Assurbanipal,0x12168,1,0.6397,0.8542,skeleton,0,0
Assurbanipal,0x12168,2,0.6447,0.7889,network,0,0
Assurbanipal,0x12168,3,0.5327,0.7229,network,0,0
Assurbanipal,0x12168,4,0.05,0.7998,skeleton,0,1
Assurbanipal,0x12168,5,0.6375,0.7921,skeleton,0,0
Assurbanipal,0x12168,6,0.3961,0.8929,network,0,0
Assurbanipal,0x12168,7,0.4309,0.9379,network,0,0
Assurbanipal,0x12168,8,0.6151,0.6914,network,0,0
Assurbanipal,0x12168,9,0.8758,0.9436,network,0,0
Assurbanipal,0x12168,10,0.7375,0.9067,network,0,0
Assurbanipal,0x12168,11,0.6215,0.8216,network,0,0
Assurbanipal,0x12168,12,0.6058,0.9222,network,0,0
Assurbanipal,0x12168,13,0.6415,0.7739,network,0,0
Assurbanipal,0x1216a,1,0.6509,0.8899,network,0,0
Assurbanipal,0x1216a,2,0.6429,0.7953,network,0,0
Assurbanipal,0x1216a,3,0.5583,0.7009,network,0,0
Assurbanipal,0x1216a,4,0.05,0.7759,skeleton,0,1
Assurbanipal,0x1216a,5,0.6095,0.8167,network,0,0
Assurbanipal,0x1216a,6,0.3891,0.8431,skeleton,0,0
Assurbanipal,0x1216a,7,0.0001,0.8093,network,0,1
Assurbanipal,0x1216a,8,0.3453,0.7245,network,0,0
Assurbanipal,0x1216a,9,0.0039,0.3462,network,1,0
Assurbanipal,0x1216a,10,0.0025,0.6411,network,1,0
Assurbanipal,0x1216a,11,0.8087,0.8844,network,0,0
Assurbanipal,0x1216a,12,0.8314,0.9241,network,0,0
Assurbanipal,0x1216a,13,0.6897,0.8465,network,0,0
Assurbanipal,0x1216b,1,0.646,0.7383,network,0,0
Assurbanipal,0x1216b,2,0.6749,0.7666,network,0,0
Assurbanipal,0x1216b,3,0.6174,0.696,network,0,0
Assurbanipal,0x1216b,4,0.6339,0.7417,network,0,0
Assurbanipal,0x1216b,5,0.05,0.7146,skeleton,0,1
Assurbanipal,0x1216b,6,0.035,0.3771,network,0,0
Assurbanipal,0x1216b,7,0.0188,0.8688,network,0,0
Assurbanipal,0x1216b,8,0.6174,0.6684,network,0,0
Assurbanipal,0x1216b,9,0.6257,0.9211,network,0,0
Assurbanipal,0x1216b,10,0.8114,0.832,network,0,0
Assurbanipal,0x1216b,11,0.7202,0.8991,network,0,0
Assurbanipal,0x1216b,12,0.7118,0.7739,network,0,0
Assurbanipal,0x1216b,13,0.6749,0.785,network,0,0
Assurbanipal,0x1216c,1,0.6491,0.8941,skeleton,0,0
Assurbanipal,0x1216c,2,0.6676,0.7603,network,0,0
Assurbanipal,0x1216c,3,0.5327,0.7033,network,0,0
Assurbanipal,0x1216c,4,0.05,0.8041,skeleton,0,1
Assurbanipal,0x1216c,5,0.6968,0.8096,skeleton,0,0
Assurbanipal,0x1216c,6,0.0003,0.5463,network,0,0
Assurbanipal,0x1216c,7,0.0031,0.4242,network,0,1
Assurbanipal,0x1216c,8,0.0046,0.8684,network,0,0
Assurbanipal,0x1216c,9,0.752,0.752,network,0,0
Assurbanipal,0x1216c,10,0.5988,0.8537,network,0,0
Assurbanipal,0x1216c,11,0.4104,0.677,skeleton,0,0
Assurbanipal,0x1216c,12,0.0178,0.8487,skeleton,0,0
Assurbanipal,0x1216c,13,0.0034,0.7998,network,0,0
Assurbanipal,0x1216c,14,0.4109,0.4109,network,0,0
Assurbanipal,0x1216c,15,0.4142,0.8534,network,0,0
Assurbanipal,0x1216c,16,0.05,0.7856,network,0,1
Assurbanipal,0x1216c,17,0.0133,0.3639,network,0,1
Assurbanipal,0x1216c,18,0.1795,0.4426,network,0,0
Assurbanipal,0x1216c,19,0.5054,0.8592,skeleton,0,0
Assurbanipal,0x1216c,20,0.3752,0.3752,network,0,0
Assurbanipal,0x1216c,21,0.616,0.9131,network,0,0
Assurbanipal,0x1216c,22,0.0003,0.5598,network,0,0
Assurbanipal,0x1216c,23,0.4649,0.4649,skeleton,0,0
Assurbanipal,0x1216c,24,0.0002,0.8434,network,0,0
Assurbanipal,0x1216c,25,0.5458,0.8236,network,0,0
Assurbanipal,0x1216c,26,0.0001,0.777,network,0,1
Assurbanipal,0x1216c,27,0.0034,0.4985,network,0,0
Assurbanipal,0x1216c,28,0.6964,0.8475,network,0,0
Assurbanipal,0x1216d,1,0.6834,0.8347,skeleton,0,0
Assurbanipal,0x1216d,2,0.6325,0.7424,network,0,0
Assurbanipal,0x1216d,3,0.5463,0.7233,network,0,0
Assurbanipal,0x1216d,4,0.7487,0.8029,skeleton,0,0
Assurbanipal,0x1216d,5,0.5375,0.768,network,0,0
Assurbanipal,0x1216d,6,0.5794,0.9112,network,0,0
Assurbanipal,0x1216d,7,0.5837,0.7931,network,0,0
Assurbanipal,0x1216d,8,0.8129,0.8452,network,0,0
Assurbanipal,0x1216d,9,0.5636,0.8038,network,0,0
Assurbanipal,0x1216d,10,0.7198,0.7469,network,0,0
Assurbanipal,0x1216e,1,0.6465,0.6465,skeleton,0,0
Assurbanipal,0x1216e,2,0.5988,0.795,network,0,0
Assurbanipal,0x1216e,3,0.5842,0.726,skeleton,0,0
Assurbanipal,0x1216e,4,0.4707,0.8578,network,0,0
Assurbanipal,0x1216e,5,0.6719,0.6719,skeleton,0,0
Assurbanipal,0x1216e,6,0.217,0.8891,network,0,0
Assurbanipal,0x1216e,7,0.2241,0.7042,network,0,0
Assurbanipal,0x1216e,8,0.596,0.661,network,0,0
Assurbanipal,0x1216e,9,0.5453,0.7896,network,0,0
Assurbanipal,0x1216e,10,0.4893,0.9143,network,0,0
Assurbanipal,0x1216e,11,0.6016,0.9002,network,0,0
Assurbanipal,0x1216e,12,0.7966,0.9073,network,0,0
Assurbanipal,0x1216e,13,0.7673,0.9268,network,0,0
Assurbanipal,0x1216e,14,0.6628,0.7691,network,0,0
Assurbanipal,0x12170,1,0.6667,0.8527,skeleton,0,0
Assurbanipal,0x12170,2,0.6438,0.7749,network,0,0
Assurbanipal,0x12170,3,0.5176,0.7368,skeleton,0,0
Assurbanipal,0x12170,4,0.05,0.7337,skeleton,0,1
Assurbanipal,0x12170,5,0.5254,0.7454,skeleton,0,0
Assurbanipal,0x12170,6,0.632,0.9076,network,0,0
Assurbanipal,0x12170,7,0.6447,0.812,network,0,0
Assurbanipal,0x12170,8,0.4467,0.8317,skeleton,0,0
Assurbanipal,0x12170,9,0.6567,0.8828,skeleton,0,0
Assurbanipal,0x12170,10,0.7843,0.7843,network,0,0
Assurbanipal,0x12170,11,0.7202,0.8355,skeleton,0,0
Assurbanipal,0x12170,12,0.8325,0.9109,skeleton,0,0
Assurbanipal,0x12170,13,0.6783,0.8618,network,0,0
Assurbanipal,0x12172,1,0.7021,0.778,network,0,0
Assurbanipal,0x12172,2,0.522,0.7966,skeleton,0,0
Assurbanipal,0x12172,3,0.46,0.7763,skeleton,0,0
Assurbanipal,0x12172,4,0.5293,0.8001,network,0,0
Assurbanipal,0x12172,5,0.0116,0.5166,network,0,0
Assurbanipal,0x12172,6,0.2137,0.9329,skeleton,0,0
Assurbanipal,0x12172,7,0.6567,0.8966,network,0,0
Assurbanipal,0x12172,8,0.0225,0.7337,network,0,0
Assurbanipal,0x12172,9,0.5239,0.5239,network,0,0
Assurbanipal,0x12172,10,0.5078,0.7642,skeleton,0,0
Assurbanipal,0x12172,11,0.7718,0.903,network,0,0
Assurbanipal,0x12172,12,0.7284,0.9179,network,0,0
Assurbanipal,0x12172,13,0.0004,0.9649,network,0,1
Assurbanipal,0x12172,14,0.728,0.8754,network,0,0
Assurbanipal,0x12172,15,0.665,0.8929,network,0,0
Assurbanipal,0x12172,16,0.05,0.7628,skeleton,1,1
Assurbanipal,0x12174,1,0.6553,0.7106,skeleton,0,0
Assurbanipal,0x12174,2,0.603,0.8007,network,0,0
Assurbanipal,0x12174,3,0.6284,0.7443,skeleton,0,0
Assurbanipal,0x12174,4,0.05,0.8176,skeleton,0,1
Assurbanipal,0x12174,5,0.6025,0.8754,skeleton,0,0
Assurbanipal,0x12174,6,0.0873,0.8114,skeleton,0,0
Assurbanipal,0x12174,7,0.2701,0.6876,network,0,0
Assurbanipal,0x12174,8,0.6433,0.711,network,0,0
Assurbanipal,0x12174,9,0.5588,0.5588,network,0,0
Assurbanipal,0x12178,1,0.6284,0.7326,skeleton,0,0
Assurbanipal,0x12178,2,0.6202,0.8114,network,0,0
Assurbanipal,0x12178,3,0.6261,0.6935,skeleton,0,0
Assurbanipal,0x12178,4,0.05,0.8236,skeleton,0,1
Assurbanipal,0x12178,5,0.4388,0.8403,network,0,0
Assurbanipal,0x12178,6,0.6615,0.6615,network,0,0
Assurbanipal,0x12178,7,0.6728,0.6972,network,0,0
Assurbanipal,0x12178,8,0.5837,0.9289,network,0,0
Assurbanipal,0x12178,9,0.4654,0.8281,skeleton,0,0
Assurbanipal,0x12178,10,0.6809,0.8439,network,0,0
Assurbanipal,0x12178,11,0.6397,0.8787,network,0,0
Assurbanipal,0x12178,12,0.34,0.34,network,0,0
Assurbanipal,0x1217a,1,0.6252,0.817,network,0,0
Assurbanipal,0x1217a,2,0.6702,0.8317,network,0,0
Assurbanipal,0x1217a,3,0.5784,0.7134,skeleton,0,0
Assurbanipal,0x1217a,4,0.05,0.8317,skeleton,0,1
Assurbanipal,0x1217a,5,0.642,0.8065,network,0,0
Assurbanipal,0x1217a,6,0.6063,0.8933,network,0,0
Assurbanipal,0x1217a,7,0.7114,0.8284,skeleton,0,0
Assurbanipal,0x1217a,8,0.6035,0.7837,skeleton,0,0
Assurbanipal,0x1217a,9,0.7578,0.8532,network,0,0
Assurbanipal,0x1217a,10,0.6922,0.9205,network,0,0
Assurbanipal,0x1217a,11,0.2498,0.9651,network,0,0
Assurbanipal,0x1217a,12,0.6211,0.9202,network,0,0
Assurbanipal,0x1217a,13,0.7001,0.897,network,0,0
Assurbanipal,0x1217a,14,0.7458,0.8828,skeleton,0,0
Assurbanipal,0x1217a,15,0.7673,0.8534,skeleton,0,0
Assurbanipal,0x1217a,16,0.7134,0.8895,network,0,0
Assurbanipal,0x1217b,1,0.627,0.8766,skeleton,0,0
Assurbanipal,0x1217b,2,0.5761,0.7705,network,0,0
Assurbanipal,0x1217b,3,0.3972,0.7368,skeleton,0,0
Assurbanipal,0x1217b,4,0.6968,0.8384,skeleton,0,0
Assurbanipal,0x1217b,5,0.05,0.337,skeleton,0,1
Assurbanipal,0x1217b,6,0.5312,0.851,network,0,0
Assurbanipal,0x1217b,7,0.3405,0.7934,skeleton,0,0
Assurbanipal,0x1217b,8,0.7925,0.8111,skeleton,0,0
Assurbanipal,0x1217b,9,0.6072,0.7066,network,0,0
Assurbanipal,0x1217b,10,0.5789,0.7725,network,0,0
Assurbanipal,0x1217b,11,0.5636,0.8382,network,0,0
Assurbanipal,0x1217b,12,0.7178,0.8804,network,0,0
Assurbanipal,0x1217c,1,0.6478,0.8358,network,0,0
Assurbanipal,0x1217c,2,0.5875,0.8164,network,0,0
Assurbanipal,0x1217c,3,0.5641,0.7066,skeleton,0,0
Assurbanipal,0x1217c,4,0.7531,0.8502,skeleton,0,0
Assurbanipal,0x1217c,5,0.5751,0.7535,network,0,0
Assurbanipal,0x1217c,6,0.633,0.8766,network,0,0
Assurbanipal,0x1217c,7,0.6766,0.7082,network,0,0
Assurbanipal,0x1217c,8,0.7807,0.7931,network,0,0
Assurbanipal,0x1217c,9,0.7807,0.8929,network,0,0
Assurbanipal,0x1217c,10,0.654,0.8661,network,0,0
Assurbanipal,0x1217c,11,0.05,0.8563,skeleton,0,1
Assurbanipal,0x1217d,1,0.6334,0.8245,skeleton,0,0
Assurbanipal,0x1217d,2,0.6438,0.8184,network,0,0
Assurbanipal,0x1217d,3,0.5283,0.7402,network,0,0
Assurbanipal,0x1217d,4,0.05,0.778,skeleton,0,1
Assurbanipal,0x1217d,5,0.2985,0.782,skeleton,0,0
Assurbanipal,0x1217d,6,0.1112,0.7896,network,0,0
Assurbanipal,0x1217d,7,0.4863,0.8418,network,0,0
Assurbanipal,0x1217d,8,0.6465,0.7154,network,0,0
Assurbanipal,0x1217d,9,0.6433,0.8587,network,0,0
Assurbanipal,0x1217d,10,0.8571,0.8571,network,0,0
Assurbanipal,0x1217d,11,0.777,0.7912,network,0,0
Assurbanipal,0x1217d,12,0.7725,0.83,network,0,0
Assurbanipal,0x1217d,13,0.05,0.7375,skeleton,1,1
Assurbanipal,0x1217e,1,0.6206,0.8812,skeleton,0,0
Assurbanipal,0x1217e,2,0.5842,0.7833,network,0,0
Assurbanipal,0x1217e,3,0.3153,0.7603,network,0,0
Assurbanipal,0x1217e,4,0.709,0.8505,skeleton,0,0
Assurbanipal,0x1217e,5,0.05,0.7086,skeleton,0,1
Assurbanipal,0x1217e,6,0.05,0.917,network,0,1
Assurbanipal,0x1217e,7,0.665,0.665,network,0,0
Assurbanipal,0x1217e,8,0.7303,0.8339,network,0,0
Assurbanipal,0x1217e,9,0.4683,0.9102,network,0,0
Assurbanipal,0x1217e,10,0.7899,0.9099,network,0,0
Assurbanipal,0x1217e,11,0.4659,0.8832,network,0,0
Assurbanipal,0x1217e,12,0.6766,0.7684,skeleton,0,0
Assurbanipal,0x1217f,1,0.6357,0.8482,skeleton,0,0
Assurbanipal,0x1217f,2,0.6491,0.805,network,0,0
Assurbanipal,0x1217f,3,0.52,0.7375,network,0,0
Assurbanipal,0x1217f,4,0.05,0.8697,skeleton,0,1
Assurbanipal,0x1217f,5,0.6146,0.8311,skeleton,0,0
Assurbanipal,0x1217f,6,0.3856,0.9131,network,0,0
Assurbanipal,0x1217f,7,0.632,0.8895,skeleton,0,0
Assurbanipal,0x1217f,8,0.7589,0.8977,skeleton,0,0
Assurbanipal,0x1217f,9,0.6775,0.8608,skeleton,0,0
Assurbanipal,0x1217f,10,0.3206,0.8336,skeleton,0,0
Assurbanipal,0x1217f,11,0.5578,0.7146,network,0,0
Assurbanipal,0x1217f,12,0.767,0.8941,network,0,0
Assurbanipal,0x1217f,13,0.6165,0.8828,network,0,0
Assurbanipal,0x1217f,14,0.5249,0.8333,skeleton,0,0
Assurbanipal,0x1217f,15,0.0117,0.8035,network,0,0
Assurbanipal,0x1217f,16,0.6728,0.8298,network,0,0
Assurbanipal,0x12180,1,0.6809,0.8368,skeleton,0,0
Assurbanipal,0x12180,2,0.6137,0.7432,network,0,0
Assurbanipal,0x12180,3,0.5622,0.7295,network,0,0
Assurbanipal,0x12180,4,0.661,0.6779,network,0,0
Assurbanipal,0x12180,5,0.6252,0.8349,skeleton,0,0
Assurbanipal,0x12180,6,0.05,0.8247,network,0,1
Assurbanipal,0x12180,7,0.6025,0.8973,network,0,0
Assurbanipal,0x12180,8,0.7621,0.8944,network,0,0
Assurbanipal,0x12180,9,0.7379,0.7379,network,0,0
Assurbanipal,0x12180,10,0.6202,0.7527,network,0,0
Assurbanipal,0x12180,11,0.8114,0.8895,network,0,0
Assurbanipal,0x12180,12,0.6169,0.9344,network,0,0
Assurbanipal,0x12180,13,0.05,0.7928,skeleton,1,1
Assurbanipal,0x12181,1,0.6325,0.8512,network,0,0
Assurbanipal,0x12181,2,0.6615,0.8253,network,0,0
Assurbanipal,0x12181,3,0.5424,0.7082,network,0,0
Assurbanipal,0x12181,4,0.05,0.7853,skeleton,0,1
Assurbanipal,0x12181,5,0.4824,0.8013,network,0,0
Assurbanipal,0x12181,6,0.6562,0.6775,network,0,0
Assurbanipal,0x12181,7,0.4897,0.8444,network,0,0
Assurbanipal,0x12181,8,0.4776,0.8775,network,0,0
Assurbanipal,0x12181,9,0.8158,0.8158,network,0,0
Assurbanipal,0x12181,10,0.6058,0.8472,network,0,0
Assurbanipal,0x12181,11,0.05,0.862,skeleton,1,1
Assurbanipal,0x12182,1,0.6307,0.9005,network,0,0
Assurbanipal,0x12182,2,0.6728,0.7753,network,0,0
Assurbanipal,0x12182,3,0.5414,0.7409,network,0,0
Assurbanipal,0x12182,4,0.05,0.7631,skeleton,0,1
Assurbanipal,0x12182,5,0.519,0.8477,network,0,0
Assurbanipal,0x12182,6,0.4361,0.8929,network,0,0
Assurbanipal,0x12182,7,0.7725,0.9185,skeleton,0,0
Assurbanipal,0x12182,8,0.5477,0.9419,network,0,0
Assurbanipal,0x12182,9,0.7186,0.784,network,0,0
Assurbanipal,0x12182,10,0.8903,0.8903,network,0,0
Assurbanipal,0x12182,11,0.8477,0.8477,network,0,0
Assurbanipal,0x12182,12,0.8706,0.8918,network,0,0
Assurbanipal,0x12182,13,0.05,0.7715,skeleton,1,1
Assurbanipal,0x12183,1,0.6183,0.8715,network,0,0
Assurbanipal,0x12183,2,0.6562,0.7909,network,0,0
Assurbanipal,0x12183,3,0.5142,0.7372,network,0,0
Assurbanipal,0x12183,4,0.05,0.6433,skeleton,0,1
Assurbanipal,0x12183,5,0.5215,0.7516,network,0,0
Assurbanipal,0x12183,6,0.6624,0.9063,network,0,0
Assurbanipal,0x12183,7,0.5627,0.7098,network,0,0
Assurbanipal,0x12183,8,0.6357,0.7635,network,0,0
Assurbanipal,0x12183,9,0.812,0.8431,network,0,0
Assurbanipal,0x12183,10,0.6589,0.8824,network,0,0
Assurbanipal,0x12183,11,0.8202,0.8202,network,0,0
Assurbanipal,0x12183,12,0.7198,0.8719,network,0,0
Assurbanipal,0x12184,1,0.6597,0.8643,skeleton,0,0
Assurbanipal,0x12184,2,0.6192,0.7846,network,0,0
Assurbanipal,0x12184,3,0.5501,0.7299,network,0,0
Assurbanipal,0x12184,4,0.4045,0.8167,network,0,0
Assurbanipal,0x12184,5,0.5063,0.7918,skeleton,0,0
Assurbanipal,0x12184,6,0.5894,0.5894,network,0,0
Assurbanipal,0x12184,7,0.5424,0.8495,skeleton,0,0
Assurbanipal,0x12184,8,0.0287,0.8848,network,0,0
Assurbanipal,0x12184,9,0.5665,0.9271,network,0,0
Assurbanipal,0x12184,10,0.4045,0.947,network,0,0
Assurbanipal,0x12184,11,0.05,0.8196,skeleton,0,1
Assurbanipal,0x12187,1,0.627,0.745,skeleton,0,0
Assurbanipal,0x12187,2,0.6086,0.8069,network,0,0
Assurbanipal,0x12187,3,0.6109,0.7295,skeleton,0,0
Assurbanipal,0x12187,4,0.05,0.8384,skeleton,0,1
Assurbanipal,0x12187,5,0.5679,0.8582,network,0,0
Assurbanipal,0x12187,6,0.6379,0.6897,network,0,0
Assurbanipal,0x12187,7,0.7186,0.8355,network,0,0
Assurbanipal,0x12187,8,0.05,0.709,skeleton,1,1
Assurbanipal,0x12188,1,0.661,0.858,skeleton,0,0
Assurbanipal,0x12188,2,0.6248,0.8072,network,0,0
Assurbanipal,0x12188,3,0.5268,0.7198,network,0,0
Assurbanipal,0x12188,4,0.05,0.8328,skeleton,0,1
Assurbanipal,0x12188,5,0.5215,0.8065,skeleton,0,0
Assurbanipal,0x12188,6,0.6357,0.8019,network,0,0
Assurbanipal,0x12188,7,0.4922,0.884,network,0,0
Assurbanipal,0x12188,8,0.5955,0.6897,network,0,0
Assurbanipal,0x12188,9,0.7443,0.7899,skeleton,0,0
Assurbanipal,0x12188,10,0.7443,0.8038,network,0,0
Assurbanipal,0x12188,11,0.401,0.8643,network,0,0
Assurbanipal,0x12188,12,0.0094,0.8213,network,0,0
Assurbanipal,0x12188,13,0.5453,0.8808,network,0,0
Assurbanipal,0x12188,14,0.6868,0.8152,network,0,0
Assurbanipal,0x12189,1,0.6339,0.8594,network,0,0
Assurbanipal,0x12189,2,0.6663,0.8247,network,0,0
Assurbanipal,0x12189,3,0.5583,0.7046,network,0,0
Assurbanipal,0x12189,4,0.05,0.8199,skeleton,0,1
Assurbanipal,0x12189,5,0.6053,0.8102,network,0,0
Assurbanipal,0x12189,6,0.7439,0.8804,network,0,0
Assurbanipal,0x12189,7,0.6562,0.6641,network,0,0
Assurbanipal,0x12189,8,0.0092,0.8715,network,0,0
Assurbanipal,0x12189,9,0.7628,0.8899,network,0,0
Assurbanipal,0x12189,10,0.6549,0.8573,network,0,0
Assurbanipal,0x1218b,1,0.6702,0.8561,skeleton,0,0
Assurbanipal,0x1218b,2,0.6215,0.795,network,0,0
Assurbanipal,0x1218b,3,0.5171,0.7017,network,0,0
Assurbanipal,0x1218b,4,0.05,0.785,skeleton,0,1
Assurbanipal,0x1218b,5,0.3368,0.777,network,0,0
Assurbanipal,0x1218b,6,0.015,0.932,network,0,0
Assurbanipal,0x1218b,7,0.3544,0.7953,skeleton,0,0
Assurbanipal,0x1218b,8,0.5631,0.7614,network,0,0
Assurbanipal,0x1218b,9,0.8084,0.9164,network,0,0
Assurbanipal,0x1218b,10,0.7659,0.9524,network,0,0
Assurbanipal,0x1218b,11,0.7284,0.8937,network,0,0
Assurbanipal,0x1218b,12,0.05,0.7966,skeleton,1,1
Assurbanipal,0x1218f,1,0.6859,0.711,network,0,0
Assurbanipal,0x1218f,2,0.6997,0.7527,network,0,0
Assurbanipal,0x1218f,3,0.595,0.8447,skeleton,0,0
Assurbanipal,0x1218f,4,0.5297,0.8408,network,0,0
Assurbanipal,0x1218f,5,0.1376,0.8791,network,0,0
Assurbanipal,0x1218f,6,0.6715,0.923,network,0,0
Assurbanipal,0x12190,1,0.7118,0.7249,network,0,0
Assurbanipal,0x12190,2,0.3556,0.8736,network,0,0
Assurbanipal,0x12190,3,0.6316,0.8358,network,0,0
Assurbanipal,0x12190,4,0.5516,0.8903,network,0,0
Assurbanipal,0x12191,1,0.6469,0.8325,skeleton,0,0
Assurbanipal,0x12191,2,0.577,0.8467,network,0,0
Assurbanipal,0x12191,3,0.5068,0.8497,network,0,0
Assurbanipal,0x12191,4,0.6302,0.7472,network,0,0
Assurbanipal,0x12191,5,0.5751,0.8035,network,0,0
Assurbanipal,0x12191,6,0.6238,0.9073,network,0,0
Assurbanipal,0x12191,7,0.0275,0.8205,network,0,0
Assurbanipal,0x12191,8,0.566,0.8973,network,0,0
Assurbanipal,0x12192,1,0.7082,0.8371,network,0,0
Assurbanipal,0x12192,2,0.7652,0.8495,network,0,0
Assurbanipal,0x12192,3,0.8117,0.8522,network,0,0
Assurbanipal,0x12192,4,0.7033,0.8495,network,0,0
Assurbanipal,0x12192,5,0.6429,0.767,network,0,0
Assurbanipal,0x12192,6,0.7687,0.7766,network,0,0
Assurbanipal,0x12192,7,0.6361,0.848,network,0,0
Assurbanipal,0x12192,8,0.0016,0.5964,skeleton,1,0
Assurbanipal,0x12192,9,0.7498,0.8779,skeleton,0,0
Assurbanipal,0x12193,1,0.6783,0.8625,network,0,0
Assurbanipal,0x12193,2,0.6715,0.8561,network,0,0
Assurbanipal,0x12193,3,0.7435,0.8749,network,0,0
Assurbanipal,0x12193,4,0.7712,0.8608,network,0,0
Assurbanipal,0x12193,5,0.6947,0.7029,network,0,0
Assurbanipal,0x12193,6,0.7194,0.8408,skeleton,0,0
Assurbanipal,0x12193,7,0.6813,0.8758,network,0,0
Assurbanipal,0x12193,8,0.7102,0.8926,skeleton,0,0
Assurbanipal,0x12193,9,0.5884,0.7873,network,0,0
Assurbanipal,0x12193,10,0.5297,0.821,skeleton,0,0
Assurbanipal,0x12193,11,0.553,0.8816,network,0,0
Assurbanipal,0x12193,12,0.1,0.8152,skeleton,0,0
Assurbanipal,0x12193,13,0.6211,0.9211,network,0,0
Assurbanipal,0x12198,1,0.6972,0.7918,skeleton,0,0
Assurbanipal,0x12198,2,0.6384,0.8093,skeleton,0,0
Assurbanipal,0x12198,3,0.6334,0.7749,network,0,0
Assurbanipal,0x12198,4,0.6715,0.8948,network,0,0
Assurbanipal,0x12198,5,0.4639,0.6889,skeleton,0,0
Assurbanipal,0x12198,6,0.0005,0.7276,network,1,0
Assurbanipal,0x12198,7,0.0866,0.8376,network,0,0
Assurbanipal,0x12198,8,0.6238,0.8281,network,0,0
Assurbanipal,0x1219a,1,0.5249,0.6348,network,0,0
Assurbanipal,0x1219a,2,0.7458,0.8004,network,0,0
Assurbanipal,0x1219a,3,0.5351,0.8325,network,0,0
Assurbanipal,0x1219a,4,0.6536,0.6783,network,0,0
Assurbanipal,0x1219a,5,0.4907,0.7698,network,0,0
Assurbanipal,0x1219a,6,0.7042,0.8447,network,0,0
Assurbanipal,0x1219b,1,0.6897,0.7963,network,0,0
Assurbanipal,0x1219b,2,0.2047,0.8347,skeleton,0,0
Assurbanipal,0x1219b,3,0.3856,0.4268,network,0,0
Assurbanipal,0x1219b,4,0.5622,0.8032,network,0,0
Assurbanipal,0x1219b,5,0.6393,0.7756,skeleton,0,0
Assurbanipal,0x1219b,6,0.3544,0.6753,network,0,0
Assurbanipal,0x1219b,7,0.5612,0.8208,skeleton,0,0
Assurbanipal,0x1219b,8,0.8275,0.849,network,0,0
Assurbanipal,0x1219b,9,0.658,0.8594,network,0,0
Assurbanipal,0x1219b,10,0.6632,0.8075,network,0,0
Assurbanipal,0x1219b,11,0.7574,0.7739,network,0,0
Assurbanipal,0x1219b,12,0.33,0.8723,network,0,0
Assurbanipal,0x1219b,13,0.3287,0.8376,network,0,0
Assurbanipal,0x1219d,1,0.0067,0.7624,network,0,0
Assurbanipal,0x1219d,2,0.0136,0.6876,network,0,0
Assurbanipal,0x1219d,3,0.0058,0.7229,network,0,0
Assurbanipal,0x1219d,4,0.0,0.7556,network,0,0
Assurbanipal,0x1219d,5,0.339,0.8196,network,0,0
Assurbanipal,0x1219d,6,0.0707,0.8702,network,0,0
Assurbanipal,0x1219d,7,0.5433,0.9425,network,0,0
Assurbanipal,0x1219d,8,0.7291,0.9472,network,0,0
Assurbanipal,0x1219d,9,0.4177,0.9654,network,0,0
Assurbanipal,0x1219d,10,0.4069,0.9667,network,0,0
Assurbanipal,0x1219d,11,0.3675,0.939,network,0,0
Assurbanipal,0x1219d,12,0.5288,0.9605,network,0,0
Assurbanipal,0x1219d,13,0.6451,0.95,network,0,0
Assurbanipal,0x1219d,14,0.6589,0.9219,network,0,0
Assurbanipal,0x1219e,1,0.4698,0.821,network,0,0
Assurbanipal,0x1219e,2,0.3147,0.8529,network,0,0
Assurbanipal,0x1219e,3,0.0132,0.8534,network,0,0
Assurbanipal,0x1219e,4,0.0053,0.8884,network,0,0
Assurbanipal,0x1219e,5,0.3149,0.3149,network,0,0
Assurbanipal,0x1219e,6,0.0016,0.8379,network,0,0
Assurbanipal,0x1219e,7,0.5765,0.5765,skeleton,0,0
Assurbanipal,0x1219e,8,0.0,0.3764,skeleton,0,0
Assurbanipal,0x1219e,9,0.6011,0.888,skeleton,0,0
Assurbanipal,0x1219e,10,0.3372,0.7054,network,0,0
Assurbanipal,0x1219e,11,0.0304,0.9377,network,0,0
Assurbanipal,0x1219e,12,0.553,0.9002,network,0,0
Assurbanipal,0x1219e,13,0.4431,0.9462,network,0,0
Assurbanipal,0x1219e,14,0.1871,0.9433,network,0,0
Assurbanipal,0x1219e,15,0.4149,0.9358,network,0,0
Assurbanipal,0x1219e,16,0.2264,0.9161,network,0,0
Assurbanipal,0x1219e,17,0.6527,0.8599,network,0,0
Assurbanipal,0x1219e,18,0.6433,0.8675,network,0,0
Assurbanipal,0x1219f,1,0.6545,0.7178,network,0,0
Assurbanipal,0x1219f,2,0.6545,0.7417,skeleton,0,0
Assurbanipal,0x1219f,3,0.5808,0.8532,network,0,0
Assurbanipal,0x1219f,4,0.7889,0.8604,network,0,0
Assurbanipal,0x1219f,5,0.7677,0.7677,network,0,0
Assurbanipal,0x1219f,6,0.6889,0.756,skeleton,0,0
Assurbanipal,0x1219f,7,0.6658,0.8421,network,0,0
Assurbanipal,0x1219f,8,0.6343,0.7988,network,0,0
Assurbanipal,0x1219f,9,0.6311,0.6311,network,0,0
Assurbanipal,0x121a1,1,0.4995,0.4995,network,0,0
Assurbanipal,0x121a1,2,0.501,0.501,network,0,0
Assurbanipal,0x121a1,3,0.6788,0.8245,network,0,0
Assurbanipal,0x121a1,4,0.6545,0.9009,network,0,0
Assurbanipal,0x121a1,5,0.4722,0.8952,network,0,0
Assurbanipal,0x121a1,6,0.728,0.728,network,0,0
Assurbanipal,0x121a1,7,0.1523,0.9121,network,0,0
Assurbanipal,0x121a1,8,0.0017,0.519,network,0,0
Assurbanipal,0x121a1,9,0.7033,0.8413,skeleton,0,0
Assurbanipal,0x121a2,1,0.4888,0.7941,network,0,0
Assurbanipal,0x121a2,2,0.4888,0.7118,skeleton,0,0
Assurbanipal,0x121a2,3,0.5612,0.8485,network,0,0
Assurbanipal,0x121a2,4,0.6469,0.8844,network,0,0
Assurbanipal,0x121a2,5,0.7345,0.8706,network,0,0
Assurbanipal,0x121a2,6,0.6988,0.7138,network,0,0
Assurbanipal,0x121a2,7,0.6298,0.6298,network,0,0
Assurbanipal,0x121a2,8,0.6897,0.8666,network,0,0
Assurbanipal,0x121a3,1,0.5941,0.6645,network,0,0
Assurbanipal,0x121a3,2,0.0061,0.7817,network,0,0
Assurbanipal,0x121a3,3,0.6783,0.8766,network,0,0
Assurbanipal,0x121a3,4,0.6897,0.9155,network,0,0
Assurbanipal,0x121a3,5,0.2854,0.9143,skeleton,0,0
Assurbanipal,0x121a3,6,0.756,0.801,skeleton,0,0
Assurbanipal,0x121a3,7,0.0024,0.3333,network,0,0
Assurbanipal,0x121a3,8,0.0003,0.5931,network,0,0
Assurbanipal,0x121a3,9,0.4941,0.8395,network,0,0
Assurbanipal,0x121a3,10,0.6783,0.796,network,0,0
Assurbanipal,0x121a6,1,0.6838,0.8331,skeleton,0,0
Assurbanipal,0x121a6,2,0.6918,0.7516,skeleton,0,0
Assurbanipal,0x121a6,3,0.8173,0.8911,network,0,0
Assurbanipal,0x121a6,4,0.8666,0.8856,network,0,0
Assurbanipal,0x121a6,5,0.5492,0.7291,network,0,0
Assurbanipal,0x121a6,6,0.567,0.7918,network,0,0
Assurbanipal,0x121a6,7,0.6361,0.6361,network,0,0
Assurbanipal,0x121a7,1,0.578,0.8679,network,0,0
Assurbanipal,0x121a7,2,0.5463,0.8056,network,0,0
Assurbanipal,0x121a7,3,0.6234,0.7447,network,0,0
Assurbanipal,0x121a7,4,0.5578,0.7387,network,0,0
Assurbanipal,0x121a7,5,0.553,0.7571,network,0,0
Assurbanipal,0x121a7,6,0.6252,0.8723,network,0,0
Assurbanipal,0x121a8,1,0.6641,0.7763,network,0,0
Assurbanipal,0x121a8,2,0.3771,0.6822,network,0,0
Assurbanipal,0x121a8,3,0.5259,0.717,network,0,0
Assurbanipal,0x121a8,4,0.0666,0.3491,network,1,0
Assurbanipal,0x121a9,1,0.342,0.9143,network,0,0
Assurbanipal,0x121a9,2,0.3698,0.8766,network,0,0
Assurbanipal,0x121a9,3,0.2993,0.9112,skeleton,0,0
Assurbanipal,0x121a9,4,0.6169,0.847,network,0,0
Assurbanipal,0x121a9,5,0.0125,0.871,network,0,0
Assurbanipal,0x121a9,6,0.646,0.8684,network,0,0
Assurbanipal,0x121a9,7,0.0008,0.4805,network,1,0
Assurbanipal,0x121a9,8,0.007,0.5234,network,1,0
Assurbanipal,0x121ad,1,0.6447,0.733,network,0,0
Assurbanipal,0x121ad,2,0.7982,0.7982,network,0,0
Assurbanipal,0x121ad,3,0.4385,0.8149,network,0,0
Assurbanipal,0x121ad,4,0.4883,0.8452,network,0,0
Assurbanipal,0x121ad,5,0.6531,0.7793,skeleton,0,0
Assurbanipal,0x121ad,6,0.6339,0.7843,skeleton,0,0
Assurbanipal,0x121ad,7,0.6132,0.6901,network,0,0
Assurbanipal,0x121ad,8,0.7166,0.7454,network,0,0
Assurbanipal,0x121af,1,0.5708,0.7513,network,0,0
Assurbanipal,0x121af,2,0.4615,0.6142,skeleton,0,0
Assurbanipal,0x121af,3,0.0025,0.5612,network,1,0
Assurbanipal,0x121af,4,0.733,0.8078,network,0,0
Assurbanipal,0x121b0,1,0.5506,0.736,network,0,0
Assurbanipal,0x121b0,2,0.5029,0.7038,network,0,0
Assurbanipal,0x121b0,3,0.0203,0.7635,network,0,0
Assurbanipal,0x121b0,4,0.4858,0.8959,network,0,0
Assurbanipal,0x121b2,1,0.6897,0.7264,network,0,0
Assurbanipal,0x121b2,2,0.688,0.7773,network,0,0
Assurbanipal,0x121b2,3,0.7631,0.7631,network,0,0
Assurbanipal,0x121b2,4,0.736,0.8529,network,0,0
Assurbanipal,0x121b2,5,0.001,0.8426,network,0,0
Assurbanipal,0x121b2,6,0.7341,0.8477,network,0,0
Assurbanipal,0x121b2,7,0.7214,0.8187,network,0,0
Assurbanipal,0x121b2,8,0.6868,0.8981,network,0,0
Assurbanipal,0x121b2,9,0.7567,0.7746,network,0,0
Assurbanipal,0x121b2,10,0.7249,0.7833,network,0,0
Assurbanipal,0x121b2,11,0.0583,0.8534,network,0,0
Assurbanipal,0x121b5,1,0.0612,0.7773,network,0,0
Assurbanipal,0x121b5,2,0.0001,0.308,network,1,1
Assurbanipal,0x121b5,3,0.3138,0.8219,network,0,0
Assurbanipal,0x121b5,4,0.5827,0.9019,network,0,0
Assurbanipal,0x121b5,5,0.0181,0.553,network,1,0
Assurbanipal,0x121b5,6,0.777,0.862,network,0,0
Assurbanipal,0x121b9,1,0.6624,0.7684,skeleton,0,0
Assurbanipal,0x121b9,2,0.6302,0.8281,skeleton,0,0
Assurbanipal,0x121b9,3,0.628,0.7202,network,0,0
Assurbanipal,0x121b9,4,0.0142,0.7645,network,0,0
Assurbanipal,0x121b9,5,0.6914,0.7334,network,0,0
Assurbanipal,0x121b9,6,0.0039,0.7356,network,0,0
Assurbanipal,0x121b9,7,0.7025,0.7928,skeleton,0,0
Assurbanipal,0x121ba,1,0.3238,0.8029,network,0,0
Assurbanipal,0x121ba,2,0.0052,0.7746,network,0,0
Assurbanipal,0x121ba,3,0.5477,0.6156,network,0,0
Assurbanipal,0x121ba,4,0.0123,0.5098,network,0,0
Assurbanipal,0x121ba,5,0.0,0.5641,network,0,0
Assurbanipal,0x121ba,6,0.6442,0.6671,skeleton,0,0
Assurbanipal,0x121ba,7,0.7074,0.8771,network,0,0
Assurbanipal,0x121ba,8,0.0096,0.9102,network,0,0
Assurbanipal,0x121ba,9,0.2121,0.8652,skeleton,0,0
Assurbanipal,0x121ba,10,0.5846,0.5846,network,0,0
Assurbanipal,0x121ba,11,0.6758,0.9089,network,0,0
Assurbanipal,0x121ba,12,0.7833,0.9236,network,0,0
Assurbanipal,0x121ba,13,0.7114,0.8762,network,0,0
Assurbanipal,0x121ba,14,0.6697,0.9012,skeleton,0,0
Assurbanipal,0x121ba,15,0.1613,0.8918,skeleton,0,0
Assurbanipal,0x121ba,16,0.6758,0.7571,skeleton,0,0
Assurbanipal,0x121ba,17,0.8053,0.9482,network,0,0
Assurbanipal,0x121ba,18,0.7556,0.8287,network,0,0
Assurbanipal,0x121bb,1,0.05,0.7599,skeleton,0,1
Assurbanipal,0x121bb,2,0.7142,0.8108,skeleton,0,0
Assurbanipal,0x121bb,3,0.5433,0.6081,skeleton,0,0
Assurbanipal,0x121bb,4,0.7307,0.8059,network,0,0
Assurbanipal,0x121bb,5,0.7025,0.8213,network,0,0
Assurbanipal,0x121bb,6,0.3155,0.711,skeleton,0,0
Assurbanipal,0x121bb,7,0.7409,0.897,network,0,0
Assurbanipal,0x121bb,8,0.3963,0.9412,network,0,0
Assurbanipal,0x121bb,9,0.7435,0.9146,network,0,0
Assurbanipal,0x121bb,10,0.577,0.9456,network,0,0
Assurbanipal,0x121bb,11,0.715,0.7472,network,0,0
Assurbanipal,0x121bc,1,0.795,0.7994,skeleton,0,0
Assurbanipal,0x121bc,2,0.5205,0.5205,skeleton,0,0
Assurbanipal,0x121bc,3,0.3673,0.6307,network,0,0
Assurbanipal,0x121bc,4,0.164,0.3842,skeleton,0,0
Assurbanipal,0x121bc,5,0.5794,0.6663,network,0,0
Assurbanipal,0x121bc,6,0.4995,0.7086,network,0,0
Assurbanipal,0x121bc,7,0.5506,0.7773,network,0,0
Assurbanipal,0x121bc,8,0.5913,0.8688,skeleton,0,0
Assurbanipal,0x121bc,9,0.0001,0.6284,network,0,0
Assurbanipal,0x121bd,1,0.05,0.7712,skeleton,0,1
Assurbanipal,0x121bd,2,0.7178,0.8001,skeleton,0,0
Assurbanipal,0x121bd,3,0.521,0.8891,network,0,0
Assurbanipal,0x121bd,4,0.6843,0.8534,network,0,0
Assurbanipal,0x121bd,5,0.6151,0.6514,skeleton,0,0
Assurbanipal,0x121bd,6,0.781,0.8524,skeleton,0,0
Assurbanipal,0x121bd,7,0.801,0.9023,network,0,0
Assurbanipal,0x121bd,8,0.7013,0.8152,network,0,0
Assurbanipal,0x121bd,9,0.867,0.8891,network,0,0
Assurbanipal,0x121bd,10,0.6838,0.8167,network,0,0
Assurbanipal,0x121be,1,0.7585,0.7963,network,0,0
Assurbanipal,0x121be,2,0.5823,0.5823,skeleton,0,0
Assurbanipal,0x121be,3,0.5689,0.923,network,0,0
Assurbanipal,0x121be,4,0.5433,0.616,network,0,0
Assurbanipal,0x121be,5,0.5936,0.8741,network,0,0
Assurbanipal,0x121be,6,0.8187,0.8648,network,0,0
Assurbanipal,0x121be,7,0.7098,0.7217,skeleton,0,0
Assurbanipal,0x121bf,1,0.6843,0.7029,skeleton,0,0
Assurbanipal,0x121bf,2,0.709,0.7783,skeleton,0,0
Assurbanipal,0x121bf,3,0.5927,0.603,skeleton,0,0
Assurbanipal,0x121bf,4,0.5617,0.5856,network,0,0
Assurbanipal,0x121bf,5,0.6926,0.7957,network,0,0
Assurbanipal,0x121c0,1,0.0083,0.7375,network,0,0
Assurbanipal,0x121c0,2,0.7889,0.8522,skeleton,0,0
Assurbanipal,0x121c0,3,0.3828,0.8467,skeleton,0,0
Assurbanipal,0x121c0,4,0.661,0.6775,network,0,0
Assurbanipal,0x121c0,5,0.0321,0.7198,network,1,0
Assurbanipal,0x121c0,6,0.7574,0.7574,network,0,0
Assurbanipal,0x121c1,1,0.7883,0.8143,skeleton,0,0
Assurbanipal,0x121c1,2,0.05,0.6109,skeleton,0,1
Assurbanipal,0x121c1,3,0.5612,0.6826,skeleton,0,0
Assurbanipal,0x121c1,4,0.3506,0.6424,network,0,0
Assurbanipal,0x121c1,5,0.3817,0.7146,network,0,0
Assurbanipal,0x121c1,6,0.0039,0.6918,network,1,0
Assurbanipal,0x121c1,7,0.0098,0.5181,network,1,0
Assurbanipal,0x121c1,8,0.7013,0.7268,network,0,0
Assurbanipal,0x121c2,1,0.05,0.7178,skeleton,0,1
Assurbanipal,0x121c2,2,0.7715,0.8216,skeleton,0,0
Assurbanipal,0x121c2,3,0.5889,0.8643,network,0,0
Assurbanipal,0x121c2,4,0.5578,0.6723,skeleton,0,0
Assurbanipal,0x121c2,5,0.5185,0.8193,skeleton,0,0
Assurbanipal,0x121c2,6,0.5636,0.8328,network,0,0
Assurbanipal,0x121c2,7,0.5804,0.8844,network,0,0
Assurbanipal,0x121c2,8,0.05,0.8389,network,0,1
Assurbanipal,0x121c2,9,0.671,0.7793,network,0,0
Assurbanipal,0x121c2,10,0.5273,0.884,network,0,0
Assurbanipal,0x121c2,11,0.7287,0.9478,network,0,0
Assurbanipal,0x121c2,12,0.7487,0.8069,network,0,0
Assurbanipal,0x121c3,1,0.255,0.817,skeleton,0,0
Assurbanipal,0x121c3,2,0.6451,0.8242,skeleton,0,0
Assurbanipal,0x121c3,3,0.6451,0.7912,network,0,0
Assurbanipal,0x121c3,4,0.6469,0.7318,network,0,0
Assurbanipal,0x121c3,5,0.6851,0.908,skeleton,0,0
Assurbanipal,0x121c3,6,0.047,0.3277,network,0,0
Assurbanipal,0x121c3,7,0.616,0.8762,network,0,0
Assurbanipal,0x121c3,8,0.2075,0.9353,network,0,0
Assurbanipal,0x121c3,9,0.6809,0.6809,skeleton,0,0
Assurbanipal,0x121c4,1,0.7589,0.8336,skeleton,0,0
Assurbanipal,0x121c4,2,0.05,0.6783,skeleton,0,1
Assurbanipal,0x121c4,3,0.6456,0.8303,skeleton,0,0
Assurbanipal,0x121c4,4,0.6943,0.6943,network,0,0
Assurbanipal,0x121c4,5,0.5856,0.6257,skeleton,0,0
Assurbanipal,0x121c4,6,0.7827,0.8903,network,0,0
Assurbanipal,0x121c4,7,0.65,0.8467,network,0,0
Assurbanipal,0x121c4,8,0.6641,0.8766,network,0,0
Assurbanipal,0x121c4,9,0.481,0.9211,network,0,0
Assurbanipal,0x121c4,10,0.4976,0.9134,network,0,0
Assurbanipal,0x121c4,11,0.7307,0.7334,network,0,0
Assurbanipal,0x121c5,1,0.5875,0.7972,skeleton,0,0
Assurbanipal,0x121c5,2,0.003,0.7617,network,0,0
Assurbanipal,0x121c5,3,0.1864,0.6964,network,0,0
Assurbanipal,0x121c5,4,0.6922,0.9073,network,0,0
Assurbanipal,0x121c5,5,0.3702,0.9386,network,0,0
Assurbanipal,0x121c5,6,0.7976,0.9511,network,0,0
Assurbanipal,0x121c5,7,0.7299,0.9109,network,0,0
Assurbanipal,0x121c5,8,0.6474,0.6474,network,0,0
Assurbanipal,0x121c6,1,0.6922,0.8449,skeleton,0,0
Assurbanipal,0x121c6,2,0.6536,0.801,skeleton,0,0
Assurbanipal,0x121c6,3,0.6105,0.8634,network,0,0
Assurbanipal,0x121c6,4,0.7025,0.8295,skeleton,0,0
Assurbanipal,0x121c6,5,0.6016,0.707,network,0,0
Assurbanipal,0x121c6,6,0.7592,0.8926,network,0,0
Assurbanipal,0x121c6,7,0.2429,0.9356,network,0,0
Assurbanipal,0x121c6,8,0.6402,0.8988,network,0,0
Assurbanipal,0x121c6,9,0.6947,0.8167,skeleton,0,0
Assurbanipal,0x121c7,1,0.7749,0.7749,skeleton,0,0
Assurbanipal,0x121c7,2,0.7106,0.7106,skeleton,0,0
Assurbanipal,0x121c7,3,0.6527,0.7021,network,0,0
Assurbanipal,0x121c7,4,0.0086,0.9687,network,0,0
Assurbanipal,0x121c7,5,0.4698,0.7574,skeleton,0,0
Assurbanipal,0x121c7,6,0.7102,0.7963,network,0,0
Assurbanipal,0x121c7,7,0.7524,0.9468,network,0,0
Assurbanipal,0x121c7,8,0.6284,0.8933,network,0,0
Assurbanipal,0x121c7,9,0.4328,0.8895,network,0,0
Assurbanipal,0x121c7,10,0.4712,0.6843,network,0,0
Assurbanipal,0x121c7,11,0.683,0.7673,network,0,0
Assurbanipal,0x121c7,12,0.5511,0.786,network,0,0
Assurbanipal,0x121c7,13,0.0496,0.7078,network,0,0
Assurbanipal,0x121c7,14,0.6402,0.8403,network,0,0
Assurbanipal,0x121c7,15,0.5689,0.8948,network,0,0
Assurbanipal,0x121c8,1,0.7691,0.8108,skeleton,0,0
Assurbanipal,0x121c8,2,0.0064,0.7268,network,0,0
Assurbanipal,0x121c8,3,0.1868,0.7356,network,0,0
Assurbanipal,0x121c8,4,0.7202,0.9448,skeleton,0,0
Assurbanipal,0x121c8,5,0.7776,0.8941,network,0,0
Assurbanipal,0x121c8,6,0.8233,0.9427,network,0,0
Assurbanipal,0x121c8,7,0.7465,0.9638,network,0,0
Assurbanipal,0x121c8,8,0.8524,0.8524,network,0,0
Assurbanipal,0x121c8,9,0.0001,0.7827,network,0,0
Assurbanipal,0x121ca,1,0.0067,0.7118,network,0,0
Assurbanipal,0x121ca,2,0.4024,0.7424,skeleton,0,0
Assurbanipal,0x121ca,3,0.6697,0.8289,network,0,0
Assurbanipal,0x121ca,4,0.0127,0.5804,network,0,0
Assurbanipal,0x121ca,5,0.1379,0.7527,network,0,0
Assurbanipal,0x121ca,6,0.713,0.9115,network,0,0
Assurbanipal,0x121ca,7,0.554,0.683,skeleton,0,0
Assurbanipal,0x121ca,8,0.6838,0.9124,network,0,0
Assurbanipal,0x121ca,9,0.7454,0.7454,skeleton,0,0
Assurbanipal,0x121ca,10,0.6943,0.8812,network,0,0
Assurbanipal,0x121ca,11,0.7311,0.8606,network,0,0
Assurbanipal,0x121ca,12,0.0523,0.882,network,0,0
Assurbanipal,0x121ca,13,0.6442,0.8065,network,0,0
Assurbanipal,0x121cb,1,0.7827,0.8275,skeleton,0,0
Assurbanipal,0x121cb,2,0.0074,0.7118,network,0,0
Assurbanipal,0x121cb,3,0.5467,0.9093,network,0,0
Assurbanipal,0x121cb,4,0.2932,0.8013,skeleton,0,0
Assurbanipal,0x121cb,5,0.7461,0.8016,network,0,0
Assurbanipal,0x121cb,6,0.6745,0.7134,network,0,0
Assurbanipal,0x121cb,7,0.0001,0.6474,network,0,0
Assurbanipal,0x121cb,8,0.7673,0.8495,network,0,0
Assurbanipal,0x121cb,9,0.7094,0.7094,network,0,0
Assurbanipal,0x121cc,1,0.7062,0.7982,skeleton,0,0
Assurbanipal,0x121cc,2,0.0021,0.6834,network,0,0
Assurbanipal,0x121cc,3,0.3088,0.8929,network,0,0
Assurbanipal,0x121cc,4,0.017,0.6545,network,0,0
Assurbanipal,0x121cc,5,0.7718,0.9023,network,0,0
Assurbanipal,0x121cc,6,0.0322,0.8723,network,0,0
Assurbanipal,0x121cc,7,0.5931,0.5931,network,0,0
Assurbanipal,0x121cc,8,0.4712,0.903,network,0,0
Assurbanipal,0x121cc,9,0.6606,0.8465,network,0,0
Assurbanipal,0x121cc,10,0.5851,0.8559,network,0,0
Assurbanipal,0x121cc,11,0.6805,0.7334,network,0,0
Assurbanipal,0x121cf,1,0.05,0.7786,skeleton,0,1
Assurbanipal,0x121cf,2,0.4873,0.7749,skeleton,0,0
Assurbanipal,0x121cf,3,0.5898,0.7042,skeleton,0,0
Assurbanipal,0x121cf,4,0.567,0.8542,network,0,0
Assurbanipal,0x121cf,5,0.7447,0.8084,skeleton,0,0
Assurbanipal,0x121cf,6,0.5516,0.8355,network,0,0
Assurbanipal,0x121cf,7,0.05,0.7617,skeleton,0,1
Assurbanipal,0x121cf,8,0.7154,0.7154,network,0,0
Assurbanipal,0x121cf,9,0.8331,0.882,network,0,0
Assurbanipal,0x121cf,10,0.658,0.7432,network,0,0
Assurbanipal,0x121d0,1,0.05,0.7268,skeleton,0,1
Assurbanipal,0x121d0,2,0.6935,0.8187,skeleton,0,0
Assurbanipal,0x121d0,3,0.5317,0.7659,skeleton,0,0
Assurbanipal,0x121d0,4,0.6234,0.8952,network,0,0
Assurbanipal,0x121d0,5,0.603,0.7484,network,0,0
Assurbanipal,0x121d0,6,0.6156,0.8899,network,0,0
Assurbanipal,0x121d0,7,0.521,0.7823,network,0,0
Assurbanipal,0x121d0,8,0.7387,0.7387,network,0,0
Assurbanipal,0x121d0,9,0.6988,0.9073,network,0,0
Assurbanipal,0x121d0,10,0.007,0.9105,network,0,0
Assurbanipal,0x121d0,11,0.4858,0.8911,network,0,0
Assurbanipal,0x121d0,12,0.2109,0.9161,network,0,0
Assurbanipal,0x121d0,13,0.7114,0.7349,network,0,0
Assurbanipal,0x121d1,1,0.7194,0.7439,skeleton,0,0
Assurbanipal,0x121d1,2,0.68,0.8267,skeleton,0,0
Assurbanipal,0x121d1,3,0.637,0.6562,network,0,0
Assurbanipal,0x121d1,4,0.6851,0.8585,network,0,0
Assurbanipal,0x121d1,5,0.7833,0.9292,network,0,0
Assurbanipal,0x121d1,6,0.7694,0.9083,network,0,0
Assurbanipal,0x121d1,7,0.8452,0.9252,network,0,0
Assurbanipal,0x121d1,8,0.7394,0.9412,network,0,0
Assurbanipal,0x121d1,9,0.6758,0.705,skeleton,0,0
Assurbanipal,0x121d2,1,0.0091,0.7307,network,0,0
Assurbanipal,0x121d2,2,0.7879,0.8199,skeleton,0,0
Assurbanipal,0x121d2,3,0.05,0.8749,skeleton,0,1
Assurbanipal,0x121d2,4,0.5665,0.658,network,0,0
Assurbanipal,0x121d2,5,0.4087,0.501,skeleton,0,0
Assurbanipal,0x121d2,6,0.215,0.88,network,0,0
Assurbanipal,0x121d2,7,0.554,0.9436,network,0,0
Assurbanipal,0x121d2,8,0.7578,0.7729,network,0,0
Assurbanipal,0x121d3,1,0.8026,0.8467,skeleton,0,0
Assurbanipal,0x121d3,2,0.05,0.5936,skeleton,0,1
Assurbanipal,0x121d3,3,0.4192,0.8754,network,0,0
Assurbanipal,0x121d3,4,0.6192,0.6619,skeleton,0,0
Assurbanipal,0x121d3,5,0.0118,0.3975,network,1,0
Assurbanipal,0x121d3,6,0.0168,0.5879,network,0,0
Assurbanipal,0x121d3,7,0.6202,0.8138,network,0,0
Assurbanipal,0x121d3,8,0.1112,0.9266,network,0,0
Assurbanipal,0x121d3,9,0.4501,0.8542,network,0,0
Assurbanipal,0x121d3,10,0.0498,0.8292,network,0,0
Assurbanipal,0x121d3,11,0.2511,0.6822,network,0,0
Assurbanipal,0x121d3,12,0.5865,0.858,network,0,0
Assurbanipal,0x121d3,13,0.6522,0.8429,skeleton,0,0
Assurbanipal,0x121d3,14,0.3625,0.3625,skeleton,0,0
Assurbanipal,0x121d3,15,0.5936,0.8487,network,0,0
Assurbanipal,0x121d3,16,0.05,0.742,skeleton,1,1
Assurbanipal,0x121d5,1,0.05,0.6723,skeleton,1,1
Assurbanipal,0x121d5,2,0.7249,0.7937,skeleton,0,0
Assurbanipal,0x121d5,3,0.5751,0.6549,skeleton,0,0
Assurbanipal,0x121d5,4,0.6188,0.8259,network,0,0
Assurbanipal,0x121d5,5,0.8019,0.8984,network,0,0
Assurbanipal,0x121d5,6,0.6086,0.6202,network,0,0
Assurbanipal,0x121d6,1,0.05,0.7589,skeleton,0,1
Assurbanipal,0x121d6,2,0.6142,0.8096,skeleton,0,0
Assurbanipal,0x121d6,3,0.5689,0.7364,skeleton,0,0
Assurbanipal,0x121d6,4,0.5511,0.7635,skeleton,0,0
Assurbanipal,0x121d6,5,0.7469,0.8575,skeleton,0,0
Assurbanipal,0x121d6,6,0.6174,0.8745,network,0,0
Assurbanipal,0x121d6,7,0.8179,0.8179,network,0,0
Assurbanipal,0x121d6,8,0.7402,0.7614,network,0,0
Assurbanipal,0x121d6,9,0.8608,0.8852,network,0,0
Assurbanipal,0x121d6,10,0.8434,0.9009,network,0,0
Assurbanipal,0x121d6,11,0.05,0.7843,skeleton,1,1
Assurbanipal,0x121d7,1,0.05,0.6893,skeleton,0,1
Assurbanipal,0x121d7,2,0.7276,0.8202,skeleton,0,0
Assurbanipal,0x121d7,3,0.4249,0.8306,network,0,0
Assurbanipal,0x121d7,4,0.8123,0.8123,network,0,0
Assurbanipal,0x121d7,5,0.7256,0.7256,network,0,0
Assurbanipal,0x121d7,6,0.0287,0.785,network,0,0
Assurbanipal,0x121d7,7,0.6063,0.6788,skeleton,0,0
Assurbanipal,0x121d7,8,0.6758,0.8065,skeleton,0,0
Assurbanipal,0x121d7,9,0.6943,0.8298,network,0,0
Assurbanipal,0x121d7,10,0.628,0.628,skeleton,0,0
Assurbanipal,0x121d7,11,0.5122,0.6496,network,0,0
Assurbanipal,0x121d8,1,0.0137,0.7642,network,0,0
Assurbanipal,0x121d8,2,0.7284,0.8152,skeleton,0,0
Assurbanipal,0x121d8,3,0.5641,0.7086,skeleton,0,0
Assurbanipal,0x121d8,4,0.6901,0.6901,network,0,0
Assurbanipal,0x121d8,5,0.637,0.6955,network,0,0
Assurbanipal,0x121d8,6,0.05,0.6496,skeleton,1,1
Assurbanipal,0x121d9,1,0.6361,0.6361,skeleton,0,0
Assurbanipal,0x121d9,2,0.7178,0.7972,skeleton,0,0
Assurbanipal,0x121d9,3,0.084,0.6266,network,0,0
Assurbanipal,0x121d9,4,0.6693,0.8556,network,0,0
Assurbanipal,0x121d9,5,0.6252,0.6325,network,0,0
Assurbanipal,0x121d9,6,0.0448,0.6859,network,0,0
Assurbanipal,0x121d9,7,0.051,0.9406,network,0,0
Assurbanipal,0x121d9,8,0.0,0.5472,network,1,0
Assurbanipal,0x121d9,9,0.61,0.8918,network,0,0
Assurbanipal,0x121d9,10,0.7592,0.9515,network,0,0
Assurbanipal,0x121d9,11,0.7447,0.8208,network,0,0
Assurbanipal,0x121da,1,0.05,0.7241,skeleton,0,1
Assurbanipal,0x121da,2,0.6988,0.8236,skeleton,0,0
Assurbanipal,0x121da,3,0.3053,0.903,network,0,0
Assurbanipal,0x121da,4,0.577,0.8472,network,0,0
Assurbanipal,0x121da,5,0.213,0.8179,network,0,0
Assurbanipal,0x121da,6,0.5946,0.642,skeleton,0,0
Assurbanipal,0x121da,7,0.5856,0.9446,network,0,0
Assurbanipal,0x121da,8,0.3398,0.8482,network,0,0
Assurbanipal,0x121da,9,0.7883,0.8529,network,0,0
Assurbanipal,0x121da,10,0.6415,0.8108,network,0,0
Assurbanipal,0x121da,11,0.739,0.9351,network,0,0
Assurbanipal,0x121da,12,0.6536,0.7705,network,0,0
Assurbanipal,0x121da,13,0.6947,0.7614,network,0,0
Assurbanipal,0x121db,1,0.783,0.8366,skeleton,0,0
Assurbanipal,0x121db,2,0.05,0.6993,skeleton,0,1
Assurbanipal,0x121db,3,0.6132,0.8745,network,0,0
Assurbanipal,0x121db,4,0.805,0.8117,network,0,0
Assurbanipal,0x121db,5,0.5913,0.6901,skeleton,0,0
Assurbanipal,0x121db,6,0.7009,0.8059,network,0,0
Assurbanipal,0x121db,7,0.1655,0.9294,network,0,0
Assurbanipal,0x121db,8,0.29,0.9263,network,0,0
Assurbanipal,0x121db,9,0.4533,0.8899,network,0,0
Assurbanipal,0x121db,10,0.6758,0.836,skeleton,0,0
Assurbanipal,0x121db,11,0.736,0.8155,network,0,0
Assurbanipal,0x121db,12,0.7578,0.8895,network,0,0
Assurbanipal,0x121db,13,0.6864,0.812,network,0,0
Assurbanipal,0x121dc,1,0.05,0.7856,skeleton,0,1
Assurbanipal,0x121dc,2,0.7268,0.7988,skeleton,0,0
Assurbanipal,0x121dc,3,0.0082,0.9307,network,0,0
Assurbanipal,0x121dc,4,0.1569,0.8625,network,0,0
Assurbanipal,0x121dc,5,0.0121,0.5156,network,0,0
Assurbanipal,0x121dc,6,0.6922,0.9332,skeleton,0,0
Assurbanipal,0x121dc,7,0.6197,0.6509,skeleton,0,0
Assurbanipal,0x121dc,8,0.05,0.8566,skeleton,0,1
Assurbanipal,0x121dc,9,0.6922,0.8762,skeleton,0,0
Assurbanipal,0x121dc,10,0.6137,0.8328,network,0,0
Assurbanipal,0x121dc,11,0.8295,0.8629,skeleton,0,0
Assurbanipal,0x121dc,12,0.5627,0.8888,network,0,0
Assurbanipal,0x121dc,13,0.0055,0.88,network,0,0
Assurbanipal,0x121dc,14,0.0031,0.3828,network,0,0
Assurbanipal,0x121dc,15,0.6689,0.7687,network,0,0
Assurbanipal,0x121de,1,0.7311,0.8084,skeleton,0,0
Assurbanipal,0x121de,2,0.7793,0.8208,skeleton,0,0
Assurbanipal,0x121de,3,0.3725,0.8505,network,0,0
Assurbanipal,0x121de,4,0.3277,0.8998,skeleton,0,0
Assurbanipal,0x121de,5,0.6393,0.9089,skeleton,0,0
Assurbanipal,0x121de,6,0.6086,0.7013,skeleton,0,0
Assurbanipal,0x121de,7,0.7659,0.9317,network,0,0
Assurbanipal,0x121de,8,0.6693,0.8652,network,0,0
Assurbanipal,0x121de,9,0.7268,0.8907,network,0,0
Assurbanipal,0x121de,10,0.0432,0.8405,network,0,0
Assurbanipal,0x121de,11,0.6706,0.8816,network,0,0
Assurbanipal,0x121de,12,0.6697,0.8339,network,0,0
Assurbanipal,0x121df,1,0.05,0.7299,skeleton,0,1
Assurbanipal,0x121df,2,0.7368,0.8075,skeleton,0,0
Assurbanipal,0x121df,3,0.5832,0.6766,skeleton,0,0
Assurbanipal,0x121df,4,0.0049,0.8403,network,0,0
Assurbanipal,0x121df,5,0.0001,0.8657,network,0,1
Assurbanipal,0x121df,6,0.05,0.7118,skeleton,1,1
Assurbanipal,0x121e0,1,0.7025,0.7928,skeleton,0,0
Assurbanipal,0x121e0,2,0.6593,0.8093,skeleton,0,0
Assurbanipal,0x121e0,3,0.521,0.6658,skeleton,0,0
Assurbanipal,0x121e0,4,0.0005,0.8573,network,0,0
Assurbanipal,0x121e0,5,0.0004,0.8001,network,0,0
Assurbanipal,0x121e0,6,0.0019,0.9073,network,0,0
Assurbanipal,0x121e0,7,0.0004,0.8529,network,0,0
Assurbanipal,0x121e0,8,0.05,0.7513,skeleton,0,1
Assurbanipal,0x121e1,1,0.8202,0.8202,skeleton,0,0
Assurbanipal,0x121e1,2,0.5593,0.5593,network,0,0
Assurbanipal,0x121e1,3,0.5424,0.8715,network,0,0
Assurbanipal,0x121e1,4,0.0013,0.7029,network,0,0
Assurbanipal,0x121e1,5,0.6518,0.7638,network,0,0
Assurbanipal,0x121e1,6,0.777,0.8973,skeleton,0,0
Assurbanipal,0x121e1,7,0.5837,0.8888,network,0,0
Assurbanipal,0x121e1,8,0.0003,0.9155,network,0,0
Assurbanipal,0x121e1,9,0.7698,0.9099,network,0,0
Assurbanipal,0x121e1,10,0.4659,0.9146,network,0,0
Assurbanipal,0x121e1,11,0.6834,0.7624,network,0,0
Assurbanipal,0x121e3,1,0.7217,0.8426,skeleton,0,0
Assurbanipal,0x121e3,2,0.6676,0.795,network,0,0
Assurbanipal,0x121e3,3,0.0379,0.849,network,0,0
Assurbanipal,0x121e3,4,0.4664,0.8872,network,0,0
Assurbanipal,0x121e3,5,0.637,0.8303,network,0,0
Assurbanipal,0x121e3,6,0.7722,0.9185,network,0,0
Assurbanipal,0x121e3,7,0.8102,0.8173,network,0,0
Assurbanipal,0x121e3,8,0.7009,0.9002,skeleton,0,0
Assurbanipal,0x121e3,9,0.8477,0.8984,network,0,0
Assurbanipal,0x121e3,10,0.0069,0.9009,network,0,0
Assurbanipal,0x121e3,11,0.7356,0.8167,skeleton,0,0
Assurbanipal,0x121e3,12,0.7461,0.9053,network,0,0
Assurbanipal,0x121e3,13,0.6918,0.8828,network,0,0
Assurbanipal,0x121e3,14,0.658,0.8093,network,0,0
Assurbanipal,0x121e4,1,0.6311,0.7797,skeleton,0,0
Assurbanipal,0x121e4,2,0.715,0.7578,skeleton,0,0
Assurbanipal,0x121e4,3,0.6968,0.9356,skeleton,0,0
Assurbanipal,0x121e4,4,0.4397,0.8648,skeleton,0,0
Assurbanipal,0x121e4,5,0.7642,0.823,network,0,0
Assurbanipal,0x121e4,6,0.013,0.6893,network,0,0
Assurbanipal,0x121e4,7,0.7021,0.9161,skeleton,0,0
Assurbanipal,0x121e4,8,0.6723,0.8242,network,0,0
Assurbanipal,0x121e4,9,0.654,0.654,network,0,0
Assurbanipal,0x121e4,10,0.0003,0.8675,network,0,0
Assurbanipal,0x121e4,11,0.6658,0.9202,network,0,0
Assurbanipal,0x121e4,12,0.6118,0.8791,network,0,0
Assurbanipal,0x121e4,13,0.427,0.944,network,0,0
Assurbanipal,0x121e4,14,0.7268,0.8723,network,0,0
Assurbanipal,0x121e4,15,0.7876,0.9143,network,0,0
Assurbanipal,0x121e4,16,0.0,0.7708,network,0,0
Assurbanipal,0x121e4,17,0.7062,0.9381,network,0,0
Assurbanipal,0x121e4,18,0.7237,0.903,network,0,0
Assurbanipal,0x121e4,19,0.7356,0.8554,network,0,0
Assurbanipal,0x121e5,1,0.7272,0.7817,skeleton,0,0
Assurbanipal,0x121e5,2,0.6361,0.6361,skeleton,0,0
Assurbanipal,0x121e5,3,0.603,0.6375,network,0,0
Assurbanipal,0x121e5,4,0.4883,0.9134,network,0,0
Assurbanipal,0x121e5,5,0.7564,0.7729,skeleton,0,0
Assurbanipal,0x121e6,1,0.7603,0.801,skeleton,0,0
Assurbanipal,0x121e6,2,0.0043,0.6864,network,0,1
Assurbanipal,0x121e6,3,0.658,0.6741,network,0,0
Assurbanipal,0x121e6,4,0.6658,0.8728,network,0,0
Assurbanipal,0x121e6,5,0.7712,0.8758,network,0,0
Assurbanipal,0x121e6,6,0.6575,0.7272,skeleton,0,0
Assurbanipal,0x121e6,7,0.554,0.8452,skeleton,0,0
Assurbanipal,0x121e6,8,0.05,0.633,skeleton,1,1
Assurbanipal,0x121e7,1,0.6063,0.7991,skeleton,0,0
Assurbanipal,0x121e7,2,0.0017,0.7556,network,0,1
Assurbanipal,0x121e7,3,0.5229,0.848,network,0,0
Assurbanipal,0x121e7,4,0.6762,0.7206,network,0,0
Assurbanipal,0x121e7,5,0.6343,0.8661,network,0,0
Assurbanipal,0x121e7,6,0.705,0.8487,network,0,0
Assurbanipal,0x121e7,7,0.779,0.782,network,0,0
Assurbanipal,0x121e8,1,0.05,0.7394,network,0,1
Assurbanipal,0x121e8,2,0.688,0.8236,skeleton,0,0
Assurbanipal,0x121e8,3,0.6456,0.8666,network,0,0
Assurbanipal,0x121e8,4,0.7553,0.8816,network,0,0
Assurbanipal,0x121e8,5,0.5941,0.6482,skeleton,0,0
Assurbanipal,0x121e8,6,0.6805,0.8352,network,0,0
Assurbanipal,0x121e8,7,0.6567,0.8259,network,0,0
Assurbanipal,0x121e8,8,0.337,0.8749,network,0,0
Assurbanipal,0x121e8,9,0.4883,0.8298,network,0,0
Assurbanipal,0x121e8,10,0.6518,0.7465,network,0,0
Assurbanipal,0x121e8,11,0.7476,0.884,network,0,0
Assurbanipal,0x121e8,12,0.05,0.7684,skeleton,1,1
Assurbanipal,0x121e9,1,0.05,0.7058,skeleton,0,1
Assurbanipal,0x121e9,2,0.6192,0.7827,skeleton,0,0
Assurbanipal,0x121e9,3,0.6238,0.6762,skeleton,0,0
Assurbanipal,0x121e9,4,0.003,0.4951,network,0,1
Assurbanipal,0x121e9,5,0.661,0.8314,network,0,0
Assurbanipal,0x121e9,6,0.7921,0.871,network,0,0
Assurbanipal,0x121e9,7,0.6248,0.6745,network,0,0
Assurbanipal,0x121ea,1,0.05,0.6972,skeleton,0,1
Assurbanipal,0x121ea,2,0.5765,0.7538,skeleton,0,0
Assurbanipal,0x121ea,3,0.5607,0.6284,skeleton,0,0
Assurbanipal,0x121ea,4,0.7424,0.9124,skeleton,0,0
Assurbanipal,0x121ea,5,0.204,0.7364,skeleton,0,0
Assurbanipal,0x121ea,6,0.7106,0.9388,network,0,0
Assurbanipal,0x121ea,7,0.8452,0.9167,network,0,0
Assurbanipal,0x121ea,8,0.7912,0.8966,network,0,0
Assurbanipal,0x121ea,9,0.05,0.7001,skeleton,1,1
Assurbanipal,0x121eb,1,0.5516,0.8472,network,0,0
Assurbanipal,0x121eb,2,0.4625,0.7368,skeleton,0,0
Assurbanipal,0x121eb,3,0.2154,0.7405,skeleton,0,0
Assurbanipal,0x121eb,4,0.0663,0.5098,network,0,0
Assurbanipal,0x121eb,5,0.3159,0.6984,skeleton,0,0
Assurbanipal,0x121eb,6,0.5414,0.5414,skeleton,0,0
Assurbanipal,0x121ec,1,0.5922,0.8554,network,0,0
Assurbanipal,0x121ec,2,0.5922,0.8808,network,0,0
Assurbanipal,0x121ec,3,0.6976,0.8775,network,0,0
Assurbanipal,0x121ec,4,0.742,0.8099,network,0,0
Assurbanipal,0x121ed,1,0.5501,0.796,network,0,0
Assurbanipal,0x121ed,2,0.6527,0.8287,network,0,0
Assurbanipal,0x121ed,3,0.5922,0.8358,network,0,0
Assurbanipal,0x121ed,4,0.5823,0.8325,network,0,0
Assurbanipal,0x121ed,5,0.181,0.7621,network,0,0
Assurbanipal,0x121ed,6,0.7596,0.7899,network,0,0
Assurbanipal,0x121ed,7,0.5317,0.7021,network,0,0
Assurbanipal,0x121ed,8,0.7214,0.8534,network,0,0
Assurbanipal,0x121ee,1,0.6016,0.8477,network,0,0
Assurbanipal,0x121ee,2,0.0097,0.7291,network,0,0
Assurbanipal,0x121ee,3,0.6758,0.7607,network,0,0
Assurbanipal,0x121ee,4,0.4966,0.8575,network,0,0
Assurbanipal,0x121ee,5,0.255,0.7158,network,0,0
Assurbanipal,0x121ee,6,0.7578,0.8395,network,0,0
Assurbanipal,0x121ee,7,0.5689,0.8736,network,0,0
Assurbanipal,0x121ee,8,0.05,0.654,skeleton,0,1
Assurbanipal,0x121ee,9,0.7349,0.8779,skeleton,0,0
Assurbanipal,0x121ee,10,0.7953,0.84,network,0,0
Assurbanipal,0x121ee,11,0.5746,0.7934,network,0,0
Assurbanipal,0x121ee,12,0.6843,0.7763,network,0,0
Assurbanipal,0x121ee,13,0.6843,0.9067,network,0,0
Assurbanipal,0x121ee,14,0.6728,0.8749,network,0,0
Assurbanipal,0x121ee,15,0.6671,0.8405,network,0,0
Assurbanipal,0x121ef,1,0.5978,0.8556,network,0,0
Assurbanipal,0x121ef,2,0.6307,0.8597,network,0,0
Assurbanipal,0x121ef,3,0.6876,0.8457,network,0,0
Assurbanipal,0x121ef,4,0.6438,0.8848,network,0,0
Assurbanipal,0x121ef,5,0.7054,0.836,skeleton,0,0
Assurbanipal,0x121ef,6,0.6361,0.8684,network,0,0
Assurbanipal,0x121ef,7,0.7574,0.7684,skeleton,0,0
Assurbanipal,0x121f0,1,0.717,0.8505,network,0,0
Assurbanipal,0x121f0,2,0.213,0.8657,network,0,0
Assurbanipal,0x121f0,3,0.0005,0.6553,skeleton,0,0
Assurbanipal,0x121f0,4,0.7379,0.9472,network,0,0
Assurbanipal,0x121f0,5,0.6375,0.9353,network,0,0
Assurbanipal,0x121f0,6,0.0081,0.9023,network,0,0
Assurbanipal,0x121f0,7,0.7256,0.836,skeleton,0,0
Assurbanipal,0x121f0,8,0.6702,0.8832,network,0,0
Assurbanipal,0x121f0,9,0.6834,0.745,network,0,0
Assurbanipal,0x121f0,10,0.6702,0.7953,skeleton,0,0
Assurbanipal,0x121f0,11,0.05,0.812,network,0,1
Assurbanipal,0x121f0,12,0.4501,0.9093,skeleton,0,0
Assurbanipal,0x121f0,13,0.0447,0.8995,network,0,0
Assurbanipal,0x121f0,14,0.5511,0.9216,network,0,0
Assurbanipal,0x121f0,15,0.096,0.8426,network,0,0
Assurbanipal,0x121f0,16,0.5617,0.7458,network,0,0
Assurbanipal,0x121f0,17,0.8155,0.8155,network,0,0
Assurbanipal,0x121f0,18,0.5029,0.8239,network,0,0
Assurbanipal,0x121f2,1,0.6741,0.8485,network,0,0
Assurbanipal,0x121f2,2,0.6388,0.6602,network,0,0
Assurbanipal,0x121f3,1,0.7322,0.8693,network,0,0
Assurbanipal,0x121f3,2,0.5487,0.8413,network,0,0
Assurbanipal,0x121f3,3,0.5341,0.6343,network,0,0
Assurbanipal,0x121f3,4,0.5917,0.5917,network,0,0
Assurbanipal,0x121f5,1,0.4863,0.8715,network,0,0
Assurbanipal,0x121f5,2,0.595,0.7353,network,0,0
Assurbanipal,0x121f5,3,0.5832,0.7564,skeleton,0,0
Assurbanipal,0x121f5,4,0.0024,0.6142,network,1,0
Assurbanipal,0x121f5,5,0.4873,0.7899,network,0,0
Assurbanipal,0x121f5,6,0.7245,0.9194,network,0,0
Assurbanipal,0x121f5,7,0.7078,0.8594,network,0,0
Assurbanipal,0x121f5,8,0.5756,0.7793,network,0,0
Assurbanipal,0x121f5,9,0.7469,0.7469,network,0,0
Assurbanipal,0x121f8,1,0.6293,0.783,network,0,0
Assurbanipal,0x121f8,2,0.4085,0.8047,network,0,0
Assurbanipal,0x121f8,3,0.632,0.8102,skeleton,0,0
Assurbanipal,0x121f8,4,0.0413,0.3153,network,0,0
Assurbanipal,0x121f8,5,0.5501,0.8341,network,0,0
Assurbanipal,0x121f8,6,0.3001,0.7383,skeleton,0,0
Assurbanipal,0x121f8,7,0.3001,0.8568,skeleton,0,0
Assurbanipal,0x121f8,8,0.1499,0.847,network,0,0
Assurbanipal,0x121f8,9,0.7628,0.8355,network,0,0
Assurbanipal,0x121f8,10,0.8029,0.8029,network,0,0
Assurbanipal,0x121f8,11,0.05,0.3109,network,1,1
Assurbanipal,0x121fc,1,0.6146,0.6146,skeleton,0,0
Assurbanipal,0x121fc,2,0.8026,0.817,skeleton,0,0
Assurbanipal,0x121fc,3,0.5607,0.85,network,0,0
Assurbanipal,0x121fc,4,0.7487,0.7846,network,0,0
Assurbanipal,0x121fc,5,0.7736,0.7736,network,0,0
Assurbanipal,0x121fc,6,0.7345,0.8029,network,0,0
Assurbanipal,0x121fc,7,0.0,0.7582,network,0,0
Assurbanipal,0x121fc,8,0.0,0.6826,network,1,0
Assurbanipal,0x121fc,9,0.6211,0.8273,network,0,0
Assurbanipal,0x121fe,1,0.5974,0.8542,skeleton,0,0
Assurbanipal,0x121fe,2,0.7229,0.7722,skeleton,0,0
Assurbanipal,0x121fe,3,0.6885,0.8592,network,0,0
Assurbanipal,0x121fe,4,0.7585,0.7585,network,0,0
Assurbanipal,0x121fe,5,0.462,0.6993,skeleton,0,0
Assurbanipal,0x121fe,6,0.5278,0.9124,network,0,0
Assurbanipal,0x121fe,7,0.7174,0.8158,network,0,0
Assurbanipal,0x121fe,8,0.867,0.8679,skeleton,0,0
Assurbanipal,0x121fe,9,0.5679,0.8991,network,0,0
Assurbanipal,0x121fe,10,0.2117,0.7303,skeleton,0,0
Assurbanipal,0x121fe,11,0.6885,0.8059,network,0,0
Assurbanipal,0x121fe,12,0.7122,0.8824,network,0,0
Assurbanipal,0x121fe,13,0.6988,0.83,skeleton,0,0
Assurbanipal,0x121fe,14,0.0009,0.6868,network,0,0
Assurbanipal,0x121fe,15,0.0596,0.8856,network,0,0
Assurbanipal,0x121fe,16,0.0079,0.9284,network,0,0
Assurbanipal,0x121ff,1,0.5722,0.7813,skeleton,0,0
Assurbanipal,0x121ff,2,0.7813,0.7813,skeleton,0,0
Assurbanipal,0x121ff,3,0.752,0.8741,network,0,0
Assurbanipal,0x121ff,4,0.6855,0.84,network,0,0
Assurbanipal,0x121ff,5,0.4402,0.7417,skeleton,0,0
Assurbanipal,0x121ff,6,0.6947,0.9099,network,0,0
Assurbanipal,0x121ff,7,0.7198,0.782,network,0,0
Assurbanipal,0x121ff,8,0.8679,0.8766,skeleton,0,0
Assurbanipal,0x121ff,9,0.4673,0.8374,network,0,0
Assurbanipal,0x121ff,10,0.5433,0.7237,skeleton,0,0
Assurbanipal,0x121ff,11,0.3838,0.8222,network,0,0
Assurbanipal,0x121ff,12,0.0059,0.3176,network,1,0
Assurbanipal,0x12202,1,0.6289,0.8072,network,0,0
Assurbanipal,0x12202,2,0.7687,0.7687,skeleton,0,0
Assurbanipal,0x12202,3,0.6817,0.8284,network,0,0
Assurbanipal,0x12202,4,0.7527,0.8828,network,0,0
Assurbanipal,0x12202,5,0.0056,0.9247,network,0,0
Assurbanipal,0x12202,6,0.6114,0.917,skeleton,0,0
Assurbanipal,0x12202,7,0.7178,0.8977,skeleton,0,0
Assurbanipal,0x12202,8,0.7126,0.7931,network,0,0
Assurbanipal,0x12202,9,0.4897,0.9012,network,0,0
Assurbanipal,0x12202,10,0.5419,0.7827,skeleton,0,0
Assurbanipal,0x12202,11,0.5107,0.9363,network,0,0
Assurbanipal,0x12202,12,0.6775,0.8973,network,0,0
Assurbanipal,0x12202,13,0.0267,0.9519,network,0,0
Assurbanipal,0x12202,14,0.5107,0.9268,network,0,0
Assurbanipal,0x12202,15,0.0155,0.9456,network,0,0
Assurbanipal,0x12202,16,0.7428,0.9222,network,0,0
Assurbanipal,0x12203,1,0.6343,0.7763,network,0,0
Assurbanipal,0x12203,2,0.7353,0.7698,skeleton,0,0
Assurbanipal,0x12203,3,0.6736,0.8423,network,0,0
Assurbanipal,0x12203,4,0.7516,0.8715,network,0,0
Assurbanipal,0x12203,5,0.0061,0.9194,network,0,0
Assurbanipal,0x12203,6,0.5922,0.8988,skeleton,0,0
Assurbanipal,0x12203,7,0.6914,0.8876,network,0,0
Assurbanipal,0x12203,8,0.6876,0.8233,network,0,0
Assurbanipal,0x12203,9,0.2358,0.8702,network,0,0
Assurbanipal,0x12203,10,0.5799,0.7158,network,0,0
Assurbanipal,0x12203,11,0.4254,0.871,network,0,0
Assurbanipal,0x12203,12,0.1027,0.8571,network,0,0
Assurbanipal,0x12203,13,0.3605,0.8556,skeleton,0,0
Assurbanipal,0x12203,14,0.3627,0.3627,network,0,0
Assurbanipal,0x12203,15,0.3134,0.8688,skeleton,0,0
Assurbanipal,0x12203,16,0.0272,0.8202,skeleton,0,0
Assurbanipal,0x12204,1,0.54,0.7941,skeleton,0,0
Assurbanipal,0x12204,2,0.7739,0.7928,skeleton,0,0
Assurbanipal,0x12204,3,0.6889,0.8749,network,0,0
Assurbanipal,0x12204,4,0.7443,0.7698,network,0,0
Assurbanipal,0x12204,5,0.6016,0.8029,skeleton,0,0
Assurbanipal,0x12204,6,0.5742,0.8991,network,0,0
Assurbanipal,0x12204,7,0.7233,0.8314,network,0,0
Assurbanipal,0x12204,8,0.7928,0.9033,network,0,0
Assurbanipal,0x12204,9,0.6855,0.8907,network,0,0
Assurbanipal,0x12204,10,0.0103,0.7549,network,0,0
Assurbanipal,0x12204,11,0.6039,0.9057,network,0,0
Assurbanipal,0x12204,12,0.7461,0.8736,network,0,0
Assurbanipal,0x12204,13,0.0569,0.9372,network,0,0
Assurbanipal,0x12204,14,0.0014,0.9361,network,0,0
Assurbanipal,0x12204,15,0.7722,0.8075,network,0,0
Assurbanipal,0x12204,16,0.7823,0.8973,network,0,0
Assurbanipal,0x12204,17,0.7245,0.9412,network,0,0
Assurbanipal,0x12205,1,0.577,0.8155,skeleton,0,0
Assurbanipal,0x12205,2,0.7402,0.8184,skeleton,0,0
Assurbanipal,0x12205,3,0.719,0.8675,network,0,0
Assurbanipal,0x12205,4,0.7142,0.8702,network,0,0
Assurbanipal,0x12205,5,0.006,0.9182,network,0,0
Assurbanipal,0x12205,6,0.5156,0.9284,network,0,0
Assurbanipal,0x12205,7,0.0,0.8758,network,0,1
Assurbanipal,0x12205,8,0.6939,0.8517,network,0,0
Assurbanipal,0x12205,9,0.0379,0.8556,network,0,0
Assurbanipal,0x12205,10,0.5127,0.7264,network,0,0
Assurbanipal,0x12205,11,0.6788,0.906,network,0,0
Assurbanipal,0x12205,12,0.748,0.9083,network,0,0
Assurbanipal,0x12205,13,0.748,0.9143,network,0,0
Assurbanipal,0x12205,14,0.3168,0.9627,network,0,0
Assurbanipal,0x12208,1,0.5559,0.8152,skeleton,0,0
Assurbanipal,0x12208,2,0.7549,0.8069,skeleton,0,0
Assurbanipal,0x12208,3,0.7134,0.8423,network,0,0
Assurbanipal,0x12208,4,0.5665,0.9149,skeleton,0,0
Assurbanipal,0x12208,5,0.711,0.8856,network,0,0
Assurbanipal,0x12208,6,0.668,0.9228,skeleton,0,0
Assurbanipal,0x12208,7,0.7988,0.8661,skeleton,0,0
Assurbanipal,0x12208,8,0.6753,0.8331,network,0,0
Assurbanipal,0x12208,9,0.6169,0.8741,network,0,0
Assurbanipal,0x12208,10,0.6169,0.8804,network,0,0
Assurbanipal,0x12208,11,0.6676,0.6997,network,0,0
Assurbanipal,0x12208,12,0.7402,0.9143,skeleton,0,0
Assurbanipal,0x12208,13,0.321,0.7957,network,0,0
Assurbanipal,0x12208,14,0.7198,0.8848,skeleton,0,0
Assurbanipal,0x12208,15,0.4834,0.8973,network,0,0
Assurbanipal,0x12208,16,0.8559,0.9086,network,0,0
Assurbanipal,0x1220a,1,0.6805,0.8069,network,0,0
Assurbanipal,0x1220a,2,0.7326,0.805,skeleton,0,0
Assurbanipal,0x1220a,3,0.6847,0.8418,network,0,0
Assurbanipal,0x1220a,4,0.782,0.8779,network,0,0
Assurbanipal,0x1220a,5,0.0121,0.9284,network,0,0
Assurbanipal,0x1220a,6,0.6025,0.8684,network,0,0
Assurbanipal,0x1220a,7,0.809,0.8903,network,0,0
Assurbanipal,0x1220a,8,0.6876,0.8796,network,0,0
Assurbanipal,0x1220a,9,0.5875,0.8918,network,0,0
Assurbanipal,0x1220a,10,0.6809,0.7663,network,0,0
Assurbanipal,0x1220a,11,0.0501,0.819,network,0,0
Assurbanipal,0x1220a,12,0.0011,0.3022,network,0,0
Assurbanipal,0x1220a,13,0.5366,0.8371,network,0,0
Assurbanipal,0x1220a,14,0.0041,0.848,network,0,0
Assurbanipal,0x1220c,1,0.5679,0.7928,skeleton,0,0
Assurbanipal,0x1220c,2,0.7556,0.7918,skeleton,0,0
Assurbanipal,0x1220c,3,0.7443,0.8766,network,0,0
Assurbanipal,0x1220c,4,0.7472,0.847,network,0,0
Assurbanipal,0x1220c,5,0.5842,0.785,skeleton,0,0
Assurbanipal,0x1220c,6,0.5336,0.9315,network,0,0
Assurbanipal,0x1220c,7,0.688,0.8256,network,0,0
Assurbanipal,0x1220c,8,0.8228,0.8988,network,0,0
Assurbanipal,0x1220c,9,0.2792,0.8933,network,0,0
Assurbanipal,0x1220c,10,0.408,0.8111,skeleton,0,0
Assurbanipal,0x1220c,11,0.7182,0.8563,skeleton,0,0
Assurbanipal,0x1220c,12,0.8114,0.9023,network,0,0
Assurbanipal,0x1220c,13,0.8403,0.8666,network,0,0
Assurbanipal,0x1220c,14,0.5627,0.9222,network,0,0
Assurbanipal,0x1220c,15,0.3826,0.9427,skeleton,0,0
Assurbanipal,0x1220c,16,0.4971,0.9339,network,0,0
Assurbanipal,0x1220c,17,0.6411,0.7783,network,0,0
Assurbanipal,0x1220c,18,0.6864,0.8405,network,0,0
Assurbanipal,0x1220c,19,0.8205,0.8812,network,0,0
Assurbanipal,0x1220f,1,0.5429,0.7905,skeleton,0,0
Assurbanipal,0x1220f,2,0.7807,0.7909,skeleton,0,0
Assurbanipal,0x1220f,3,0.7341,0.8745,network,0,0
Assurbanipal,0x1220f,4,0.7578,0.7883,network,0,0
Assurbanipal,0x1220f,5,0.5283,0.8044,skeleton,0,0
Assurbanipal,0x1220f,6,0.5955,0.8977,network,0,0
Assurbanipal,0x1220f,7,0.6872,0.8431,network,0,0
Assurbanipal,0x1220f,8,0.8187,0.8568,network,0,0
Assurbanipal,0x1220f,9,0.5171,0.8497,network,0,0
Assurbanipal,0x1220f,10,0.5655,0.7383,skeleton,0,0
Assurbanipal,0x1220f,11,0.0004,0.9105,network,0,0
Assurbanipal,0x1220f,12,0.5171,0.7823,network,0,0
Assurbanipal,0x1220f,13,0.3429,0.825,skeleton,0,0
Assurbanipal,0x1220f,14,0.0198,0.7138,network,0,1
Assurbanipal,0x1220f,15,0.2072,0.7556,network,0,0
Assurbanipal,0x1220f,16,0.1987,0.9073,network,0,0
Assurbanipal,0x1220f,17,0.0064,0.9384,network,0,1
Assurbanipal,0x1220f,18,0.0493,0.781,skeleton,0,0
Assurbanipal,0x1220f,19,0.4771,0.4771,skeleton,0,0
Assurbanipal,0x1220f,20,0.1944,0.8001,network,0,0
Assurbanipal,0x1220f,21,0.0996,0.8264,network,0,0
Assurbanipal,0x1220f,22,0.0264,0.7783,network,0,0
Assurbanipal,0x1220f,23,0.0457,0.5856,network,0,0
Assurbanipal,0x1220f,24,0.5151,0.8944,network,0,0
Assurbanipal,0x1220f,25,0.7021,0.9063,network,0,0
Assurbanipal,0x12210,1,0.6169,0.8007,network,0,0
Assurbanipal,0x12210,2,0.7033,0.7833,skeleton,0,0
Assurbanipal,0x12210,3,0.6817,0.8208,network,0,0
Assurbanipal,0x12210,4,0.7498,0.888,network,0,0
Assurbanipal,0x12210,5,0.0121,0.9353,network,0,0
Assurbanipal,0x12210,6,0.6307,0.9397,network,0,0
Assurbanipal,0x12210,7,0.8059,0.9155,network,0,0
Assurbanipal,0x12210,8,0.7146,0.8158,network,0,0
Assurbanipal,0x12210,9,0.5554,0.923,network,0,0
Assurbanipal,0x12210,10,0.4688,0.7417,network,0,0
Assurbanipal,0x12210,11,0.0005,0.8193,network,0,0
Assurbanipal,0x12210,12,0.0005,0.4839,network,0,1
Assurbanipal,0x12210,13,0.6025,0.9211,network,0,0
Assurbanipal,0x12210,14,0.05,0.8944,network,0,1
Assurbanipal,0x12210,15,0.5941,0.9112,network,0,0
Assurbanipal,0x12210,16,0.7909,0.8679,network,0,0
Assurbanipal,0x12211,1,0.5501,0.823,network,0,0
Assurbanipal,0x12211,2,0.0,0.8413,network,0,1
Assurbanipal,0x12211,3,0.7846,0.88,network,0,0
Assurbanipal,0x12211,4,0.0002,0.8029,skeleton,0,0
Assurbanipal,0x12211,5,0.0223,0.5112,network,0,1
Assurbanipal,0x12211,6,0.7106,0.7899,network,0,0
Assurbanipal,0x12211,7,0.0011,0.8382,network,0,1
Assurbanipal,0x12211,8,0.0028,0.7398,network,0,0
Assurbanipal,0x12211,9,0.6545,0.7756,network,0,0
Assurbanipal,0x12211,10,0.0036,0.3695,network,0,0
Assurbanipal,0x12211,11,0.413,0.413,network,0,0
Assurbanipal,0x12213,1,0.6719,0.8648,network,0,0
Assurbanipal,0x12213,2,0.713,0.7659,skeleton,0,0
Assurbanipal,0x12213,3,0.7249,0.8787,network,0,0
Assurbanipal,0x12213,4,0.7742,0.8903,network,0,0
Assurbanipal,0x12213,5,0.6334,0.847,network,0,0
Assurbanipal,0x12213,6,0.6197,0.8791,network,0,0
Assurbanipal,0x12213,7,0.7863,0.9009,network,0,0
Assurbanipal,0x12213,8,0.8666,0.905,network,0,0
Assurbanipal,0x12213,9,0.3705,0.9284,network,0,0
Assurbanipal,0x12213,10,0.7249,0.8397,skeleton,0,0
Assurbanipal,0x12213,11,0.0115,0.5249,skeleton,0,0
Assurbanipal,0x12213,12,0.0026,0.5751,skeleton,0,0
Assurbanipal,0x12215,1,0.6429,0.8459,network,0,0
Assurbanipal,0x12215,2,0.7797,0.7797,skeleton,0,0
Assurbanipal,0x12215,3,0.7062,0.8629,network,0,0
Assurbanipal,0x12215,4,0.7556,0.851,network,0,0
Assurbanipal,0x12215,5,0.6384,0.8675,network,0,0
Assurbanipal,0x12215,6,0.677,0.9334,network,0,0
Assurbanipal,0x12215,7,0.7379,0.8702,network,0,0
Assurbanipal,0x12215,8,0.8358,0.8629,skeleton,0,0
Assurbanipal,0x12215,9,0.1851,0.8984,network,0,0
Assurbanipal,0x12215,10,0.05,0.8948,network,0,1
Assurbanipal,0x12215,11,0.5569,0.8998,network,0,0
Assurbanipal,0x12215,12,0.5448,0.7364,network,0,0
Assurbanipal,0x12216,1,0.0002,0.827,network,0,0
Assurbanipal,0x12216,2,0.5964,0.8013,network,0,0
Assurbanipal,0x12216,3,0.6522,0.7249,network,0,0
Assurbanipal,0x12216,4,0.05,0.7763,skeleton,0,1
Assurbanipal,0x12216,5,0.7585,0.8007,skeleton,0,0
Assurbanipal,0x12216,6,0.4634,0.7624,skeleton,0,0
Assurbanipal,0x12216,7,0.5679,0.7931,network,0,0
Assurbanipal,0x12216,8,0.5646,0.6951,network,0,0
Assurbanipal,0x12216,9,0.632,0.6868,skeleton,0,0
Assurbanipal,0x12217,1,0.48,0.7491,skeleton,0,0
Assurbanipal,0x12217,2,0.6901,0.7233,network,0,0
Assurbanipal,0x12217,3,0.6293,0.8355,network,0,0
Assurbanipal,0x12217,4,0.7879,0.8078,network,0,0
Assurbanipal,0x12217,5,0.5879,0.884,network,0,0
Assurbanipal,0x12217,6,0.6375,0.8895,network,0,0
Assurbanipal,0x12217,7,0.6536,0.8004,network,0,0
Assurbanipal,0x12217,8,0.1826,0.906,network,0,0
Assurbanipal,0x12217,9,0.677,0.8766,network,0,0
Assurbanipal,0x12217,10,0.8559,0.8559,network,0,0
Assurbanipal,0x12217,11,0.6641,0.9155,network,0,0
Assurbanipal,0x12217,12,0.6935,0.8542,network,0,0
Assurbanipal,0x12219,1,0.0311,0.779,skeleton,0,0
Assurbanipal,0x12219,2,0.4693,0.7245,network,0,0
Assurbanipal,0x12219,3,0.6229,0.8836,network,0,0
Assurbanipal,0x12219,4,0.8143,0.8426,network,0,0
Assurbanipal,0x12219,5,0.6931,0.8245,network,0,0
Assurbanipal,0x12219,6,0.7094,0.8918,network,0,0
Assurbanipal,0x12219,7,0.5936,0.8563,network,0,0
Assurbanipal,0x12219,8,0.6169,0.9351,network,0,0
Assurbanipal,0x12219,9,0.6137,0.8937,network,0,0
Assurbanipal,0x12219,10,0.8652,0.8723,network,0,0
Assurbanipal,0x12219,11,0.7879,0.903,network,0,0
Assurbanipal,0x12219,12,0.6123,0.796,skeleton,0,0
Assurbanipal,0x12219,13,0.0001,0.5879,skeleton,0,0
Assurbanipal,0x12219,14,0.4499,0.8715,network,0,0
Assurbanipal,0x12219,15,0.3078,0.671,skeleton,0,0
Assurbanipal,0x12219,16,0.46,0.6589,network,0,0
Assurbanipal,0x12219,17,0.0003,0.3084,network,0,0
Assurbanipal,0x12219,18,0.0022,0.4036,skeleton,0,0
Assurbanipal,0x12219,19,0.0,0.4849,network,0,0
Assurbanipal,0x1221a,1,0.4422,0.8029,skeleton,0,0
Assurbanipal,0x1221a,2,0.7098,0.7098,network,0,0
Assurbanipal,0x1221a,3,0.6067,0.8648,network,0,0
Assurbanipal,0x1221a,4,0.6889,0.6889,network,0,0
Assurbanipal,0x1221a,5,0.719,0.719,network,0,0
Assurbanipal,0x1221a,6,0.7017,0.8706,network,0,0
Assurbanipal,0x1221a,7,0.5742,0.6951,skeleton,0,0
Assurbanipal,0x1221a,8,0.7746,0.9182,network,0,0
Assurbanipal,0x1221a,9,0.4829,0.9099,network,0,0
Assurbanipal,0x1221a,10,0.6834,0.8099,network,0,0
Assurbanipal,0x1221a,11,0.7538,0.8143,skeleton,0,0
Assurbanipal,0x1221a,12,0.6482,0.6482,skeleton,0,0
Assurbanipal,0x1221c,1,0.6567,0.8944,network,0,0
Assurbanipal,0x1221c,2,0.7736,0.8808,network,0,0
Assurbanipal,0x1221c,3,0.7659,0.8467,network,0,0
Assurbanipal,0x1221c,4,0.7652,0.8804,network,0,0
Assurbanipal,0x1221c,5,0.6522,0.661,network,0,0
Assurbanipal,0x1221c,6,0.7009,0.8618,network,0,0
Assurbanipal,0x1221c,7,0.6343,0.6411,network,0,0
Assurbanipal,0x1221d,1,0.0,0.7469,network,1,0
Assurbanipal,0x1221d,2,0.0355,0.8328,network,0,0
Assurbanipal,0x1221d,3,0.6447,0.8613,network,0,0
Assurbanipal,0x1221d,4,0.5205,0.8816,network,0,0
Assurbanipal,0x1221d,5,0.7509,0.8868,network,0,0
Assurbanipal,0x1221d,6,0.6897,0.7873,network,0,0
Assurbanipal,0x1221d,7,0.7054,0.8289,network,0,0
Assurbanipal,0x1221e,1,0.0026,0.8213,network,0,0
Assurbanipal,0x1221e,2,0.0015,0.7909,network,0,1
Assurbanipal,0x1221e,3,0.0301,0.654,network,0,0
Assurbanipal,0x1221e,4,0.3935,0.8534,network,0,0
Assurbanipal,0x1221e,5,0.0113,0.8706,skeleton,0,0
Assurbanipal,0x1221e,6,0.3935,0.8914,network,0,0
Assurbanipal,0x1221e,7,0.0001,0.3518,skeleton,0,0
Assurbanipal,0x1221e,8,0.0012,0.4364,network,0,0
Assurbanipal,0x1221e,9,0.001,0.595,network,0,0
Assurbanipal,0x1221e,10,0.6809,0.7198,skeleton,0,0
Assurbanipal,0x1221e,11,0.6169,0.7843,skeleton,0,0
Assurbanipal,0x1221e,12,0.061,0.8062,skeleton,0,0
Assurbanipal,0x1221f,1,0.0141,0.7937,network,0,0
Assurbanipal,0x1221f,2,0.0002,0.7245,network,0,0
Assurbanipal,0x1221f,3,0.3954,0.848,network,0,0
Assurbanipal,0x1221f,4,0.3632,0.9033,network,0,0
Assurbanipal,0x1221f,5,0.0513,0.8387,network,0,0
Assurbanipal,0x1221f,6,0.3053,0.8495,network,0,0
Assurbanipal,0x1221f,7,0.0261,0.8429,network,0,1
Assurbanipal,0x1221f,8,0.0246,0.8657,network,0,0
Assurbanipal,0x1221f,9,0.0212,0.4941,network,0,1
Assurbanipal,0x1221f,10,0.0031,0.7549,skeleton,0,0
Assurbanipal,0x1221f,11,0.6415,0.8219,skeleton,0,0
Assurbanipal,0x1221f,12,0.6007,0.7715,skeleton,0,0
Assurbanipal,0x1221f,13,0.1134,0.8688,network,0,0
Assurbanipal,0x1221f,14,0.0901,0.8891,network,0,0
Assurbanipal,0x1221f,15,0.709,0.8903,network,0,0
Assurbanipal,0x1221f,16,0.0082,0.8256,network,0,0
Assurbanipal,0x1221f,17,0.7524,0.9297,network,0,0
Assurbanipal,0x1221f,18,0.1036,0.9036,network,0,0
Assurbanipal,0x1221f,19,0.709,0.9214,network,0,0
Assurbanipal,0x1221f,20,0.7291,0.8844,network,0,0
Assurbanipal,0x1221f,21,0.622,0.9143,network,0,0
Assurbanipal,0x12222,1,0.6847,0.7725,skeleton,0,0
Assurbanipal,0x12222,2,0.65,0.6947,skeleton,0,0
Assurbanipal,0x12222,3,0.6123,0.7656,network,0,0
Assurbanipal,0x12222,4,0.6402,0.7435,skeleton,0,0
Assurbanipal,0x12222,5,0.5718,0.6955,network,0,0
Assurbanipal,0x12222,6,0.7628,0.7628,network,0,0
Assurbanipal,0x12223,1,0.6792,0.6792,network,0,0
Assurbanipal,0x12223,2,0.5641,0.7472,skeleton,0,0
Assurbanipal,0x12223,3,0.7025,0.7025,network,0,0
Assurbanipal,0x12223,4,0.7284,0.7909,network,0,0
Assurbanipal,0x12223,5,0.0359,0.7645,network,0,0
Assurbanipal,0x12224,1,0.5922,0.7921,network,0,0
Assurbanipal,0x12224,2,0.0805,0.8273,skeleton,0,0
Assurbanipal,0x12224,3,0.8397,0.8775,network,0,0
Assurbanipal,0x12224,4,0.5433,0.7776,network,0,0
Assurbanipal,0x12224,5,0.6518,0.8284,skeleton,0,0
Assurbanipal,0x12224,6,0.5293,0.6968,network,0,0
Assurbanipal,0x12224,7,0.6366,0.7487,network,0,0
Assurbanipal,0x12224,8,0.0093,0.7969,network,0,0
Assurbanipal,0x12224,9,0.6105,0.9268,network,0,0
Assurbanipal,0x12227,1,0.5679,0.5679,network,0,0
Assurbanipal,0x12227,2,0.7174,0.8096,network,0,0
Assurbanipal,0x12227,3,0.7756,0.7756,network,0,0
Assurbanipal,0x12227,4,0.7659,0.871,network,0,0
Assurbanipal,0x12227,5,0.0567,0.8736,network,0,0
Assurbanipal,0x12227,6,0.4961,0.8952,network,0,0
Assurbanipal,0x1222d,1,0.5598,0.7931,network,0,0
Assurbanipal,0x1222d,2,0.6589,0.8339,network,0,0
Assurbanipal,0x1222d,3,0.603,0.8047,network,0,0
Assurbanipal,0x1222d,4,0.6215,0.8594,network,0,0
Assurbanipal,0x1222d,5,0.7729,0.8816,network,0,0
Assurbanipal,0x1222d,6,0.5361,0.7944,network,0,0
Assurbanipal,0x1222d,7,0.439,0.8828,network,0,0
Assurbanipal,0x1222d,8,0.0008,0.9067,network,0,0
Assurbanipal,0x1222d,9,0.0006,0.8926,network,0,0
Assurbanipal,0x1222d,10,0.0082,0.8467,network,0,0
Assurbanipal,0x1222e,1,0.6851,0.8096,network,0,0
Assurbanipal,0x1222e,2,0.553,0.7516,network,0,0
Assurbanipal,0x1222e,3,0.6316,0.7033,network,0,0
Assurbanipal,0x1222e,4,0.7988,0.884,network,0,0
Assurbanipal,0x1222f,1,0.4985,0.7776,network,0,0
Assurbanipal,0x1222f,2,0.6851,0.7736,network,0,0
Assurbanipal,0x1222f,3,0.777,0.905,network,0,0
Assurbanipal,0x1222f,4,0.6619,0.8745,network,0,0
Assurbanipal,0x1222f,5,0.8625,0.8625,network,0,0
Assurbanipal,0x1222f,6,0.8352,0.9216,network,0,0
Assurbanipal,0x12230,1,0.5477,0.8475,network,0,0
Assurbanipal,0x12230,2,0.6334,0.7902,network,0,0
Assurbanipal,0x12230,3,0.5034,0.8675,network,0,0
Assurbanipal,0x12230,4,0.7718,0.8371,network,0,0
Assurbanipal,0x12230,5,0.8114,0.8114,network,0,0
Assurbanipal,0x12230,6,0.6783,0.761,skeleton,0,0
Assurbanipal,0x12230,7,0.6388,0.8697,network,0,0
Assurbanipal,0x12230,8,0.0023,0.9143,skeleton,0,1
Assurbanipal,0x12230,9,0.622,0.9026,network,0,0
Assurbanipal,0x12230,10,0.5302,0.8062,skeleton,0,0
Assurbanipal,0x12230,11,0.8001,0.8001,network,0,0
Assurbanipal,0x12230,12,0.7349,0.7349,skeleton,0,0
Assurbanipal,0x12230,13,0.7843,0.8184,network,0,0
Assurbanipal,0x12230,14,0.6889,0.8549,network,0,0
Assurbanipal,0x12230,15,0.0054,0.9036,network,0,0
Assurbanipal,0x12230,16,0.1218,0.8454,network,0,0
Assurbanipal,0x12230,17,0.6063,0.8615,network,0,0
Assurbanipal,0x12230,18,0.3204,0.8868,network,0,0
Assurbanipal,0x12230,19,0.0126,0.8758,skeleton,0,0
Assurbanipal,0x12230,20,0.7402,0.7953,network,0,0
Assurbanipal,0x12230,21,0.015,0.7803,network,0,0
Assurbanipal,0x12230,22,0.1257,0.715,network,0,0
Assurbanipal,0x12230,23,0.1034,0.8955,network,0,0
Assurbanipal,0x12230,24,0.6536,0.7379,network,0,0
Assurbanipal,0x12230,25,0.7465,0.8728,network,0,0
Assurbanipal,0x12230,26,0.5622,0.8472,network,0,0
Assurbanipal,0x12230,27,0.3449,0.7596,network,0,0
Assurbanipal,0x12231,1,0.0,0.7469,network,1,0
Assurbanipal,0x12231,2,0.0355,0.8328,network,0,0
Assurbanipal,0x12231,3,0.6447,0.8613,network,0,0
Assurbanipal,0x12231,4,0.5205,0.8816,network,0,0
Assurbanipal,0x12231,5,0.7509,0.8868,network,0,0
Assurbanipal,0x12231,6,0.6897,0.7873,network,0,0
Assurbanipal,0x12231,7,0.7054,0.8289,network,0,0
Assurbanipal,0x12232,1,0.5254,0.825,network,0,0
Assurbanipal,0x12232,2,0.0651,0.7241,network,0,0
Assurbanipal,0x12232,3,0.849,0.849,network,0,0
Assurbanipal,0x12232,4,0.0108,0.8242,network,0,0
Assurbanipal,0x12232,5,0.3122,0.7307,skeleton,0,0
Assurbanipal,0x12232,6,0.7066,0.7066,network,0,0
Assurbanipal,0x12232,7,0.7708,0.7912,network,0,0
Assurbanipal,0x12232,8,0.1249,0.8208,network,0,0
Assurbanipal,0x12232,9,0.555,0.5751,network,0,0
Assurbanipal,0x12236,1,0.1854,0.9412,network,0,0
Assurbanipal,0x12236,2,0.5997,0.9109,skeleton,0,0
Assurbanipal,0x12236,3,0.5273,0.7241,network,0,0
Assurbanipal,0x12236,4,0.7009,0.8929,network,0,0
Assurbanipal,0x12236,5,0.02,0.6968,skeleton,0,0
Assurbanipal,0x12236,6,0.0135,0.627,network,0,0
Assurbanipal,0x12236,7,0.5156,0.8697,network,0,0
Assurbanipal,0x12236,8,0.4254,0.9241,network,0,0
Assurbanipal,0x12236,9,0.0006,0.8247,network,0,0
Assurbanipal,0x12236,10,0.2417,0.805,skeleton,0,0
Assurbanipal,0x12236,11,0.8108,0.8966,network,0,0
Assurbanipal,0x12236,12,0.7341,0.8702,skeleton,0,0
Assurbanipal,0x12236,13,0.6719,0.9161,network,0,0
Assurbanipal,0x12236,14,0.6044,0.8693,network,0,0
Assurbanipal,0x12236,15,0.8371,0.9412,network,0,0
Assurbanipal,0x12236,16,0.6044,0.851,network,0,0
Assurbanipal,0x12236,17,0.0006,0.4605,network,0,0
Assurbanipal,0x12236,18,0.0638,0.886,network,0,0
Assurbanipal,0x12239,1,0.633,0.7025,skeleton,0,0
Assurbanipal,0x12239,2,0.6225,0.884,skeleton,0,0
Assurbanipal,0x12239,3,0.0054,0.9124,network,0,0
Assurbanipal,0x12239,4,0.5756,0.8766,network,0,0
Assurbanipal,0x12239,5,0.5185,0.8963,network,0,0
Assurbanipal,0x12239,6,0.3778,0.6442,network,0,0
Assurbanipal,0x1223a,1,0.6553,0.7318,network,0,0
Assurbanipal,0x1223a,2,0.0569,0.8728,skeleton,0,0
Assurbanipal,0x1223a,3,0.0003,0.8836,network,0,0
Assurbanipal,0x1223a,4,0.6619,0.9023,network,0,0
Assurbanipal,0x1223a,5,0.05,0.907,skeleton,0,1
Assurbanipal,0x1223a,6,0.7299,0.8035,network,0,0
Assurbanipal,0x1223a,7,0.4349,0.7585,network,0,0
Assurbanipal,0x1223a,8,0.6914,0.907,network,0,0
Assurbanipal,0x1223a,9,0.7126,0.8546,skeleton,0,0
Assurbanipal,0x1223b,1,0.6225,0.7542,skeleton,0,0
Assurbanipal,0x1223b,2,0.6357,0.8702,skeleton,0,0
Assurbanipal,0x1223b,3,0.0065,0.9149,network,0,0
Assurbanipal,0x1223b,4,0.637,0.9089,network,0,0
Assurbanipal,0x1223b,5,0.05,0.9356,skeleton,0,1
Assurbanipal,0x1223b,6,0.7379,0.8431,network,0,0
Assurbanipal,0x1223b,7,0.5506,0.8529,network,0,0
Assurbanipal,0x1223b,8,0.5875,0.8205,network,0,0
Assurbanipal,0x1223b,9,0.7033,0.8431,network,0,0
Assurbanipal,0x1223b,10,0.7162,0.8475,network,0,0
Assurbanipal,0x1223b,11,0.4625,0.6602,skeleton,0,0
Assurbanipal,0x1223b,12,0.4985,0.7621,network,0,0
Assurbanipal,0x1223b,13,0.7114,0.8219,network,0,0
Assurbanipal,0x1223b,14,0.7307,0.7307,network,0,0
Assurbanipal,0x1223d,1,0.622,0.7432,skeleton,0,0
Assurbanipal,0x1223d,2,0.5988,0.8888,skeleton,0,0
Assurbanipal,0x1223d,3,0.0076,0.9155,network,0,0
Assurbanipal,0x1223d,4,0.7114,0.9023,network,0,0
Assurbanipal,0x1223d,5,0.05,0.9089,skeleton,0,1
Assurbanipal,0x1223d,6,0.05,0.9057,network,0,1
Assurbanipal,0x1223d,7,0.5988,0.849,network,0,0
Assurbanipal,0x1223d,8,0.7491,0.8775,network,0,0
Assurbanipal,0x1223d,9,0.6584,0.849,network,0,0
Assurbanipal,0x1223d,10,0.7368,0.7368,network,0,0
Assurbanipal,0x1223f,1,0.4868,0.9214,network,0,0
Assurbanipal,0x1223f,2,0.4472,0.8102,skeleton,0,0
Assurbanipal,0x1223f,3,0.5068,0.7379,network,0,0
Assurbanipal,0x1223f,4,0.0083,0.7364,network,0,0
Assurbanipal,0x1223f,5,0.05,0.8105,skeleton,0,1
Assurbanipal,0x1223f,6,0.698,0.8426,network,0,0
Assurbanipal,0x1223f,7,0.6567,0.8679,network,0,0
Assurbanipal,0x1223f,8,0.6571,0.8132,network,0,0
Assurbanipal,0x1223f,9,0.7194,0.7687,network,0,0
Assurbanipal,0x1223f,10,0.004,0.8844,network,0,0
Assurbanipal,0x1223f,11,0.478,0.8138,network,0,0
Assurbanipal,0x12240,1,0.6451,0.7516,skeleton,0,0
Assurbanipal,0x12240,2,0.6514,0.6514,network,0,0
Assurbanipal,0x12240,3,0.478,0.7295,skeleton,0,0
Assurbanipal,0x12240,4,0.7398,0.8363,network,0,0
Assurbanipal,0x12240,5,0.478,0.7722,skeleton,0,0
Assurbanipal,0x12240,6,0.329,0.9164,skeleton,0,0
Assurbanipal,0x12240,7,0.0168,0.93,network,0,0
Assurbanipal,0x12240,8,0.0703,0.781,network,0,0
Assurbanipal,0x12240,9,0.5322,0.7918,skeleton,0,0
Assurbanipal,0x12240,10,0.7398,0.8804,network,0,0
Assurbanipal,0x12240,11,0.88,0.905,network,0,0
Assurbanipal,0x12240,12,0.0014,0.8941,network,0,0
Assurbanipal,0x12241,1,0.0572,0.871,network,0,0
Assurbanipal,0x12241,2,0.7915,0.8775,skeleton,0,0
Assurbanipal,0x12241,3,0.001,0.858,network,0,0
Assurbanipal,0x12241,4,0.0063,0.8625,network,0,0
Assurbanipal,0x12241,5,0.004,0.8143,skeleton,0,0
Assurbanipal,0x12241,6,0.0014,0.4678,skeleton,1,0
Assurbanipal,0x12242,1,0.6456,0.6897,skeleton,0,0
Assurbanipal,0x12242,2,0.6456,0.7318,network,0,0
Assurbanipal,0x12242,3,0.4426,0.7934,network,0,0
Assurbanipal,0x12242,4,0.4426,0.5622,network,0,0
Assurbanipal,0x12242,5,0.7322,0.7487,network,0,0
Assurbanipal,0x12242,6,0.5675,0.9228,network,0,0
Assurbanipal,0x12242,7,0.0027,0.9036,network,0,0
Assurbanipal,0x12242,8,0.5856,0.8998,network,0,0
Assurbanipal,0x12242,9,0.6289,0.8216,network,0,0
Assurbanipal,0x12242,10,0.7746,0.8643,skeleton,0,0
Assurbanipal,0x12242,11,0.761,0.8336,network,0,0
Assurbanipal,0x12242,12,0.761,0.8303,network,0,0
Assurbanipal,0x12242,13,0.5181,0.8736,network,0,0
Assurbanipal,0x12242,14,0.538,0.6545,network,0,0
Assurbanipal,0x12242,15,0.8126,0.9127,network,0,0
Assurbanipal,0x12242,16,0.8403,0.9194,skeleton,0,0
Assurbanipal,0x12242,17,0.0053,0.888,network,0,0
Assurbanipal,0x12243,1,0.6972,0.7823,network,0,0
Assurbanipal,0x12243,2,0.7322,0.7915,network,0,0
Assurbanipal,0x12243,3,0.711,0.8561,network,0,0
Assurbanipal,0x12243,4,0.0133,0.9076,network,1,0
Assurbanipal,0x12243,5,0.5307,0.8966,skeleton,0,0
Assurbanipal,0x12243,6,0.5732,0.8559,network,0,0
Assurbanipal,0x12243,7,0.5429,0.7307,skeleton,0,0
Assurbanipal,0x12243,8,0.7677,0.8791,network,0,0
Assurbanipal,0x12243,9,0.8561,0.9279,network,0,0
Assurbanipal,0x12243,10,0.0069,0.8895,network,0,0
Assurbanipal,0x12243,11,0.0724,0.8679,network,0,0
Assurbanipal,0x12243,12,0.7589,0.9182,skeleton,0,0
Assurbanipal,0x12243,13,0.0004,0.7912,skeleton,0,0
Assurbanipal,0x12243,14,0.0007,0.8429,network,0,0
Assurbanipal,0x12243,15,0.3986,0.8472,skeleton,0,0
Assurbanipal,0x12244,1,0.1378,0.8314,network,0,0
Assurbanipal,0x12244,2,0.4007,0.8267,network,0,0
Assurbanipal,0x12244,3,0.632,0.9109,network,0,0
Assurbanipal,0x12246,1,0.4995,0.6868,skeleton,0,0
Assurbanipal,0x12246,2,0.6334,0.7435,network,0,0
Assurbanipal,0x12246,3,0.0278,0.7749,network,0,0
Assurbanipal,0x12246,4,0.39,0.7253,network,0,0
Assurbanipal,0x12246,5,0.6749,0.9047,network,0,0
Assurbanipal,0x12246,6,0.6684,0.8038,network,0,0
Assurbanipal,0x12246,7,0.8452,0.8452,network,0,0
Assurbanipal,0x12246,8,0.4854,0.8222,network,0,0
Assurbanipal,0x12247,1,0.8044,0.8161,skeleton,0,0
Assurbanipal,0x12247,2,0.05,0.6826,skeleton,0,1
Assurbanipal,0x12247,3,0.7054,0.8507,network,0,0
Assurbanipal,0x12247,4,0.6206,0.7687,network,0,0
Assurbanipal,0x12247,5,0.6637,0.7729,network,0,0
Assurbanipal,0x12247,6,0.6783,0.6783,network,0,0
Assurbanipal,0x12249,1,0.6788,0.8298,network,0,0
Assurbanipal,0x12249,2,0.6788,0.7982,network,0,0
Assurbanipal,0x12249,3,0.6553,0.8467,network,0,0
Assurbanipal,0x12249,4,0.6809,0.8517,network,0,0
Assurbanipal,0x12249,5,0.0024,0.8604,network,0,0
Assurbanipal,0x12249,6,0.4395,0.6388,network,0,0
Assurbanipal,0x12249,7,0.6451,0.7345,network,0,0
Assurbanipal,0x12249,8,0.5799,0.8047,network,0,0
Assurbanipal,0x12249,9,0.6715,0.8832,network,0,0
Assurbanipal,0x12249,10,0.4591,0.6081,network,0,0
Assurbanipal,0x12249,11,0.6451,0.6451,network,0,0
Assurbanipal,0x12249,12,0.7038,0.7038,skeleton,0,0
Assurbanipal,0x1224a,1,0.6697,0.8044,network,0,0
Assurbanipal,0x1224a,2,0.7009,0.8111,network,0,0
Assurbanipal,0x1224a,3,0.6885,0.8447,network,0,0
Assurbanipal,0x1224a,4,0.7118,0.8102,network,0,0
Assurbanipal,0x1224a,5,0.0025,0.8505,network,0,0
Assurbanipal,0x1224a,6,0.5024,0.8179,network,0,0
Assurbanipal,0x1224a,7,0.6192,0.785,network,0,0
Assurbanipal,0x1224a,8,0.6021,0.8202,network,0,0
Assurbanipal,0x1224a,9,0.0288,0.8723,network,0,0
Assurbanipal,0x1224a,10,0.1571,0.8512,network,0,0
Assurbanipal,0x1224a,11,0.8597,0.9134,network,0,0
Assurbanipal,0x1224a,12,0.691,0.7225,network,0,0
Assurbanipal,0x1224b,1,0.6402,0.7985,network,0,0
Assurbanipal,0x1224b,2,0.6931,0.7718,network,0,0
Assurbanipal,0x1224b,3,0.6429,0.7546,network,0,0
Assurbanipal,0x1224b,4,0.761,0.8429,network,0,0
Assurbanipal,0x1224b,5,0.004,0.8937,network,0,0
Assurbanipal,0x1224b,6,0.6847,0.8462,network,0,0
Assurbanipal,0x1224b,7,0.3618,0.7589,skeleton,0,0
Assurbanipal,0x1224b,8,0.0375,0.6252,network,0,0
Assurbanipal,0x1224b,9,0.015,0.632,network,1,0
Assurbanipal,0x1224b,10,0.0078,0.7054,network,1,0
Assurbanipal,0x1224b,11,0.7773,0.8505,network,0,0
Assurbanipal,0x12250,1,0.7194,0.862,network,0,0
Assurbanipal,0x12250,2,0.637,0.7516,network,0,0
Assurbanipal,0x12250,3,0.0278,0.6567,network,0,0
Assurbanipal,0x12250,4,0.4707,0.9263,skeleton,0,0
Assurbanipal,0x12250,5,0.0459,0.7934,network,0,0
Assurbanipal,0x12250,6,0.7154,0.8387,network,0,0
Assurbanipal,0x12250,7,0.8047,0.8771,network,0,0
Assurbanipal,0x12250,8,0.7375,0.9149,network,0,0
Assurbanipal,0x12250,9,0.8317,0.8629,network,0,0
Assurbanipal,0x12250,10,0.0113,0.3958,skeleton,0,0
Assurbanipal,0x12250,11,0.7138,0.7435,network,0,0
Assurbanipal,0x12251,1,0.6522,0.8439,network,0,0
Assurbanipal,0x12251,2,0.5931,0.8013,network,0,0
Assurbanipal,0x12251,3,0.05,0.9381,skeleton,0,1
Assurbanipal,0x12251,4,0.0053,0.7542,network,0,0
Assurbanipal,0x12251,5,0.0195,0.8141,network,0,0
Assurbanipal,0x12251,6,0.4166,0.8328,skeleton,0,0
Assurbanipal,0x12251,7,0.4805,0.8158,network,0,0
Assurbanipal,0x12251,8,0.6021,0.9057,skeleton,0,0
Assurbanipal,0x12251,9,0.7892,0.9005,network,0,0
Assurbanipal,0x12251,10,0.6567,0.8532,network,0,0
Assurbanipal,0x12251,11,0.0044,0.9538,network,0,0
Assurbanipal,0x12251,12,0.7122,0.8741,network,0,0
Assurbanipal,0x12251,13,0.7813,0.8566,network,0,0
Assurbanipal,0x12251,14,0.7114,0.7114,network,0,0
Assurbanipal,0x12252,1,0.4242,0.7712,skeleton,0,0
Assurbanipal,0x12252,2,0.6053,0.726,skeleton,0,0
Assurbanipal,0x12252,3,0.0268,0.3898,skeleton,0,0
Assurbanipal,0x12252,4,0.5665,0.7465,network,0,0
Assurbanipal,0x12252,5,0.5506,0.8341,network,0,0
Assurbanipal,0x12253,1,0.0189,0.7991,network,0,0
Assurbanipal,0x12253,2,0.7198,0.8208,network,0,0
Assurbanipal,0x12253,3,0.0476,0.8884,network,0,0
Assurbanipal,0x12253,4,0.6053,0.7546,network,0,0
Assurbanipal,0x12253,5,0.0016,0.8816,network,0,0
Assurbanipal,0x12253,6,0.6658,0.83,network,0,0
Assurbanipal,0x12253,7,0.7691,0.905,network,0,0
Assurbanipal,0x12253,8,0.7432,0.8618,network,0,0
Assurbanipal,0x12254,1,0.7398,0.8363,skeleton,0,0
Assurbanipal,0x12254,2,0.6334,0.7542,skeleton,0,0
Assurbanipal,0x12254,3,0.7617,0.8585,network,0,0
Assurbanipal,0x12254,4,0.4698,0.7659,skeleton,0,0
Assurbanipal,0x12254,5,0.3716,0.8292,skeleton,0,0
Assurbanipal,0x12254,6,0.577,0.7307,network,0,0
Assurbanipal,0x12255,1,0.7571,0.8429,skeleton,0,0
Assurbanipal,0x12255,2,0.6077,0.7701,skeleton,0,0
Assurbanipal,0x12255,3,0.7094,0.8431,network,0,0
Assurbanipal,0x12255,4,0.3872,0.7786,skeleton,0,0
Assurbanipal,0x12255,5,0.3805,0.784,skeleton,0,0
Assurbanipal,0x12255,6,0.6496,0.8129,network,0,0
Assurbanipal,0x12255,7,0.5689,0.7905,network,0,0
Assurbanipal,0x12256,1,0.7276,0.8585,skeleton,0,0
Assurbanipal,0x12256,2,0.5641,0.8138,skeleton,0,0
Assurbanipal,0x12256,3,0.7553,0.8502,network,0,0
Assurbanipal,0x12256,4,0.4571,0.7773,skeleton,0,0
Assurbanipal,0x12256,5,0.0562,0.9137,skeleton,0,0
Assurbanipal,0x12256,6,0.7705,0.8158,network,0,0
Assurbanipal,0x12256,7,0.6889,0.8216,network,0,0
Assurbanipal,0x12256,8,0.6252,0.832,network,0,0
Assurbanipal,0x12256,9,0.6039,0.8604,network,0,0
Assurbanipal,0x12256,10,0.3063,0.9252,network,0,0
Assurbanipal,0x12259,1,0.7118,0.8111,network,0,0
Assurbanipal,0x12259,2,0.5438,0.786,skeleton,0,0
Assurbanipal,0x12259,3,0.6947,0.8306,skeleton,0,0
Assurbanipal,0x12259,4,0.6072,0.7617,skeleton,0,0
Assurbanipal,0x12259,5,0.6805,0.904,skeleton,0,0
Assurbanipal,0x12259,6,0.6487,0.8675,network,0,0
Assurbanipal,0x12259,7,0.8447,0.8984,network,0,0
Assurbanipal,0x12259,8,0.8926,0.8933,network,0,0
Assurbanipal,0x12259,9,0.862,0.862,network,0,0
Assurbanipal,0x12259,10,0.8903,0.8926,network,0,0
Assurbanipal,0x1225a,1,0.6128,0.8129,network,0,0
Assurbanipal,0x1225a,2,0.6128,0.8477,network,0,0
Assurbanipal,0x1225a,3,0.707,0.882,network,0,0
Assurbanipal,0x1225a,4,0.6741,0.8856,network,0,0
Assurbanipal,0x1225a,5,0.4659,0.7607,network,0,0
Assurbanipal,0x1225a,6,0.4125,0.8355,network,0,0
Assurbanipal,0x1225a,7,0.4147,0.8601,network,0,0
Assurbanipal,0x1225a,8,0.7556,0.7617,network,0,0
Assurbanipal,0x1225a,9,0.4951,0.7937,network,0,0
Assurbanipal,0x1225b,1,0.7461,0.8537,skeleton,0,0
Assurbanipal,0x1225b,2,0.4912,0.7701,skeleton,0,0
Assurbanipal,0x1225b,3,0.6779,0.8213,network,0,0
Assurbanipal,0x1225b,4,0.5583,0.7823,skeleton,0,0
Assurbanipal,0x1225b,5,0.7447,0.862,network,0,0
Assurbanipal,0x1225b,6,0.0868,0.8389,network,0,0
Assurbanipal,0x1225b,7,0.2757,0.8507,network,0,0
Assurbanipal,0x1225b,8,0.8132,0.8259,network,0,0
Assurbanipal,0x1225b,9,0.5424,0.7976,network,0,0
Assurbanipal,0x1225b,10,0.8532,0.8914,network,0,0
Assurbanipal,0x1225b,11,0.3655,0.8245,network,0,0
Assurbanipal,0x1225b,12,0.5969,0.8114,skeleton,0,0
Assurbanipal,0x1225b,13,0.6834,0.8056,network,0,0
Assurbanipal,0x1225b,14,0.6645,0.7656,skeleton,0,0
Assurbanipal,0x1225b,15,0.6766,0.6766,network,0,0
Assurbanipal,0x1225c,1,0.7186,0.8475,skeleton,0,0
Assurbanipal,0x1225c,2,0.5103,0.8129,skeleton,0,0
Assurbanipal,0x1225c,3,0.6889,0.8289,network,0,0
Assurbanipal,0x1225c,4,0.4494,0.7158,skeleton,0,0
Assurbanipal,0x1225c,5,0.5283,0.6456,skeleton,0,0
Assurbanipal,0x1225c,6,0.3431,0.8182,network,0,0
Assurbanipal,0x1225c,7,0.3287,0.7953,network,0,0
Assurbanipal,0x1225c,8,0.0039,0.7694,network,0,0
Assurbanipal,0x1225c,9,0.3515,0.3515,network,0,0
Assurbanipal,0x1225c,10,0.6343,0.7592,network,0,0
Assurbanipal,0x1225d,1,0.721,0.8129,skeleton,0,0
Assurbanipal,0x1225d,2,0.5005,0.8072,skeleton,0,0
Assurbanipal,0x1225d,3,0.7122,0.812,network,0,0
Assurbanipal,0x1225d,4,0.4022,0.7033,skeleton,0,0
Assurbanipal,0x1225d,5,0.4525,0.6775,skeleton,0,0
Assurbanipal,0x1225d,6,0.2021,0.8216,network,0,0
Assurbanipal,0x1225d,7,0.17,0.8069,network,0,0
Assurbanipal,0x1225d,8,0.4479,0.7585,network,0,0
Assurbanipal,0x1225d,9,0.2306,0.5029,network,0,0
Assurbanipal,0x1225d,10,0.6693,0.9211,network,0,0
Assurbanipal,0x1225d,11,0.6053,0.8941,network,0,0
Assurbanipal,0x1225e,1,0.7253,0.8084,skeleton,0,0
Assurbanipal,0x1225e,2,0.7102,0.7102,skeleton,0,0
Assurbanipal,0x1225e,3,0.6379,0.8363,network,0,0
Assurbanipal,0x1225e,4,0.0527,0.8706,network,0,0
Assurbanipal,0x1225e,5,0.5244,0.7599,skeleton,0,0
Assurbanipal,0x1225e,6,0.7546,0.8611,network,0,0
Assurbanipal,0x1225e,7,0.805,0.9009,skeleton,0,0
Assurbanipal,0x1225e,8,0.7198,0.8537,network,0,0
Assurbanipal,0x1225e,9,0.6702,0.8981,network,0,0
Assurbanipal,0x1225e,10,0.7947,0.8749,network,0,0
Assurbanipal,0x1225e,11,0.0001,0.8053,network,0,1
Assurbanipal,0x1225e,12,0.6645,0.8233,network,0,0
Assurbanipal,0x1225e,13,0.671,0.8693,network,0,0
Assurbanipal,0x12260,1,0.7082,0.8447,network,0,0
Assurbanipal,0x12260,2,0.7502,0.7502,skeleton,0,0
Assurbanipal,0x12260,3,0.2048,0.7364,skeleton,0,0
Assurbanipal,0x12260,4,0.7122,0.8852,network,0,0
Assurbanipal,0x12260,5,0.6234,0.7318,skeleton,0,0
Assurbanipal,0x12260,6,0.0164,0.7631,network,0,0
Assurbanipal,0x12260,7,0.1941,0.8495,network,0,0
Assurbanipal,0x12260,8,0.0379,0.8179,network,0,0
Assurbanipal,0x12260,9,0.7687,0.836,network,0,0
Assurbanipal,0x12260,10,0.2445,0.8732,network,0,0
Assurbanipal,0x12260,11,0.5742,0.8196,network,0,0
Assurbanipal,0x12262,1,0.3429,0.8222,network,0,0
Assurbanipal,0x12262,2,0.5249,0.5249,network,0,0
Assurbanipal,0x12262,3,0.6202,0.6202,network,0,0
Assurbanipal,0x12262,4,0.6901,0.8366,network,0,0
Assurbanipal,0x12262,5,0.7334,0.9466,network,0,0
Assurbanipal,0x12262,6,0.3612,0.9026,skeleton,1,0
Assurbanipal,0x12264,1,0.6914,0.6914,skeleton,0,0
Assurbanipal,0x12264,2,0.748,0.748,network,0,0
Assurbanipal,0x12264,3,0.7673,0.848,skeleton,0,0
Assurbanipal,0x12264,4,0.6415,0.8032,network,0,0
Assurbanipal,0x12264,5,0.6197,0.6197,network,0,0
Assurbanipal,0x12264,6,0.661,0.8524,network,0,0
Assurbanipal,0x12264,7,0.5583,0.8096,network,0,0
Assurbanipal,0x12264,8,0.008,0.8791,network,0,0
Assurbanipal,0x12264,9,0.0301,0.9495,network,0,0
Assurbanipal,0x12264,10,0.6302,0.9431,network,0,0
Assurbanipal,0x12264,11,0.7472,0.9361,network,0,0
Assurbanipal,0x12264,12,0.5993,0.9534,skeleton,0,0
Assurbanipal,0x12264,13,0.7158,0.8629,network,0,0
Assurbanipal,0x12265,1,0.6859,0.7458,network,0,0
Assurbanipal,0x12265,2,0.7017,0.7402,network,0,0
Assurbanipal,0x12265,3,0.7915,0.7915,network,0,0
Assurbanipal,0x12265,4,0.6545,0.8216,network,0,0
Assurbanipal,0x12265,5,0.164,0.6813,network,0,0
Assurbanipal,0x12265,6,0.5818,0.8495,network,0,0
Assurbanipal,0x12265,7,0.5941,0.8306,network,0,0
Assurbanipal,0x12265,8,0.698,0.7487,network,0,0
Assurbanipal,0x12265,9,0.6641,0.906,network,0,0
Assurbanipal,0x12265,10,0.8041,0.9155,skeleton,0,0
Assurbanipal,0x12265,11,0.6671,0.8328,network,0,0
Assurbanipal,0x12266,1,0.6442,0.7638,network,0,0
Assurbanipal,0x12266,2,0.6719,0.7698,network,0,0
Assurbanipal,0x12266,3,0.7491,0.8482,network,0,0
Assurbanipal,0x12266,4,0.6976,0.8389,network,0,0
Assurbanipal,0x12266,5,0.5229,0.5229,network,0,0
Assurbanipal,0x12266,6,0.7001,0.8298,network,0,0
Assurbanipal,0x12266,7,0.6753,0.9012,network,0,0
Assurbanipal,0x12266,8,0.6077,0.6749,network,0,0
Assurbanipal,0x12266,9,0.0002,0.8856,network,0,0
Assurbanipal,0x12266,10,0.0049,0.7749,network,0,0
Assurbanipal,0x12266,11,0.3727,0.9047,network,0,0
Assurbanipal,0x12266,12,0.7054,0.9158,network,0,0
Assurbanipal,0x12266,13,0.742,0.8495,network,0,0
Assurbanipal,0x12267,1,0.6379,0.914,network,0,0
Assurbanipal,0x12267,2,0.696,0.8955,network,0,0
Assurbanipal,0x12267,3,0.7368,0.8495,network,0,0
Assurbanipal,0x12267,4,0.7106,0.7896,network,0,0
Assurbanipal,0x12267,5,0.823,0.823,skeleton,0,0
Assurbanipal,0x12267,6,0.5775,0.7705,network,0,0
Assurbanipal,0x12267,7,0.8856,0.8981,skeleton,0,0
Assurbanipal,0x12267,8,0.5988,0.8423,network,0,0
Assurbanipal,0x12267,9,0.5458,0.848,skeleton,0,0
Assurbanipal,0x12267,10,0.7353,0.8998,skeleton,0,0
Assurbanipal,0x12267,11,0.7142,0.8732,network,0,0
Assurbanipal,0x12267,12,0.7054,0.867,network,0,0
Assurbanipal,0x12267,13,0.3775,0.8132,network,0,0
Assurbanipal,0x12267,14,0.5171,0.5569,network,0,0
Assurbanipal,0x12267,15,0.0177,0.8213,network,0,0
Assurbanipal,0x12267,16,0.3775,0.8161,network,0,0
Assurbanipal,0x12267,17,0.1532,0.5598,network,0,0
Assurbanipal,0x12267,18,0.6081,0.8205,network,0,0
Assurbanipal,0x12267,19,0.4659,0.4659,network,0,0
Assurbanipal,0x12267,20,0.05,0.4654,network,0,1
Assurbanipal,0x12267,21,0.0058,0.8273,network,0,0
Assurbanipal,0x12267,22,0.6302,0.7237,network,0,0
Assurbanipal,0x12267,23,0.4069,0.4069,network,0,0
Assurbanipal,0x12267,24,0.5443,0.9121,network,0,0
Assurbanipal,0x12267,25,0.6805,0.8864,network,0,0
Assurbanipal,0x12268,1,0.6922,0.6997,skeleton,0,0
Assurbanipal,0x12268,2,0.7417,0.7417,network,0,0
Assurbanipal,0x12268,3,0.7502,0.8038,skeleton,0,0
Assurbanipal,0x12268,4,0.6766,0.7879,network,0,0
Assurbanipal,0x12268,5,0.0359,0.596,network,0,0
Assurbanipal,0x12268,6,0.6266,0.825,network,0,0
Assurbanipal,0x12268,7,0.5823,0.8004,network,0,0
Assurbanipal,0x12268,8,0.2948,0.8816,network,0,0
Assurbanipal,0x12268,9,0.0121,0.8868,network,0,0
Assurbanipal,0x12268,10,0.018,0.9161,network,0,0
Assurbanipal,0x12268,11,0.7509,0.9255,network,0,0
Assurbanipal,0x12268,12,0.4168,0.9429,network,0,0
Assurbanipal,0x12268,13,0.4732,0.903,network,0,0
Assurbanipal,0x12268,14,0.6976,0.8571,network,0,0
Assurbanipal,0x12269,1,0.6988,0.7571,skeleton,0,0
Assurbanipal,0x12269,2,0.7142,0.7142,network,0,0
Assurbanipal,0x12269,3,0.6988,0.8387,network,0,0
Assurbanipal,0x12269,4,0.0473,0.7892,network,0,0
Assurbanipal,0x12269,5,0.0316,0.7746,network,0,0
Assurbanipal,0x1226a,1,0.6225,0.709,network,0,0
Assurbanipal,0x1226a,2,0.6225,0.7268,network,0,0
Assurbanipal,0x1226a,3,0.7066,0.7268,network,0,0
Assurbanipal,0x1226a,4,0.4318,0.7691,network,0,0
Assurbanipal,0x1226a,5,0.2299,0.5496,skeleton,0,0
Assurbanipal,0x1226a,6,0.6637,0.6637,skeleton,0,0
Assurbanipal,0x1226a,7,0.6146,0.7684,skeleton,0,0
Assurbanipal,0x1226a,8,0.2595,0.6809,skeleton,0,0
Assurbanipal,0x1226a,9,0.7535,0.8408,skeleton,0,0
Assurbanipal,0x1226a,10,0.004,0.8161,skeleton,0,0
Assurbanipal,0x1226b,1,0.0076,0.7982,skeleton,0,0
Assurbanipal,0x1226b,2,0.3385,0.8242,network,0,0
Assurbanipal,0x1226b,3,0.756,0.7807,skeleton,0,0
Assurbanipal,0x1226b,4,0.3162,0.8069,network,0,0
Assurbanipal,0x1226b,5,0.5453,0.7732,network,0,0
Assurbanipal,0x1226b,6,0.7759,0.8072,network,0,0
Assurbanipal,0x1226b,7,0.6509,0.7725,network,0,0
Assurbanipal,0x1226b,8,0.7487,0.8062,network,0,0
Assurbanipal,0x1226b,9,0.3381,0.8955,network,0,0
Assurbanipal,0x1226b,10,0.8029,0.8556,network,0,0
Assurbanipal,0x1226d,1,0.1944,0.733,network,0,0
Assurbanipal,0x1226d,2,0.7364,0.8273,network,0,0
Assurbanipal,0x1226d,3,0.0189,0.9134,network,0,0
Assurbanipal,0x1226d,4,0.0415,0.8723,skeleton,0,0
Assurbanipal,0x1226d,5,0.6589,0.6589,network,0,0
Assurbanipal,0x1226d,6,0.6951,0.6951,network,0,0
Assurbanipal,0x1226d,7,0.4829,0.8029,network,0,0
Assurbanipal,0x1226d,8,0.4352,0.8848,network,0,0
Assurbanipal,0x1226e,1,0.1154,0.7114,network,0,0
Assurbanipal,0x1226e,2,0.6311,0.8256,network,0,0
Assurbanipal,0x1226e,3,0.0538,0.9057,network,0,0
Assurbanipal,0x1226e,4,0.159,0.821,skeleton,0,0
Assurbanipal,0x1226e,5,0.7759,0.7892,network,0,0
Assurbanipal,0x1226e,6,0.6442,0.6855,network,0,0
Assurbanipal,0x1226e,7,0.0119,0.8267,network,0,0
Assurbanipal,0x1226e,8,0.622,0.8135,network,0,0
Assurbanipal,0x1226e,9,0.1502,0.8032,network,0,0
Assurbanipal,0x1226e,10,0.6684,0.9019,skeleton,0,0
Assurbanipal,0x1226e,11,0.4299,0.8762,skeleton,0,0
Assurbanipal,0x1226e,12,0.0004,0.926,skeleton,0,0
Assurbanipal,0x1226e,13,0.0848,0.8222,network,0,0
Assurbanipal,0x1226e,14,0.7925,0.8462,network,0,0
Assurbanipal,0x1226e,15,0.7937,0.926,network,0,0
Assurbanipal,0x1226e,16,0.8684,0.9134,network,0,0
Assurbanipal,0x1226e,17,0.0001,0.9511,network,0,0
Assurbanipal,0x1226e,18,0.0036,0.5827,network,1,0
Assurbanipal,0x1226f,1,0.1162,0.7694,network,0,0
Assurbanipal,0x1226f,2,0.6706,0.8176,network,0,0
Assurbanipal,0x1226f,3,0.019,0.9436,network,0,0
Assurbanipal,0x1226f,4,0.0879,0.8911,skeleton,0,0
Assurbanipal,0x1226f,5,0.6663,0.7487,network,0,0
Assurbanipal,0x1226f,6,0.7094,0.7947,network,0,0
Assurbanipal,0x1226f,7,0.0063,0.8828,network,0,0
Assurbanipal,0x1226f,8,0.409,0.8675,network,0,0
Assurbanipal,0x1226f,9,0.5813,0.8072,network,0,0
Assurbanipal,0x1226f,10,0.05,0.832,network,0,1
Assurbanipal,0x1226f,11,0.5327,0.7705,network,0,0
Assurbanipal,0x1226f,12,0.4761,0.8267,skeleton,0,0
Assurbanipal,0x1226f,13,0.0378,0.8311,network,0,0
Assurbanipal,0x1226f,14,0.0002,0.5433,network,1,0
Assurbanipal,0x1226f,15,0.0005,0.5856,network,1,0
Assurbanipal,0x12270,1,0.3506,0.8311,network,0,0
Assurbanipal,0x12270,2,0.707,0.8032,network,0,0
Assurbanipal,0x12270,3,0.0399,0.905,network,0,0
Assurbanipal,0x12270,4,0.3172,0.8004,skeleton,0,0
Assurbanipal,0x12270,5,0.6589,0.7902,network,0,0
Assurbanipal,0x12270,6,0.7214,0.7966,network,0,0
Assurbanipal,0x12270,7,0.0051,0.8571,network,0,0
Assurbanipal,0x12270,8,0.2544,0.8213,network,0,0
Assurbanipal,0x12270,9,0.6442,0.7803,network,0,0
Assurbanipal,0x12270,10,0.6914,0.8679,network,0,0
Assurbanipal,0x12270,11,0.3504,0.8233,skeleton,0,0
Assurbanipal,0x12270,12,0.6478,0.9053,network,0,0
Assurbanipal,0x12270,13,0.7233,0.9009,skeleton,0,0
Assurbanipal,0x12270,14,0.8408,0.8524,network,0,0
Assurbanipal,0x12270,15,0.6897,0.7953,skeleton,0,0
Assurbanipal,0x12270,16,0.5631,0.9397,network,0,0
Assurbanipal,0x12270,17,0.2021,0.9582,network,0,0
Assurbanipal,0x12270,18,0.0022,0.3221,network,0,1
Assurbanipal,0x12271,1,0.3212,0.8062,network,0,0
Assurbanipal,0x12271,2,0.654,0.8152,network,0,0
Assurbanipal,0x12271,3,0.0364,0.8599,network,0,0
Assurbanipal,0x12271,4,0.0016,0.8182,skeleton,0,0
Assurbanipal,0x12271,5,0.5969,0.778,network,0,0
Assurbanipal,0x12271,6,0.7684,0.7684,network,0,0
Assurbanipal,0x12271,7,0.0056,0.8697,network,0,0
Assurbanipal,0x12271,8,0.54,0.7202,network,0,0
Assurbanipal,0x12271,9,0.6553,0.7957,network,0,0
Assurbanipal,0x12271,10,0.4805,0.7759,skeleton,0,0
Assurbanipal,0x12271,11,0.4528,0.7567,skeleton,0,0
Assurbanipal,0x12271,12,0.6753,0.8876,network,0,0
Assurbanipal,0x12271,13,0.6993,0.8111,network,0,0
Assurbanipal,0x12271,14,0.5234,0.9124,network,0,0
Assurbanipal,0x12271,15,0.4644,0.9458,network,0,0
Assurbanipal,0x12271,16,0.0592,0.9674,network,0,0
Assurbanipal,0x12272,1,0.3498,0.8309,network,0,0
Assurbanipal,0x12272,2,0.707,0.8032,network,0,0
Assurbanipal,0x12272,3,0.0399,0.9043,network,0,0
Assurbanipal,0x12272,4,0.3157,0.7994,skeleton,0,0
Assurbanipal,0x12272,5,0.6571,0.7856,network,0,0
Assurbanipal,0x12272,6,0.7318,0.8013,network,0,0
Assurbanipal,0x12272,7,0.0147,0.8482,network,0,0
Assurbanipal,0x12272,8,0.3174,0.778,network,0,0
Assurbanipal,0x12272,9,0.5808,0.7909,network,0,0
Assurbanipal,0x12272,10,0.05,0.7334,skeleton,0,1
Assurbanipal,0x12272,11,0.5039,0.7843,skeleton,0,0
Assurbanipal,0x12272,12,0.0007,0.8615,network,0,0
Assurbanipal,0x12272,13,0.5997,0.903,skeleton,0,0
Assurbanipal,0x12272,14,0.8933,0.9305,network,0,0
Assurbanipal,0x12272,15,0.6447,0.9208,network,0,0
Assurbanipal,0x12272,16,0.0269,0.7889,network,0,0
Assurbanipal,0x12272,17,0.0005,0.3739,network,0,0
Assurbanipal,0x12272,18,0.7617,0.9446,skeleton,0,0
Assurbanipal,0x12272,19,0.0285,0.5278,network,1,0
Assurbanipal,0x12273,1,0.3053,0.8236,network,0,0
Assurbanipal,0x12273,2,0.7013,0.7969,network,0,0
Assurbanipal,0x12273,3,0.0272,0.904,network,0,0
Assurbanipal,0x12273,4,0.0002,0.8314,skeleton,0,0
Assurbanipal,0x12273,5,0.616,0.7793,network,0,0
Assurbanipal,0x12273,6,0.7487,0.7912,network,0,0
Assurbanipal,0x12273,7,0.0063,0.8599,network,0,0
Assurbanipal,0x12273,8,0.3627,0.782,network,0,0
Assurbanipal,0x12273,9,0.6007,0.819,network,0,0
Assurbanipal,0x12273,10,0.2651,0.8309,skeleton,0,0
Assurbanipal,0x12273,11,0.4946,0.7969,skeleton,0,0
Assurbanipal,0x12273,12,0.5631,0.7659,skeleton,0,0
Assurbanipal,0x12273,13,0.7276,0.8828,network,0,0
Assurbanipal,0x12273,14,0.5588,0.9552,network,0,0
Assurbanipal,0x12273,15,0.3975,0.9538,network,0,0
Assurbanipal,0x12273,16,0.4201,0.9565,network,0,0
Assurbanipal,0x12273,17,0.0,0.5482,network,0,0
Assurbanipal,0x12273,18,0.0037,0.5679,network,1,0
Assurbanipal,0x12274,1,0.3725,0.8264,network,0,0
Assurbanipal,0x12274,2,0.7062,0.8236,network,0,0
Assurbanipal,0x12274,3,0.0311,0.9255,network,0,0
Assurbanipal,0x12274,4,0.0122,0.8618,skeleton,0,0
Assurbanipal,0x12274,5,0.677,0.7311,network,0,0
Assurbanipal,0x12274,6,0.7645,0.7673,network,0,0
Assurbanipal,0x12274,7,0.4746,0.8706,network,0,0
Assurbanipal,0x12274,8,0.5293,0.7998,network,0,0
Assurbanipal,0x12274,9,0.4824,0.862,network,0,0
Assurbanipal,0x12274,10,0.5453,0.786,skeleton,0,0
Assurbanipal,0x12274,11,0.6955,0.7029,skeleton,0,0
Assurbanipal,0x12274,12,0.6589,0.8675,skeleton,0,0
Assurbanipal,0x12274,13,0.4525,0.9083,network,0,0
Assurbanipal,0x12274,14,0.8379,0.9202,network,0,0
Assurbanipal,0x12274,15,0.8111,0.9121,network,0,0
Assurbanipal,0x12274,16,0.7237,0.9268,network,0,0
Assurbanipal,0x12274,17,0.001,0.6558,network,1,0
Assurbanipal,0x12275,1,0.3513,0.8309,network,0,0
Assurbanipal,0x12275,2,0.707,0.8032,network,0,0
Assurbanipal,0x12275,3,0.0399,0.9057,network,0,0
Assurbanipal,0x12275,4,0.327,0.8007,skeleton,0,0
Assurbanipal,0x12275,5,0.6584,0.7915,network,0,0
Assurbanipal,0x12275,6,0.7162,0.7963,network,0,0
Assurbanipal,0x12275,7,0.0052,0.8551,network,0,0
Assurbanipal,0x12275,8,0.2494,0.8161,network,0,0
Assurbanipal,0x12275,9,0.6615,0.8141,network,0,0
Assurbanipal,0x12275,10,0.5511,0.787,skeleton,0,0
Assurbanipal,0x12275,11,0.283,0.8239,skeleton,0,0
Assurbanipal,0x12275,12,0.05,0.9076,skeleton,0,1
Assurbanipal,0x12275,13,0.7969,0.908,network,0,0
Assurbanipal,0x12275,14,0.8693,0.8771,network,0,0
Assurbanipal,0x12275,15,0.0882,0.8888,network,0,0
Assurbanipal,0x12275,16,0.011,0.9665,network,0,0
Assurbanipal,0x12275,17,0.0172,0.5983,network,0,0
Assurbanipal,0x12275,18,0.6197,0.8639,network,0,0
Assurbanipal,0x12275,19,0.7287,0.8884,network,0,0
Assurbanipal,0x12275,20,0.8239,0.9146,network,0,0
Assurbanipal,0x12275,21,0.0007,0.3695,network,0,1
Assurbanipal,0x12276,1,0.3221,0.8065,network,0,0
Assurbanipal,0x12276,2,0.654,0.8152,network,0,0
Assurbanipal,0x12276,3,0.0378,0.8587,network,0,0
Assurbanipal,0x12276,4,0.3111,0.8196,skeleton,0,0
Assurbanipal,0x12276,5,0.5969,0.7687,network,0,0
Assurbanipal,0x12276,6,0.748,0.748,network,0,0
Assurbanipal,0x12276,7,0.0054,0.85,network,0,0
Assurbanipal,0x12276,8,0.2427,0.7853,network,0,0
Assurbanipal,0x12276,9,0.6788,0.8205,network,0,0
Assurbanipal,0x12276,10,0.688,0.8062,skeleton,0,0
Assurbanipal,0x12276,11,0.0063,0.7106,network,0,0
Assurbanipal,0x12276,12,0.707,0.8608,network,0,0
Assurbanipal,0x12276,13,0.8105,0.8991,network,0,0
Assurbanipal,0x12276,14,0.6406,0.8429,skeleton,0,0
Assurbanipal,0x12276,15,0.018,0.4912,network,1,0
Assurbanipal,0x12278,1,0.3986,0.8328,network,0,0
Assurbanipal,0x12278,2,0.6593,0.8155,network,0,0
Assurbanipal,0x12278,3,0.0168,0.8899,network,0,0
Assurbanipal,0x12278,4,0.0102,0.8502,skeleton,0,0
Assurbanipal,0x12278,5,0.6137,0.786,network,0,0
Assurbanipal,0x12278,6,0.777,0.777,network,0,0
Assurbanipal,0x12278,7,0.0048,0.8891,network,0,0
Assurbanipal,0x12278,8,0.4673,0.8344,network,0,0
Assurbanipal,0x12278,9,0.7186,0.809,network,0,0
Assurbanipal,0x12278,10,0.3502,0.817,network,0,0
Assurbanipal,0x12278,11,0.4644,0.5655,skeleton,0,0
Assurbanipal,0x12278,12,0.3956,0.7202,network,0,0
Assurbanipal,0x12278,13,0.3418,0.711,skeleton,0,0
Assurbanipal,0x12278,14,0.0179,0.5655,network,1,0
Assurbanipal,0x12278,15,0.005,0.5,network,1,0
Assurbanipal,0x12279,1,0.3219,0.8062,network,0,0
Assurbanipal,0x12279,2,0.654,0.8152,network,0,0
Assurbanipal,0x12279,3,0.038,0.858,network,0,0
Assurbanipal,0x12279,4,0.3107,0.8187,skeleton,0,0
Assurbanipal,0x12279,5,0.5964,0.7756,network,0,0
Assurbanipal,0x12279,6,0.7509,0.7546,network,0,0
Assurbanipal,0x12279,7,0.0055,0.8606,network,0,0
Assurbanipal,0x12279,8,0.2884,0.7827,network,0,0
Assurbanipal,0x12279,9,0.717,0.8047,network,0,0
Assurbanipal,0x12279,10,0.5851,0.5936,skeleton,0,0
Assurbanipal,0x12279,11,0.578,0.7853,skeleton,0,0
Assurbanipal,0x12279,12,0.3257,0.7684,network,0,0
Assurbanipal,0x12279,13,0.3387,0.6715,skeleton,0,0
Assurbanipal,0x12279,14,0.0,0.3748,network,1,0
Assurbanipal,0x12279,15,0.0061,0.3453,network,0,0
Assurbanipal,0x12279,16,0.5794,0.781,network,0,0
Assurbanipal,0x12279,17,0.0002,0.5974,network,1,1
Assurbanipal,0x1227b,1,0.6745,0.8495,network,0,0
Assurbanipal,0x1227b,2,0.05,0.9143,network,0,1
Assurbanipal,0x1227b,3,0.578,0.8465,network,0,0
Assurbanipal,0x1227b,4,0.6968,0.9349,network,0,0
Assurbanipal,0x1227b,5,0.3616,0.8998,network,0,0
Assurbanipal,0x1227c,1,0.6081,0.8937,network,0,0
Assurbanipal,0x1227c,2,0.4976,0.7469,network,0,0
Assurbanipal,0x1227c,3,0.6197,0.787,network,0,0
Assurbanipal,0x1227c,4,0.5254,0.8796,network,0,0
Assurbanipal,0x1227c,5,0.6822,0.862,skeleton,0,0
Assurbanipal,0x1227c,6,0.7766,0.8059,network,0,0
Assurbanipal,0x1227d,1,0.6624,0.8355,network,0,0
Assurbanipal,0x1227d,2,0.0057,0.8457,network,0,0
Assurbanipal,0x1227e,1,0.478,0.7998,skeleton,0,0
Assurbanipal,0x1227e,2,0.713,0.726,network,0,0
Assurbanipal,0x1227e,3,0.6211,0.8314,network,0,0
Assurbanipal,0x1227e,4,0.7146,0.8056,network,0,0
Assurbanipal,0x1227e,5,0.5974,0.8264,network,0,0
Assurbanipal,0x1227e,6,0.5083,0.9312,network,0,0
Assurbanipal,0x1227e,7,0.5818,0.8001,network,0,0
Assurbanipal,0x1227e,8,0.5651,0.7439,network,0,0
Assurbanipal,0x1227e,9,0.0264,0.5307,skeleton,0,0
Assurbanipal,0x1227e,10,0.7491,0.8431,network,0,0
Assurbanipal,0x1228b,1,0.5827,0.7005,network,0,0
Assurbanipal,0x1228b,2,0.4824,0.7229,network,0,0
Assurbanipal,0x1228b,3,0.5438,0.9096,network,0,0
Assurbanipal,0x1228b,4,0.5034,0.7797,skeleton,0,0
Assurbanipal,0x1228b,5,0.6465,0.6465,network,0,0
Assurbanipal,0x1228b,6,0.5438,0.8358,skeleton,0,0
Assurbanipal,0x1228b,7,0.7341,0.906,network,0,0
Assurbanipal,0x1228b,8,0.3506,0.8868,skeleton,0,0
Assurbanipal,0x1228b,9,0.8336,0.917,network,0,0
Assurbanipal,0x1228b,10,0.7538,0.8196,network,0,0
Assurbanipal,0x1228b,11,0.1214,0.8081,skeleton,0,0
Assurbanipal,0x12294,1,0.5842,0.8929,network,0,0
Assurbanipal,0x12294,2,0.0418,0.7524,network,0,0
Assurbanipal,0x12294,3,0.0021,0.8988,network,0,0
Assurbanipal,0x12294,4,0.6007,0.7491,network,0,0
Assurbanipal,0x12294,5,0.5799,0.6293,network,0,0
Assurbanipal,0x12294,6,0.5458,0.5458,network,0,0
Assurbanipal,0x12295,1,0.7295,0.7314,network,0,0
Assurbanipal,0x12295,2,0.5569,0.6531,network,0,0
Assurbanipal,0x12295,3,0.7383,0.761,network,0,0
Assurbanipal,0x12295,4,0.0275,0.8575,network,0,0
Assurbanipal,0x12295,5,0.7029,0.8413,network,0,0
Assurbanipal,0x12295,6,0.7439,0.7447,network,0,0
Assurbanipal,0x12295,7,0.7472,0.8093,network,0,0
Assurbanipal,0x12296,1,0.7617,0.7866,network,0,0
Assurbanipal,0x12296,2,0.5751,0.7624,skeleton,0,0
Assurbanipal,0x12296,3,0.6357,0.7322,network,0,0
Assurbanipal,0x12296,4,0.0824,0.8311,network,0,0
Assurbanipal,0x12296,5,0.85,0.8534,network,0,0
Assurbanipal,0x12296,6,0.7303,0.8771,network,0,0
Assurbanipal,0x12296,7,0.6723,0.8551,network,0,0
Assurbanipal,0x12296,8,0.7025,0.7387,network,0,0
Assurbanipal,0x12296,9,0.658,0.7535,network,0,0
Assurbanipal,0x12296,10,0.7126,0.8376,network,0,0
Assurbanipal,0x12297,1,0.7058,0.7912,network,0,0
Assurbanipal,0x12297,2,0.5856,0.7783,skeleton,0,0
Assurbanipal,0x12297,3,0.7086,0.733,network,0,0
Assurbanipal,0x12297,4,0.003,0.9205,network,0,0
Assurbanipal,0x12297,5,0.6697,0.8459,skeleton,0,0
Assurbanipal,0x12297,6,0.5997,0.7564,network,0,0
Assurbanipal,0x12297,7,0.3609,0.7146,network,0,0
Assurbanipal,0x12297,8,0.2101,0.4135,network,0,0
Assurbanipal,0x12297,9,0.6215,0.7607,network,0,0
Assurbanipal,0x12297,10,0.5409,0.7443,skeleton,0,0
Assurbanipal,0x12297,11,0.7742,0.7742,network,0,0
Assurbanipal,0x12297,12,0.711,0.8561,network,0,0
Assurbanipal,0x12299,1,0.7102,0.768,network,0,0
Assurbanipal,0x12299,2,0.5818,0.7638,skeleton,0,0
Assurbanipal,0x12299,3,0.7428,0.7773,network,0,0
Assurbanipal,0x12299,4,0.5732,0.8966,network,0,0
Assurbanipal,0x12299,5,0.1074,0.8397,network,0,0
Assurbanipal,0x12299,6,0.616,0.905,skeleton,0,0
Assurbanipal,0x12299,7,0.6988,0.9528,skeleton,0,0
Assurbanipal,0x12299,8,0.0081,0.8966,network,0,0
Assurbanipal,0x12299,9,0.4431,0.8132,network,0,0
Assurbanipal,0x12299,10,0.5742,0.7375,network,0,0
Assurbanipal,0x12299,11,0.6406,0.6671,skeleton,0,0
Assurbanipal,0x12299,12,0.7469,0.8105,network,0,0
Assurbanipal,0x1229a,1,0.715,0.7268,network,0,0
Assurbanipal,0x1229a,2,0.5297,0.6931,skeleton,0,0
Assurbanipal,0x1229a,3,0.7527,0.7708,network,0,0
Assurbanipal,0x1229a,4,0.0014,0.8816,network,0,0
Assurbanipal,0x1229a,5,0.6234,0.7202,network,0,0
Assurbanipal,0x1229a,6,0.61,0.7567,network,0,0
Assurbanipal,0x1229a,7,0.7617,0.8808,network,0,0
Assurbanipal,0x1229a,8,0.622,0.715,skeleton,0,0
Assurbanipal,0x1229a,9,0.6788,0.7596,network,0,0
Assurbanipal,0x1229a,10,0.7635,0.8639,network,0,0
Assurbanipal,0x1229c,1,0.7387,0.7387,network,0,0
Assurbanipal,0x1229c,2,0.5467,0.661,skeleton,0,0
Assurbanipal,0x1229c,3,0.7033,0.7033,network,0,0
Assurbanipal,0x1229c,4,0.0464,0.8295,network,0,0
Assurbanipal,0x1229c,5,0.0037,0.8749,network,0,0
Assurbanipal,0x1229c,6,0.0002,0.847,network,0,0
Assurbanipal,0x1229c,7,0.7398,0.9134,network,0,0
Assurbanipal,0x1229c,8,0.7334,0.9284,network,0,0
Assurbanipal,0x1229c,9,0.3989,0.7988,skeleton,0,0
Assurbanipal,0x1229c,10,0.5927,0.8706,skeleton,0,0
Assurbanipal,0x1229c,11,0.521,0.8193,network,0,0
Assurbanipal,0x1229c,12,0.6719,0.726,network,0,0
Assurbanipal,0x1229c,13,0.6645,0.7322,skeleton,0,0
Assurbanipal,0x1229c,14,0.761,0.8575,skeleton,0,0
Assurbanipal,0x1229d,1,0.7241,0.7729,network,0,0
Assurbanipal,0x1229d,2,0.5559,0.7571,skeleton,0,0
Assurbanipal,0x1229d,3,0.7628,0.8053,network,0,0
Assurbanipal,0x1229d,4,0.0176,0.9127,network,0,0
Assurbanipal,0x1229d,5,0.3764,0.8199,network,0,0
Assurbanipal,0x1229d,6,0.5964,0.7307,network,0,0
Assurbanipal,0x1229d,7,0.6805,0.8648,network,0,0
Assurbanipal,0x1229d,8,0.6663,0.8044,network,0,0
Assurbanipal,0x1229d,9,0.6624,0.6624,network,0,0
Assurbanipal,0x1229d,10,0.6762,0.7889,network,0,0
Assurbanipal,0x1229d,11,0.6826,0.7553,network,0,0
Assurbanipal,0x1229d,12,0.821,0.8706,network,0,0
Assurbanipal,0x1229e,1,0.7042,0.7899,network,0,0
Assurbanipal,0x1229e,2,0.5746,0.7303,skeleton,0,0
Assurbanipal,0x1229e,3,0.7217,0.7276,network,0,0
Assurbanipal,0x1229e,4,0.0012,0.9036,network,0,0
Assurbanipal,0x1229e,5,0.7154,0.7405,network,0,0
Assurbanipal,0x1229e,6,0.6736,0.7439,network,0,0
Assurbanipal,0x1229e,7,0.7025,0.8032,network,0,0
Assurbanipal,0x1229e,8,0.7405,0.7712,skeleton,0,0
Assurbanipal,0x1229e,9,0.7233,0.8278,network,0,0
Assurbanipal,0x1229e,10,0.0,0.6366,network,0,0
Assurbanipal,0x1229e,11,0.6128,0.6939,skeleton,0,0
Assurbanipal,0x1229e,12,0.6442,0.7739,network,0,0
Assurbanipal,0x1229f,1,0.7509,0.8099,network,0,0
Assurbanipal,0x1229f,2,0.5884,0.7432,skeleton,0,0
Assurbanipal,0x1229f,3,0.7491,0.7578,network,0,0
Assurbanipal,0x1229f,4,0.0129,0.8278,network,0,0
Assurbanipal,0x1229f,5,0.011,0.7506,network,0,0
Assurbanipal,0x1229f,6,0.0021,0.5482,network,0,0
Assurbanipal,0x1229f,7,0.4678,0.7652,network,0,0
Assurbanipal,0x1229f,8,0.7326,0.8758,network,0,0
Assurbanipal,0x1229f,9,0.6188,0.7291,network,0,0
Assurbanipal,0x1229f,10,0.603,0.7042,network,0,0
Assurbanipal,0x1229f,11,0.7368,0.8597,skeleton,0,0
Assurbanipal,0x122a0,1,0.7264,0.7866,network,0,0
Assurbanipal,0x122a0,2,0.5424,0.7763,skeleton,0,0
Assurbanipal,0x122a0,3,0.7126,0.7142,skeleton,0,0
Assurbanipal,0x122a0,4,0.0029,0.8634,network,0,0
Assurbanipal,0x122a0,5,0.7585,0.7585,network,0,0
Assurbanipal,0x122a0,6,0.7652,0.7712,network,0,0
Assurbanipal,0x122a0,7,0.6855,0.8816,network,0,0
Assurbanipal,0x122a0,8,0.6339,0.7732,network,0,0
Assurbanipal,0x122a0,9,0.7708,0.78,network,0,0
Assurbanipal,0x122a0,10,0.7417,0.8966,network,0,0
Assurbanipal,0x122a0,11,0.5964,0.7722,network,0,0
Assurbanipal,0x122a0,12,0.2485,0.7214,network,0,0
Assurbanipal,0x122a0,13,0.6433,0.7461,network,0,0
Assurbanipal,0x122a2,1,0.677,0.7524,network,0,0
Assurbanipal,0x122a2,2,0.5627,0.726,skeleton,0,0
Assurbanipal,0x122a2,3,0.6951,0.7417,network,0,0
Assurbanipal,0x122a2,4,0.0148,0.847,network,0,0
Assurbanipal,0x122a2,5,0.7766,0.7766,network,0,0
Assurbanipal,0x122a2,6,0.7082,0.7082,network,0,0
Assurbanipal,0x122a2,7,0.709,0.7722,network,0,0
Assurbanipal,0x122a2,8,0.8267,0.8341,network,0,0
Assurbanipal,0x122a2,9,0.7428,0.8004,network,0,0
Assurbanipal,0x122a2,10,0.7334,0.7424,network,0,0
Assurbanipal,0x122a2,11,0.6571,0.7284,network,0,0
Assurbanipal,0x122a2,12,0.6491,0.745,skeleton,0,0
Assurbanipal,0x122a2,13,0.5224,0.752,network,0,0
Assurbanipal,0x122a2,14,0.7013,0.8135,network,0,0
Assurbanipal,0x122a3,1,0.7398,0.7915,network,0,0
Assurbanipal,0x122a3,2,0.5588,0.7546,skeleton,0,0
Assurbanipal,0x122a3,3,0.7074,0.7074,network,0,0
Assurbanipal,0x122a3,4,0.0005,0.9155,network,0,0
Assurbanipal,0x122a3,5,0.7896,0.852,network,0,0
Assurbanipal,0x122a3,6,0.5823,0.7921,network,0,0
Assurbanipal,0x122a3,7,0.7677,0.8754,skeleton,0,0
Assurbanipal,0x122a3,8,0.6366,0.8352,network,0,0
Assurbanipal,0x122a3,9,0.715,0.941,network,0,0
Assurbanipal,0x122a3,10,0.5181,0.8615,network,0,0
Assurbanipal,0x122a3,11,0.502,0.8219,network,0,0
Assurbanipal,0x122a3,12,0.6406,0.7086,network,0,0
Assurbanipal,0x122a3,13,0.6289,0.7524,network,0,0
Assurbanipal,0x122a3,14,0.7571,0.8449,network,0,0
Assurbanipal,0x122a4,1,0.7295,0.7941,network,0,0
Assurbanipal,0x122a4,2,0.5341,0.7624,skeleton,0,0
Assurbanipal,0x122a4,3,0.7759,0.8442,network,0,0
Assurbanipal,0x122a4,4,0.0005,0.9454,network,0,0
Assurbanipal,0x122a4,5,0.0053,0.8173,network,0,0
Assurbanipal,0x122a4,6,0.0007,0.8029,network,0,0
Assurbanipal,0x122a4,7,0.6847,0.8114,network,0,0
Assurbanipal,0x122a4,8,0.0448,0.8278,network,0,0
Assurbanipal,0x122a4,9,0.7718,0.8093,network,0,0
Assurbanipal,0x122a4,10,0.7635,0.8392,network,0,0
Assurbanipal,0x122a4,11,0.6654,0.8317,network,0,0
Assurbanipal,0x122a4,12,0.7303,0.7318,network,0,0
Assurbanipal,0x122a4,13,0.6813,0.8013,network,0,0
Assurbanipal,0x122a4,14,0.6597,0.8529,skeleton,0,0
Assurbanipal,0x122a5,1,0.6641,0.6641,network,0,0
Assurbanipal,0x122a5,2,0.5448,0.6939,skeleton,0,0
Assurbanipal,0x122a5,3,0.6847,0.6847,network,0,0
Assurbanipal,0x122a5,4,0.014,0.8392,network,0,0
Assurbanipal,0x122a5,5,0.7531,0.7531,skeleton,0,0
Assurbanipal,0x122a5,6,0.5931,0.5931,skeleton,0,0
Assurbanipal,0x122a5,7,0.7009,0.8436,network,0,0
Assurbanipal,0x122a5,8,0.739,0.739,skeleton,0,0
Assurbanipal,0x122a5,9,0.7495,0.8187,network,0,0
Assurbanipal,0x122a5,10,0.6132,0.8053,network,0,0
Assurbanipal,0x122a5,11,0.6663,0.7461,network,0,0
Assurbanipal,0x122a5,12,0.6947,0.8273,network,0,0
Assurbanipal,0x122a6,1,0.7062,0.785,network,0,0
Assurbanipal,0x122a6,2,0.5467,0.7502,skeleton,0,0
Assurbanipal,0x122a6,3,0.715,0.7198,network,0,0
Assurbanipal,0x122a6,4,0.004,0.8944,network,0,0
Assurbanipal,0x122a6,5,0.5578,0.7469,skeleton,0,0
Assurbanipal,0x122a6,6,0.6293,0.8546,network,0,0
Assurbanipal,0x122a6,7,0.5823,0.9205,network,0,0
Assurbanipal,0x122a6,8,0.6889,0.917,skeleton,0,0
Assurbanipal,0x122a6,9,0.0003,0.6393,skeleton,0,0
Assurbanipal,0x122a6,10,0.6951,0.8836,network,0,0
Assurbanipal,0x122a6,11,0.6562,0.7546,network,0,0
Assurbanipal,0x122a6,12,0.6206,0.8013,network,0,0
Assurbanipal,0x122a6,13,0.7221,0.8295,network,0,0
Assurbanipal,0x122a8,1,0.5784,0.7742,network,0,0
Assurbanipal,0x122a8,2,0.6183,0.7797,network,0,0
Assurbanipal,0x122a8,3,0.7509,0.8138,network,0,0
Assurbanipal,0x122a8,4,0.65,0.8187,network,0,0
Assurbanipal,0x122a8,5,0.5341,0.7883,network,0,0
Assurbanipal,0x122a8,6,0.5477,0.6741,network,0,0
Assurbanipal,0x122a8,7,0.5713,0.8625,network,0,0
Assurbanipal,0x122a8,8,0.6146,0.8146,network,0,0
Assurbanipal,0x122a8,9,0.785,0.8161,network,0,0
Assurbanipal,0x122aa,1,0.05,0.8196,skeleton,0,1
Assurbanipal,0x122aa,2,0.0004,0.3975,skeleton,0,0
Assurbanipal,0x122aa,3,0.61,0.8566,network,0,0
Assurbanipal,0x122aa,4,0.1126,0.8141,network,0,0
Assurbanipal,0x122aa,5,0.05,0.632,skeleton,0,1
Assurbanipal,0x122aa,6,0.6151,0.7542,skeleton,0,0
Assurbanipal,0x122aa,7,0.6016,0.752,network,0,0
Assurbanipal,0x122aa,8,0.6897,0.8041,skeleton,0,0
Assurbanipal,0x122aa,9,0.7214,0.7447,skeleton,0,0
Assurbanipal,0x122aa,10,0.6238,0.8918,network,0,0
Assurbanipal,0x122aa,11,0.6183,0.8762,network,0,0
Assurbanipal,0x122aa,12,0.05,0.6397,skeleton,1,1
Assurbanipal,0x122af,1,0.5554,0.8766,network,0,0
Assurbanipal,0x122af,2,0.6885,0.8314,network,0,0
Assurbanipal,0x122af,3,0.1128,0.7921,network,0,0
Assurbanipal,0x122af,4,0.0336,0.819,network,0,0
Assurbanipal,0x122af,5,0.6433,0.8236,network,0,0
Assurbanipal,0x122af,6,0.3968,0.6379,skeleton,0,0
Assurbanipal,0x122af,7,0.7928,0.8615,network,0,0
Assurbanipal,0x122af,8,0.6805,0.7736,skeleton,0,0
Assurbanipal,0x122b0,1,0.8044,0.8355,network,0,0
Assurbanipal,0x122b0,2,0.7476,0.8907,network,0,0
Assurbanipal,0x122b0,3,0.665,0.8208,network,0,0
Assurbanipal,0x122b0,4,0.0003,0.8634,network,0,0
Assurbanipal,0x122b0,5,0.3436,0.6762,skeleton,0,0
Assurbanipal,0x122b0,6,0.0074,0.5229,network,1,0
Assurbanipal,0x122b0,7,0.748,0.748,network,0,0
Assurbanipal,0x122b1,1,0.7574,0.8358,network,0,0
Assurbanipal,0x122b1,2,0.7495,0.8766,network,0,0
Assurbanipal,0x122b1,3,0.7102,0.7776,network,0,0
Assurbanipal,0x122b1,4,0.0005,0.8643,network,0,0
Assurbanipal,0x122b1,5,0.6872,0.6872,network,0,0
Assurbanipal,0x122b1,6,0.7375,0.7853,network,0,0
Assurbanipal,0x122b1,7,0.7217,0.7715,network,0,0
Assurbanipal,0x122b1,8,0.665,0.665,network,0,0
Assurbanipal,0x122b2,1,0.7567,0.8259,network,0,0
Assurbanipal,0x122b2,2,0.7158,0.8495,network,0,0
Assurbanipal,0x122b2,3,0.7379,0.7472,network,0,0
Assurbanipal,0x122b2,4,0.003,0.8804,network,0,0
Assurbanipal,0x122b2,5,0.7029,0.8347,network,0,0
Assurbanipal,0x122b2,6,0.7687,0.8135,network,0,0
Assurbanipal,0x122b2,7,0.7074,0.7776,network,0,0
Assurbanipal,0x122b2,8,0.6889,0.8599,network,0,0
Assurbanipal,0x122b2,9,0.0045,0.9317,network,0,0
Assurbanipal,0x122b2,10,0.6095,0.8575,network,0,0
Assurbanipal,0x122b2,11,0.6935,0.8379,network,0,0
Assurbanipal,0x122b2,12,0.5818,0.8339,network,0,0
Assurbanipal,0x122b2,13,0.671,0.671,network,0,0
Assurbanipal,0x122b2,14,0.7268,0.8449,network,0,0
Assurbanipal,0x122b3,1,0.7435,0.8706,network,0,0
Assurbanipal,0x122b3,2,0.7225,0.867,network,0,0
Assurbanipal,0x122b3,3,0.6805,0.867,network,0,0
Assurbanipal,0x122b3,4,0.7524,0.8368,network,0,0
Assurbanipal,0x122b3,5,0.0187,0.88,network,0,0
Assurbanipal,0x122b3,6,0.0002,0.3835,network,0,0
Assurbanipal,0x122b3,7,0.4703,0.4703,network,0,0
Assurbanipal,0x122b4,1,0.778,0.8766,network,0,0
Assurbanipal,0x122b4,2,0.717,0.8884,network,0,0
Assurbanipal,0x122b4,3,0.6298,0.7698,network,0,0
Assurbanipal,0x122b4,4,0.0025,0.8529,network,0,0
Assurbanipal,0x122b4,5,0.553,0.7722,network,0,0
Assurbanipal,0x122b4,6,0.7567,0.8239,network,0,0
Assurbanipal,0x122b4,7,0.603,0.7158,network,0,0
Assurbanipal,0x122b4,8,0.6834,0.7582,network,0,0
Assurbanipal,0x122b4,9,0.5409,0.7701,network,0,0
Assurbanipal,0x122b4,10,0.8376,0.8529,skeleton,0,0
Assurbanipal,0x122b4,11,0.6872,0.6918,network,0,0
Assurbanipal,0x122b5,1,0.7428,0.8452,network,0,0
Assurbanipal,0x122b5,2,0.68,0.8926,network,0,0
Assurbanipal,0x122b5,3,0.5931,0.7656,network,0,0
Assurbanipal,0x122b5,4,0.0025,0.8084,network,0,0
Assurbanipal,0x122b5,5,0.537,0.8868,network,0,0
Assurbanipal,0x122b5,6,0.7054,0.7054,network,0,0
Assurbanipal,0x122b6,1,0.7803,0.8512,network,0,0
Assurbanipal,0x122b6,2,0.6997,0.852,network,0,0
Assurbanipal,0x122b6,3,0.6889,0.7988,network,0,0
Assurbanipal,0x122b6,4,0.0093,0.7976,network,0,0
Assurbanipal,0x122b6,5,0.6897,0.8497,network,0,0
Assurbanipal,0x122b6,6,0.6215,0.6972,network,0,0
Assurbanipal,0x122b6,7,0.7417,0.8038,network,0,0
Assurbanipal,0x122b6,8,0.7921,0.8852,network,0,0
Assurbanipal,0x122b6,9,0.502,0.502,skeleton,0,0
Assurbanipal,0x122b7,1,0.7345,0.787,skeleton,0,0
Assurbanipal,0x122b7,2,0.05,0.8053,network,0,1
Assurbanipal,0x122b7,3,0.721,0.8977,network,0,0
Assurbanipal,0x122b7,4,0.642,0.8515,skeleton,0,0
Assurbanipal,0x122b7,5,0.0019,0.3266,network,0,0
Assurbanipal,0x122b7,6,0.6689,0.8779,network,0,0
Assurbanipal,0x122b7,7,0.7673,0.9067,skeleton,0,0
Assurbanipal,0x122b7,8,0.6676,0.8529,network,0,0
Assurbanipal,0x122b7,9,0.6146,0.8371,network,0,0
Assurbanipal,0x122b7,10,0.6762,0.7614,network,0,0
Assurbanipal,0x122b7,11,0.5327,0.8038,network,0,0
Assurbanipal,0x122b7,12,0.7102,0.7833,network,0,0
Assurbanipal,0x122b7,13,0.642,0.7776,network,0,0
Assurbanipal,0x122b7,14,0.7349,0.7853,network,0,0
Assurbanipal,0x122b7,15,0.7276,0.8563,skeleton,0,0
Assurbanipal,0x122b7,16,0.7701,0.9185,network,0,0
Assurbanipal,0x122b7,17,0.4066,0.8884,network,0,0
Assurbanipal,0x122bb,1,0.5263,0.726,network,0,0
Assurbanipal,0x122bb,2,0.0713,0.7524,network,0,0
Assurbanipal,0x122bb,3,0.8661,0.8661,network,0,0
Assurbanipal,0x122bb,4,0.4066,0.6025,network,0,0
Assurbanipal,0x122bb,5,0.632,0.7033,skeleton,0,0
Assurbanipal,0x122bb,6,0.7233,0.7233,skeleton,0,0
Assurbanipal,0x122bb,7,0.6775,0.7925,network,0,0
Assurbanipal,0x122bc,1,0.0467,0.8477,network,0,0
Assurbanipal,0x122bc,2,0.3752,0.7245,network,0,0
Assurbanipal,0x122bc,3,0.405,0.9127,network,0,0
Assurbanipal,0x122bc,4,0.0074,0.726,network,0,0
Assurbanipal,0x122bc,5,0.4995,0.7957,network,0,0
Assurbanipal,0x122bc,6,0.6522,0.7691,skeleton,0,0
Assurbanipal,0x122bc,7,0.6021,0.8648,network,0,0
Assurbanipal,0x122bc,8,0.7307,0.904,network,0,0
Assurbanipal,0x122bc,9,0.0796,0.9365,network,0,0
Assurbanipal,0x122bc,10,0.2018,0.9307,network,0,0
Assurbanipal,0x122bc,11,0.4097,0.8395,network,0,0
Assurbanipal,0x122bc,12,0.0027,0.8298,network,0,0
Assurbanipal,0x122bc,13,0.0034,0.9444,network,0,0
Assurbanipal,0x122bc,14,0.2606,0.8728,skeleton,0,0
Assurbanipal,0x122bc,15,0.4586,0.9365,network,0,0
Assurbanipal,0x122bc,16,0.0517,0.8447,network,0,0
Assurbanipal,0x122bc,17,0.3416,0.9271,network,0,0
Assurbanipal,0x122bc,18,0.057,0.9043,network,0,0
Assurbanipal,0x122bc,19,0.7635,0.9392,network,0,0
Assurbanipal,0x122bc,20,0.7766,0.8988,network,0,0
Assurbanipal,0x122bc,21,0.7843,0.9199,network,0,0
Assurbanipal,0x122bc,22,0.553,0.9047,network,0,0
Assurbanipal,0x122bd,1,0.478,0.9033,network,0,0
Assurbanipal,0x122bd,2,0.0263,0.8284,network,0,0
Assurbanipal,0x122bd,3,0.4698,0.9222,network,0,0
Assurbanipal,0x122bd,4,0.5511,0.6914,network,0,0
Assurbanipal,0x122bd,5,0.6972,0.6972,network,0,0
Assurbanipal,0x122bd,6,0.0857,0.7484,network,0,0
Assurbanipal,0x122bd,7,0.1269,0.8347,network,0,0
Assurbanipal,0x122bd,8,0.0078,0.8715,network,0,0
Assurbanipal,0x122bd,9,0.7589,0.8787,network,0,0
Assurbanipal,0x122bd,10,0.0104,0.9241,network,0,0
Assurbanipal,0x122bd,11,0.7807,0.7807,network,0,0
Assurbanipal,0x122bd,12,0.0079,0.8933,network,0,0
Assurbanipal,0x122bd,13,0.6976,0.9307,skeleton,0,0
Assurbanipal,0x122bd,14,0.7749,0.9312,skeleton,0,0
Assurbanipal,0x122bd,15,0.053,0.8309,network,0,0
Assurbanipal,0x122bd,16,0.006,0.8933,network,0,0
Assurbanipal,0x122bd,17,0.05,0.9073,network,0,1
Assurbanipal,0x122bd,18,0.4007,0.8929,network,0,0
Assurbanipal,0x122bd,19,0.7617,0.9421,network,0,0
Assurbanipal,0x122bd,20,0.6456,0.8736,network,0,0
Assurbanipal,0x122be,1,0.2101,0.7642,skeleton,0,0
Assurbanipal,0x122be,2,0.0006,0.3346,skeleton,0,0
Assurbanipal,0x122be,3,0.4819,0.8812,network,0,0
Assurbanipal,0x122be,4,0.7712,0.8495,network,0,0
Assurbanipal,0x122be,5,0.8575,0.8745,network,0,0
Assurbanipal,0x122be,6,0.0443,0.8639,network,0,0
Assurbanipal,0x122be,7,0.6851,0.6851,network,0,0
Assurbanipal,0x122be,8,0.05,0.8582,network,0,1
Assurbanipal,0x122be,9,0.5059,0.8225,network,0,0
Assurbanipal,0x122be,10,0.8429,0.8429,network,0,0
Assurbanipal,0x122be,11,0.7856,0.7856,network,0,0
Assurbanipal,0x122be,12,0.6889,0.768,network,0,0
Assurbanipal,0x122be,13,0.6805,0.9173,skeleton,0,0
Assurbanipal,0x122be,14,0.7487,0.778,network,0,0
Assurbanipal,0x122be,15,0.8016,0.9023,skeleton,0,0
Assurbanipal,0x122bf,1,0.739,0.7638,network,0,0
Assurbanipal,0x122bf,2,0.6137,0.7256,network,0,0
Assurbanipal,0x122bf,3,0.7174,0.7873,skeleton,0,0
Assurbanipal,0x122bf,4,0.4285,0.7454,network,0,0
Assurbanipal,0x122bf,5,0.7154,0.7256,network,0,0
Assurbanipal,0x122bf,6,0.5132,0.8423,network,0,0
Assurbanipal,0x122bf,7,0.6137,0.9115,network,0,0
Assurbanipal,0x122bf,8,0.7162,0.8995,network,0,0
Assurbanipal,0x122bf,9,0.6091,0.8546,network,0,0
Assurbanipal,0x122c1,1,0.6732,0.8239,skeleton,0,0
Assurbanipal,0x122c1,2,0.5784,0.8611,network,0,0
Assurbanipal,0x122c1,3,0.4321,0.8502,network,0,0
Assurbanipal,0x122c1,4,0.8465,0.8675,network,0,0
Assurbanipal,0x122c1,5,0.7138,0.7889,network,0,0
Assurbanipal,0x122c1,6,0.05,0.7383,skeleton,0,1
Assurbanipal,0x122c1,7,0.6584,0.8462,network,0,0
Assurbanipal,0x122c1,8,0.0243,0.8955,skeleton,0,0
Assurbanipal,0x122c1,9,0.4834,0.8914,network,0,0
Assurbanipal,0x122c1,10,0.6049,0.8065,network,0,0
Assurbanipal,0x122c1,11,0.4878,0.5789,skeleton,0,0
Assurbanipal,0x122c1,12,0.6906,0.6906,network,0,0
Assurbanipal,0x122c1,13,0.5063,0.6753,network,0,0
Assurbanipal,0x122c1,14,0.5931,0.6438,network,0,0
Assurbanipal,0x122c1,15,0.244,0.6783,skeleton,0,0
Assurbanipal,0x122c1,16,0.0164,0.6039,network,1,0
Assurbanipal,0x122c1,17,0.6993,0.6993,network,0,0
Assurbanipal,0x122c1,18,0.002,0.7311,network,0,0
Assurbanipal,0x122c2,1,0.7098,0.7098,skeleton,0,0
Assurbanipal,0x122c2,2,0.7154,0.8264,skeleton,0,0
Assurbanipal,0x122c2,3,0.3531,0.882,network,0,0
Assurbanipal,0x122c2,4,0.7972,0.8444,network,0,0
Assurbanipal,0x122c2,5,0.4325,0.908,network,0,0
Assurbanipal,0x122c2,6,0.8287,0.9127,network,0,0
Assurbanipal,0x122c4,1,0.6706,0.7837,skeleton,0,0
Assurbanipal,0x122c4,2,0.6128,0.7863,skeleton,0,0
Assurbanipal,0x122c4,3,0.6393,0.768,network,0,0
Assurbanipal,0x122c4,4,0.6142,0.7217,skeleton,0,0
Assurbanipal,0x122c4,5,0.0268,0.8697,network,0,0
Assurbanipal,0x122c4,6,0.707,0.8559,network,0,0
Assurbanipal,0x122c4,7,0.6169,0.6169,skeleton,0,0
Assurbanipal,0x122c4,8,0.671,0.8416,network,0,0
Assurbanipal,0x122c4,9,0.5997,0.6527,network,0,0
Assurbanipal,0x122c5,1,0.6366,0.7506,skeleton,0,0
Assurbanipal,0x122c5,2,0.6366,0.739,skeleton,0,0
Assurbanipal,0x122c5,3,0.6021,0.7582,skeleton,0,0
Assurbanipal,0x122c5,4,0.6509,0.8029,skeleton,0,0
Assurbanipal,0x122c5,5,0.0008,0.8618,network,0,0
Assurbanipal,0x122c5,6,0.7225,0.8431,network,0,0
Assurbanipal,0x122c5,7,0.7856,0.8431,network,0,0
Assurbanipal,0x122c5,8,0.0175,0.8429,network,0,0
Assurbanipal,0x122c5,9,0.5875,0.905,network,0,0
Assurbanipal,0x122c5,10,0.6206,0.7988,skeleton,0,0
Assurbanipal,0x122c5,11,0.6851,0.6851,network,0,0
Assurbanipal,0x122c5,12,0.6325,0.8457,network,0,0
Assurbanipal,0x122c5,13,0.5525,0.5525,network,0,0
Assurbanipal,0x122c6,1,0.5851,0.7957,skeleton,0,0
Assurbanipal,0x122c6,2,0.7245,0.7863,network,0,0
Assurbanipal,0x122c6,3,0.0303,0.6334,network,0,0
Assurbanipal,0x122c6,4,0.4199,0.752,network,0,0
Assurbanipal,0x122c6,5,0.4069,0.778,skeleton,0,0
Assurbanipal,0x122c6,6,0.408,0.8239,skeleton,0,0
Assurbanipal,0x122c6,7,0.0093,0.5818,network,1,0
Assurbanipal,0x122c6,8,0.6348,0.6348,network,0,0
Assurbanipal,0x122c6,9,0.0042,0.8149,network,0,0
Assurbanipal,0x122c7,1,0.05,0.7797,skeleton,0,1
Assurbanipal,0x122c7,2,0.711,0.711,network,0,0
Assurbanipal,0x122c7,3,0.0067,0.5477,network,0,0
Assurbanipal,0x122c7,4,0.2374,0.6366,network,0,0
Assurbanipal,0x122c7,5,0.462,0.8264,network,0,0
Assurbanipal,0x122c7,6,0.554,0.7937,skeleton,0,0
Assurbanipal,0x122c7,7,0.0,0.6361,network,1,0
Assurbanipal,0x122c7,8,0.004,0.7853,network,0,0
Assurbanipal,0x122c7,9,0.6433,0.8161,network,0,0
Assurbanipal,0x122c7,10,0.6123,0.6123,skeleton,0,0
Assurbanipal,0x122c7,11,0.5703,0.8918,network,0,0
Assurbanipal,0x122c7,12,0.6939,0.7311,network,0,0
Assurbanipal,0x122c8,1,0.6284,0.8081,skeleton,0,0
Assurbanipal,0x122c8,2,0.6123,0.7439,skeleton,0,0
Assurbanipal,0x122c8,3,0.0005,0.5458,network,0,0
Assurbanipal,0x122c8,4,0.2585,0.7062,network,0,0
Assurbanipal,0x122c8,5,0.54,0.825,skeleton,0,0
Assurbanipal,0x122c8,6,0.5689,0.7947,skeleton,0,0
Assurbanipal,0x122c8,7,0.0,0.6482,network,1,0
Assurbanipal,0x122c8,8,0.5463,0.8891,network,0,0
Assurbanipal,0x122c8,9,0.3368,0.8505,network,0,0
Assurbanipal,0x122c8,10,0.7314,0.8537,skeleton,0,0
Assurbanipal,0x122c8,11,0.705,0.7876,network,0,0
Assurbanipal,0x122c8,12,0.0013,0.8228,network,0,0
Assurbanipal,0x122c8,13,0.0015,0.5351,network,0,0
Assurbanipal,0x122c8,14,0.4235,0.4235,network,0,0
Assurbanipal,0x122c8,15,0.7017,0.8551,network,0,0
Assurbanipal,0x122c8,16,0.5336,0.862,network,0,0
Assurbanipal,0x122c9,1,0.5346,0.8105,skeleton,0,0
Assurbanipal,0x122c9,2,0.5424,0.8222,skeleton,0,0
Assurbanipal,0x122c9,3,0.0005,0.519,network,0,0
Assurbanipal,0x122c9,4,0.2053,0.6456,network,0,0
Assurbanipal,0x122c9,5,0.5083,0.8117,skeleton,0,0
Assurbanipal,0x122c9,6,0.5569,0.7817,skeleton,0,0
Assurbanipal,0x122c9,7,0.0,0.5593,network,1,0
Assurbanipal,0x122c9,8,0.5156,0.8988,network,0,0
Assurbanipal,0x122c9,9,0.7783,0.7783,network,0,0
Assurbanipal,0x122c9,10,0.5964,0.8702,skeleton,0,0
Assurbanipal,0x122c9,11,0.7042,0.8405,network,0,0
Assurbanipal,0x122c9,12,0.654,0.7853,skeleton,0,0
Assurbanipal,0x122c9,13,0.6343,0.8069,network,0,0
Assurbanipal,0x122c9,14,0.5598,0.7684,network,0,0
Assurbanipal,0x122c9,15,0.0209,0.7046,network,0,0
Assurbanipal,0x122c9,16,0.0013,0.3748,skeleton,0,0
Assurbanipal,0x122ca,1,0.539,0.7549,skeleton,0,0
Assurbanipal,0x122ca,2,0.733,0.7972,skeleton,0,0
Assurbanipal,0x122ca,3,0.0002,0.5627,network,0,0
Assurbanipal,0x122ca,4,0.3383,0.6619,network,0,0
Assurbanipal,0x122ca,5,0.4985,0.7725,network,0,0
Assurbanipal,0x122ca,6,0.5351,0.7379,skeleton,0,0
Assurbanipal,0x122ca,7,0.0001,0.5467,network,1,0
Assurbanipal,0x122ca,8,0.5317,0.8487,network,0,0
Assurbanipal,0x122ca,9,0.5622,0.8253,network,0,0
Assurbanipal,0x122ca,10,0.6749,0.8184,network,0,0
Assurbanipal,0x122ca,11,0.6783,0.7988,network,0,0
Assurbanipal,0x122ca,12,0.6505,0.8311,network,0,0
Assurbanipal,0x122ca,13,0.728,0.7291,network,0,0
Assurbanipal,0x122cb,1,0.5375,0.8007,skeleton,0,0
Assurbanipal,0x122cb,2,0.6514,0.7158,network,0,0
Assurbanipal,0x122cb,3,0.4897,0.6067,network,0,0
Assurbanipal,0x122cb,4,0.5477,0.7435,network,0,0
Assurbanipal,0x122cb,5,0.0177,0.8546,network,0,0
Assurbanipal,0x122cb,6,0.54,0.7217,skeleton,0,0
Assurbanipal,0x122cb,7,0.0201,0.6536,network,1,0
Assurbanipal,0x122cb,8,0.6114,0.9019,network,0,0
Assurbanipal,0x122cb,9,0.6536,0.9208,network,0,0
Assurbanipal,0x122cb,10,0.6918,0.8505,network,0,0
Assurbanipal,0x122cb,11,0.696,0.914,network,0,0
Assurbanipal,0x122cb,12,0.05,0.8868,skeleton,0,1
Assurbanipal,0x122cb,13,0.7206,0.8741,network,0,0
Assurbanipal,0x122cc,1,0.6238,0.7691,skeleton,0,0
Assurbanipal,0x122cc,2,0.7142,0.7736,skeleton,0,0
Assurbanipal,0x122cc,3,0.0006,0.5039,network,0,0
Assurbanipal,0x122cc,4,0.1493,0.7098,network,0,0
Assurbanipal,0x122cc,5,0.4511,0.7722,skeleton,0,0
Assurbanipal,0x122cc,6,0.5137,0.7484,skeleton,0,0
Assurbanipal,0x122cc,7,0.0,0.6289,network,1,0
Assurbanipal,0x122cc,8,0.5142,0.8601,skeleton,0,0
Assurbanipal,0x122cc,9,0.6872,0.7976,network,0,0
Assurbanipal,0x122cc,10,0.7162,0.8426,skeleton,0,0
Assurbanipal,0x122cc,11,0.4664,0.7531,network,0,0
Assurbanipal,0x122cc,12,0.6039,0.6039,network,0,0
Assurbanipal,0x122cd,1,0.603,0.7372,skeleton,0,0
Assurbanipal,0x122cd,2,0.688,0.7928,skeleton,0,0
Assurbanipal,0x122cd,3,0.0009,0.5525,network,0,0
Assurbanipal,0x122cd,4,0.3509,0.6796,network,0,0
Assurbanipal,0x122cd,5,0.4494,0.7912,skeleton,0,0
Assurbanipal,0x122cd,6,0.5322,0.7531,skeleton,0,0
Assurbanipal,0x122cd,7,0.0,0.5059,network,1,0
Assurbanipal,0x122cd,8,0.5865,0.8675,network,0,0
Assurbanipal,0x122cd,9,0.4123,0.8544,skeleton,0,0
Assurbanipal,0x122cd,10,0.7062,0.8418,network,0,0
Assurbanipal,0x122cd,11,0.7311,0.8844,network,0,0
Assurbanipal,0x122cd,12,0.6044,0.7941,skeleton,0,0
Assurbanipal,0x122cd,13,0.0017,0.4388,network,1,0
Assurbanipal,0x122cd,14,0.4698,0.7725,skeleton,0,0
Assurbanipal,0x122cd,15,0.7402,0.8434,network,0,0
Assurbanipal,0x122cd,16,0.5823,0.5823,network,0,0
Assurbanipal,0x122ce,1,0.5931,0.7837,skeleton,0,0
Assurbanipal,0x122ce,2,0.7074,0.7793,skeleton,0,0
Assurbanipal,0x122ce,3,0.0003,0.5818,network,0,0
Assurbanipal,0x122ce,4,0.4057,0.654,network,0,0
Assurbanipal,0x122ce,5,0.5029,0.8084,skeleton,0,0
Assurbanipal,0x122ce,6,0.5307,0.8196,skeleton,0,0
Assurbanipal,0x122ce,7,0.0,0.5978,network,1,0
Assurbanipal,0x122ce,8,0.6741,0.8149,network,0,0
Assurbanipal,0x122ce,9,0.0194,0.8582,network,0,0
Assurbanipal,0x122ce,10,0.0055,0.5351,network,0,0
Assurbanipal,0x122ce,11,0.4297,0.8022,network,0,0
Assurbanipal,0x122ce,12,0.6951,0.9026,network,0,0
Assurbanipal,0x122ce,13,0.0248,0.7042,network,1,0
Assurbanipal,0x122ce,14,0.7498,0.8219,network,0,0
Assurbanipal,0x122ce,15,0.6487,0.6654,network,0,0
Assurbanipal,0x122cf,1,0.05,0.7264,skeleton,0,1
Assurbanipal,0x122cf,2,0.6624,0.7873,skeleton,0,0
Assurbanipal,0x122cf,3,0.0002,0.54,network,0,0
Assurbanipal,0x122cf,4,0.3928,0.6654,network,0,0
Assurbanipal,0x122cf,5,0.5117,0.8184,skeleton,0,0
Assurbanipal,0x122cf,6,0.4902,0.7833,skeleton,0,0
Assurbanipal,0x122cf,7,0.0001,0.6518,network,1,0
Assurbanipal,0x122cf,8,0.633,0.8697,network,0,0
Assurbanipal,0x122cf,9,0.1074,0.9164,network,0,0
Assurbanipal,0x122cf,10,0.8176,0.848,network,0,0
Assurbanipal,0x122cf,11,0.8311,0.8684,network,0,0
Assurbanipal,0x122cf,12,0.7998,0.8693,network,0,0
Assurbanipal,0x122cf,13,0.6478,0.7364,skeleton,0,0
Assurbanipal,0x122cf,14,0.5429,0.812,network,0,0
Assurbanipal,0x122cf,15,0.3808,0.6619,skeleton,0,0
Assurbanipal,0x122cf,16,0.5732,0.5732,skeleton,0,0
Assurbanipal,0x122d0,1,0.5922,0.7154,skeleton,0,0
Assurbanipal,0x122d0,2,0.7166,0.8047,skeleton,0,0
Assurbanipal,0x122d0,3,0.001,0.4494,network,0,0
Assurbanipal,0x122d0,4,0.3238,0.6553,network,0,0
Assurbanipal,0x122d0,5,0.4902,0.7957,skeleton,0,0
Assurbanipal,0x122d0,6,0.5112,0.778,skeleton,0,0
Assurbanipal,0x122d0,7,0.0,0.632,network,1,0
Assurbanipal,0x122d0,8,0.6456,0.8284,network,0,0
Assurbanipal,0x122d0,9,0.6352,0.7966,network,0,0
Assurbanipal,0x122d0,10,0.5569,0.7592,network,0,0
Assurbanipal,0x122d0,11,0.555,0.7813,network,0,0
Assurbanipal,0x122d0,12,0.7786,0.8977,network,0,0
Assurbanipal,0x122d0,13,0.6505,0.6505,network,0,0
Assurbanipal,0x122d1,1,0.05,0.7549,skeleton,0,1
Assurbanipal,0x122d1,2,0.6379,0.7797,skeleton,0,0
Assurbanipal,0x122d1,3,0.0006,0.5851,network,0,0
Assurbanipal,0x122d1,4,0.3944,0.6302,network,0,0
Assurbanipal,0x122d1,5,0.5029,0.8222,skeleton,0,0
Assurbanipal,0x122d1,6,0.5142,0.7793,skeleton,0,0
Assurbanipal,0x122d1,7,0.0,0.5997,network,1,0
Assurbanipal,0x122d1,8,0.5156,0.8225,network,0,0
Assurbanipal,0x122d1,9,0.0033,0.7953,network,0,0
Assurbanipal,0x122d1,10,0.0025,0.5482,network,0,0
Assurbanipal,0x122d1,11,0.4383,0.8452,network,0,0
Assurbanipal,0x122d1,12,0.6805,0.9089,network,0,0
Assurbanipal,0x122d1,13,0.6137,0.6137,skeleton,0,0
Assurbanipal,0x122d2,1,0.6988,0.715,network,0,0
Assurbanipal,0x122d2,2,0.6689,0.8029,skeleton,0,0
Assurbanipal,0x122d2,3,0.7225,0.7846,network,0,0
Assurbanipal,0x122d2,4,0.0015,0.8392,skeleton,0,0
Assurbanipal,0x122d2,5,0.0237,0.8135,network,0,0
Assurbanipal,0x122d2,6,0.5525,0.851,network,0,0
Assurbanipal,0x122d2,7,0.7291,0.8723,network,0,0
Assurbanipal,0x122d2,8,0.6357,0.8403,network,0,0
Assurbanipal,0x122d2,9,0.0254,0.858,network,0,0
Assurbanipal,0x122d2,10,0.555,0.84,skeleton,0,0
Assurbanipal,0x122d2,11,0.5983,0.8907,network,0,0
Assurbanipal,0x122d2,12,0.5813,0.8216,network,0,0
Assurbanipal,0x122d2,13,0.8295,0.8295,skeleton,0,0
Assurbanipal,0x122d2,14,0.8117,0.8117,network,0,0
Assurbanipal,0x122d2,15,0.8358,0.8998,network,0,0
Assurbanipal,0x122d3,1,0.3429,0.8222,network,0,0
Assurbanipal,0x122d3,2,0.5249,0.5249,network,0,0
Assurbanipal,0x122d3,3,0.6202,0.6202,network,0,0
Assurbanipal,0x122d3,4,0.6901,0.8366,network,0,0
Assurbanipal,0x122d3,5,0.7334,0.9466,network,0,0
Assurbanipal,0x122d3,6,0.3612,0.9026,skeleton,1,0
Assurbanipal,0x122d4,1,0.0199,0.8487,network,0,0
Assurbanipal,0x122d4,2,0.6775,0.819,skeleton,0,0
Assurbanipal,0x122d4,3,0.5908,0.8309,network,0,0
Assurbanipal,0x122d4,4,0.783,0.783,network,0,0
Assurbanipal,0x122d4,5,0.0002,0.8292,network,0,0
Assurbanipal,0x122d6,1,0.7314,0.8022,network,0,0
Assurbanipal,0x122d6,2,0.6465,0.7934,network,0,0
Assurbanipal,0x122d6,3,0.8563,0.8563,network,0,0
Assurbanipal,0x122d6,4,0.8233,0.851,network,0,0
Assurbanipal,0x122d6,5,0.7146,0.8228,skeleton,0,0
Assurbanipal,0x122dc,1,0.5511,0.7592,network,0,0
Assurbanipal,0x122dc,2,0.5215,0.7349,network,0,0
Assurbanipal,0x122dc,3,0.4247,0.8544,network,0,0
Assurbanipal,0x122dc,4,0.7114,0.7114,network,0,0
Assurbanipal,0x122dc,5,0.7487,0.7487,network,0,0
Assurbanipal,0x122dc,6,0.0009,0.7988,network,0,0
Assurbanipal,0x122dc,7,0.3844,0.8447,network,0,0
Assurbanipal,0x122dc,8,0.6906,0.8259,network,0,0
Assurbanipal,0x122dd,1,0.6077,0.8038,skeleton,0,0
Assurbanipal,0x122dd,2,0.6424,0.7491,network,0,0
Assurbanipal,0x122dd,3,0.0099,0.884,skeleton,0,0
Assurbanipal,0x122dd,4,0.5627,0.9086,network,0,0
Assurbanipal,0x122de,1,0.0,0.5516,network,1,0
Assurbanipal,0x122de,2,0.0131,0.7746,network,0,0
Assurbanipal,0x122de,3,0.7033,0.8995,network,0,0
Assurbanipal,0x122de,4,0.5799,0.8929,network,0,0
Assurbanipal,0x122de,5,0.6851,0.8899,network,0,0
Assurbanipal,0x122de,6,0.1493,0.8666,network,0,0
Assurbanipal,0x122de,7,0.393,0.849,network,0,0
Assurbanipal,0x122de,8,0.3442,0.6766,network,0,0
Assurbanipal,0x122de,9,0.0159,0.8832,network,0,0
Assurbanipal,0x122de,10,0.2552,0.817,skeleton,0,0
Assurbanipal,0x122de,11,0.5742,0.8808,network,0,0
Assurbanipal,0x122df,1,0.0014,0.6706,network,0,0
Assurbanipal,0x122df,2,0.3605,0.7666,network,0,0
Assurbanipal,0x122df,3,0.5993,0.8816,network,0,0
Assurbanipal,0x122df,4,0.0012,0.926,network,0,0
Assurbanipal,0x122df,5,0.0023,0.9191,network,0,0
Assurbanipal,0x122df,6,0.5993,0.9115,network,0,0
Assurbanipal,0x122df,7,0.0046,0.9274,network,0,0
Assurbanipal,0x122df,8,0.025,0.8706,network,0,0
Assurbanipal,0x122df,9,0.0041,0.8366,network,0,1
Assurbanipal,0x122df,10,0.3558,0.8492,skeleton,0,0
Assurbanipal,0x122df,11,0.5894,0.8732,network,0,0
Assurbanipal,0x122df,12,0.3244,0.8537,skeleton,0,0
Assurbanipal,0x122df,13,0.3558,0.9118,network,0,0
Assurbanipal,0x122df,14,0.05,0.859,network,0,1
Assurbanipal,0x122df,15,0.123,0.427,skeleton,1,0
Assurbanipal,0x122df,16,0.0008,0.553,network,1,0
Assurbanipal,0x122df,17,0.0045,0.683,skeleton,0,0
Assurbanipal,0x122df,18,0.023,0.5827,network,0,0
Assurbanipal,0x122df,19,0.001,0.8317,network,1,0
Assurbanipal,0x122df,20,0.0002,0.6876,network,0,0
Assurbanipal,0x122e0,1,0.2031,0.8585,network,0,0
Assurbanipal,0x122e0,2,0.6002,0.8366,network,0,0
Assurbanipal,0x122e0,3,0.4776,0.8559,network,0,0
Assurbanipal,0x122e0,4,0.7624,0.7624,network,0,0
Assurbanipal,0x122e0,5,0.7314,0.7677,network,0,0
Assurbanipal,0x122e0,6,0.7094,0.7509,skeleton,0,0
Assurbanipal,0x122e0,7,0.6058,0.8559,network,0,0
Assurbanipal,0x122e0,8,0.0489,0.8736,network,0,0
Assurbanipal,0x122e0,9,0.5127,0.8434,network,0,0
Assurbanipal,0x122e0,10,0.5559,0.7902,network,0,0
Assurbanipal,0x122e0,11,0.728,0.728,skeleton,0,0
Assurbanipal,0x122e0,12,0.7046,0.7046,skeleton,0,0
Assurbanipal,0x122e4,1,0.4927,0.832,network,0,0
Assurbanipal,0x122e4,2,0.0583,0.7264,network,0,0
Assurbanipal,0x122e4,3,0.847,0.847,network,0,0
Assurbanipal,0x122e4,4,0.0088,0.7912,network,0,0
Assurbanipal,0x122e4,5,0.6343,0.7428,skeleton,0,0
Assurbanipal,0x122e4,6,0.719,0.719,network,0,0
Assurbanipal,0x122e4,7,0.7793,0.8069,network,0,0
Assurbanipal,0x122e4,8,0.1336,0.8352,network,0,0
Assurbanipal,0x122e6,1,0.6179,0.7739,network,0,0
Assurbanipal,0x122e6,2,0.7349,0.8233,network,0,0
Assurbanipal,0x122e6,3,0.0106,0.8392,network,0,0
Assurbanipal,0x122e6,4,0.6058,0.7934,network,0,0
Assurbanipal,0x122e6,5,0.4805,0.8423,network,0,0
Assurbanipal,0x122e6,6,0.05,0.8502,skeleton,0,1
Assurbanipal,0x122e6,7,0.05,0.8336,skeleton,0,1
Assurbanipal,0x122e6,8,0.7241,0.9474,network,0,0
Assurbanipal,0x122e6,9,0.5894,0.884,network,0,0
Assurbanipal,0x122e6,10,0.6343,0.7221,network,0,0
Assurbanipal,0x122e6,11,0.8069,0.8069,network,0,0
Assurbanipal,0x122e6,12,0.4204,0.8566,network,0,0
Assurbanipal,0x122e6,13,0.522,0.8502,network,0,0
Assurbanipal,0x122e8,1,0.7413,0.8328,skeleton,0,0
Assurbanipal,0x122e8,2,0.6706,0.784,skeleton,0,0
Assurbanipal,0x122e8,3,0.7673,0.8783,network,0,0
Assurbanipal,0x122e8,4,0.0039,0.761,skeleton,0,0
Assurbanipal,0x122e8,5,0.0876,0.8336,skeleton,0,0
Assurbanipal,0x122e8,6,0.7465,0.8648,network,0,0
Assurbanipal,0x122e8,7,0.7856,0.9086,network,0,0
Assurbanipal,0x122e8,8,0.6955,0.847,network,0,0
Assurbanipal,0x122e8,9,0.0152,0.8507,network,0,0
Assurbanipal,0x122e8,10,0.721,0.8426,network,0,0
Assurbanipal,0x122ea,1,0.6438,0.7873,skeleton,0,0
Assurbanipal,0x122ea,2,0.6302,0.6302,network,0,0
Assurbanipal,0x122ea,3,0.7937,0.8138,network,0,0
Assurbanipal,0x122ea,4,0.7976,0.836,network,0,0
Assurbanipal,0x122ea,5,0.0337,0.7807,network,0,0
Assurbanipal,0x122ea,6,0.0112,0.7998,network,0,0
Assurbanipal,0x122ea,7,0.0018,0.7017,network,0,1
Assurbanipal,0x122ea,8,0.001,0.7701,network,0,0
Assurbanipal,0x122ea,9,0.4431,0.8317,skeleton,0,0
Assurbanipal,0x122ea,10,0.6676,0.7963,network,0,0
Assurbanipal,0x122ea,11,0.7021,0.8075,skeleton,0,0
Assurbanipal,0x122ea,12,0.5641,0.6847,network,0,0
Assurbanipal,0x122ea,13,0.0398,0.6474,network,1,0
Assurbanipal,0x122ea,14,0.2544,0.8439,skeleton,0,0
Assurbanipal,0x122ea,15,0.6081,0.6654,skeleton,0,0
Assurbanipal,0x122ec,1,0.4242,0.646,skeleton,0,0
Assurbanipal,0x122ec,2,0.5049,0.5049,network,0,0
Assurbanipal,0x122ec,3,0.002,0.8358,network,1,0
Assurbanipal,0x122ec,4,0.6796,0.6796,network,0,0
Assurbanipal,0x122ec,5,0.7846,0.7941,network,0,0
Assurbanipal,0x122ec,6,0.0061,0.8108,network,0,0
Assurbanipal,0x122ed,1,0.0247,0.8262,network,0,0
Assurbanipal,0x122ed,2,0.4839,0.6993,network,0,0
Assurbanipal,0x122ed,3,0.7046,0.7491,network,0,0
Assurbanipal,0x122ed,4,0.7759,0.7759,network,0,0
Assurbanipal,0x122ed,5,0.3877,0.8264,network,0,0
Assurbanipal,0x122ed,6,0.4795,0.7318,network,0,0
Assurbanipal,0x122ed,7,0.7303,0.8096,network,0,0
Assurbanipal,0x122ee,1,0.7005,0.8084,network,0,0
Assurbanipal,0x122ee,2,0.6593,0.7284,network,0,0
Assurbanipal,0x122ee,3,0.7253,0.836,skeleton,0,0
Assurbanipal,0x122ee,4,0.6553,0.7368,network,0,0
Assurbanipal,0x122ee,5,0.6693,0.7506,network,0,0
Assurbanipal,0x122ee,6,0.0079,0.8652,network,0,0
Assurbanipal,0x122ee,7,0.0032,0.7931,network,0,0
Assurbanipal,0x122ee,8,0.6964,0.9109,network,0,0
Assurbanipal,0x122ee,9,0.4659,0.8352,network,0,0
Assurbanipal,0x122ee,10,0.6206,0.8164,network,0,0
Assurbanipal,0x122ee,11,0.7054,0.8926,network,0,0
Assurbanipal,0x122ee,12,0.6553,0.6553,network,0,0
Assurbanipal,0x122ef,1,0.7264,0.8259,network,0,0
Assurbanipal,0x122ef,2,0.6779,0.7628,network,0,0
Assurbanipal,0x122ef,3,0.6397,0.8242,network,0,0
Assurbanipal,0x122ef,4,0.715,0.8247,skeleton,0,0
Assurbanipal,0x122ef,5,0.6491,0.8062,network,0,0
Assurbanipal,0x122ef,6,0.0006,0.8918,network,0,0
Assurbanipal,0x122ef,7,0.5063,0.709,skeleton,0,0
Assurbanipal,0x122ef,8,0.5453,0.5453,network,0,0
Assurbanipal,0x122f1,1,0.7402,0.8114,network,0,0
Assurbanipal,0x122f1,2,0.7394,0.8771,network,0,0
Assurbanipal,0x122f1,3,0.6868,0.8615,network,0,0
Assurbanipal,0x122f1,4,0.6676,0.8816,network,0,0
Assurbanipal,0x122f1,5,0.479,0.8836,network,0,0
Assurbanipal,0x122f1,6,0.5574,0.8796,network,0,0
Assurbanipal,0x122f1,7,0.5054,0.5054,network,0,0
Assurbanipal,0x122f1,8,0.6316,0.8783,skeleton,0,0
Assurbanipal,0x122f1,9,0.7118,0.7118,skeleton,0,0
Assurbanipal,0x122f1,10,0.6645,0.8314,network,0,0
Assurbanipal,0x122f1,11,0.6822,0.8143,network,0,0
Assurbanipal,0x122f1,12,0.7264,0.8697,skeleton,0,0
Assurbanipal,0x122f1,13,0.61,0.8317,network,0,0
Assurbanipal,0x122f1,14,0.688,0.8219,skeleton,0,0
Assurbanipal,0x122f2,1,0.796,0.819,network,0,0
Assurbanipal,0x122f2,2,0.6545,0.9009,network,0,0
Assurbanipal,0x122f2,3,0.6997,0.8796,network,0,0
Assurbanipal,0x122f2,4,0.05,0.9222,skeleton,0,1
Assurbanipal,0x122fa,1,0.0076,0.7982,skeleton,0,0
Assurbanipal,0x122fa,2,0.3385,0.8242,network,0,0
Assurbanipal,0x122fa,3,0.756,0.7807,skeleton,0,0
Assurbanipal,0x122fa,4,0.3162,0.8069,network,0,0
Assurbanipal,0x122fa,5,0.5453,0.7732,network,0,0
Assurbanipal,0x122fa,6,0.7759,0.8072,network,0,0
Assurbanipal,0x122fa,7,0.6509,0.7725,network,0,0
Assurbanipal,0x122fa,8,0.7487,0.8062,network,0,0
Assurbanipal,0x122fa,9,0.3381,0.8955,network,0,0
Assurbanipal,0x122fa,10,0.8029,0.8556,network,0,0
Assurbanipal,0x122fd,1,0.6007,0.7372,network,0,0
Assurbanipal,0x122fd,2,0.7905,0.7905,network,0,0
Assurbanipal,0x122fd,3,0.4232,0.8485,network,0,0
Assurbanipal,0x122fd,4,0.4946,0.8604,network,0,0
Assurbanipal,0x122fd,5,0.6597,0.7783,network,0,0
Assurbanipal,0x122fd,6,0.6766,0.8032,skeleton,0,0
Assurbanipal,0x122fd,7,0.688,0.7046,network,0,0
Assurbanipal,0x122fd,8,0.7017,0.7642,skeleton,0,0
Assurbanipal,0x122ff,1,0.7225,0.8573,network,0,0
Assurbanipal,0x122ff,2,0.4746,0.6993,network,0,0
Assurbanipal,0x122ff,3,0.7098,0.7899,network,0,0
Assurbanipal,0x122ff,4,0.263,0.4383,skeleton,1,0
Assurbanipal,0x12300,1,0.3979,0.6562,network,0,0
Assurbanipal,0x12301,1,0.5603,0.782,network,0,0
Assurbanipal,0x12301,2,0.0259,0.7589,network,0,0
Assurbanipal,0x12301,3,0.8575,0.8783,network,0,0
Assurbanipal,0x12301,4,0.5312,0.8771,network,0,0
Assurbanipal,0x12301,5,0.6183,0.7937,skeleton,0,0
Assurbanipal,0x12301,6,0.6142,0.7318,network,0,0
Assurbanipal,0x12301,7,0.4951,0.7264,skeleton,0,0
Assurbanipal,0x12301,8,0.4571,0.7889,network,0,0
Assurbanipal,0x12301,9,0.7538,0.858,network,0,0
Assurbanipal,0x12301,10,0.5813,0.8287,network,0,0
Assurbanipal,0x12301,11,0.7435,0.8568,network,0,0
Assurbanipal,0x12301,12,0.5205,0.917,network,0,0
Assurbanipal,0x12301,13,0.8056,0.8991,network,0,0
Assurbanipal,0x12301,14,0.4033,0.8715,network,0,0
Assurbanipal,0x12303,1,0.4137,0.9356,network,0,0
Assurbanipal,0x12303,2,0.4932,0.9351,network,0,0
Assurbanipal,0x12303,3,0.627,0.7793,network,0,0
Assurbanipal,0x12303,4,0.6035,0.6972,network,0,0
Assurbanipal,0x12303,5,0.0271,0.6792,network,0,0
Assurbanipal,0x12303,6,0.0567,0.5765,network,0,0
Assurbanipal,0x12303,7,0.7256,0.8868,network,0,0
Assurbanipal,0x12303,8,0.7498,0.8933,network,0,0
Assurbanipal,0x12303,9,0.7435,0.8259,network,0,0
Assurbanipal,0x12303,10,0.4038,0.9152,network,0,0
Assurbanipal,0x12303,11,0.7237,0.8606,skeleton,0,0
Assurbanipal,0x12303,12,0.044,0.9043,network,0,0
Assurbanipal,0x12303,13,0.6943,0.8732,network,0,0
Assurbanipal,0x12303,14,0.6893,0.8517,network,0,0
Assurbanipal,0x12303,15,0.7118,0.8599,network,0,0
Assurbanipal,0x12303,16,0.6021,0.6442,skeleton,0,0
Assurbanipal,0x12303,17,0.1385,0.8459,skeleton,0,0
Assurbanipal,0x12303,18,0.0594,0.8779,network,0,0
Assurbanipal,0x12303,19,0.4966,0.677,skeleton,0,0
Assurbanipal,0x12303,20,0.368,0.368,skeleton,0,0
Assurbanipal,0x12303,21,0.0464,0.5969,skeleton,0,0
Assurbanipal,0x12303,22,0.5361,0.9353,network,0,0
Assurbanipal,0x12303,23,0.4966,0.8019,network,0,0
Assurbanipal,0x12303,24,0.5463,0.8278,skeleton,0,0
Assurbanipal,0x12303,25,0.0054,0.3627,network,0,0
Assurbanipal,0x12304,1,0.5463,0.9239,skeleton,0,0
Assurbanipal,0x12304,2,0.0271,0.8648,network,0,0
Assurbanipal,0x12304,3,0.6289,0.742,network,0,0
Assurbanipal,0x12304,4,0.0446,0.7582,skeleton,0,0
Assurbanipal,0x12304,5,0.0883,0.7725,skeleton,0,0
Assurbanipal,0x12304,6,0.7701,0.8376,network,0,0
Assurbanipal,0x12304,7,0.4902,0.8856,skeleton,0,0
Assurbanipal,0x12304,8,0.5851,0.8771,network,0,0
Assurbanipal,0x12304,9,0.0269,0.7506,network,0,0
Assurbanipal,0x12304,10,0.462,0.8395,network,0,0
Assurbanipal,0x12304,11,0.5851,0.8465,skeleton,0,0
Assurbanipal,0x12304,12,0.4132,0.8891,network,0,0
Assurbanipal,0x12304,13,0.658,0.825,network,0,0
Assurbanipal,0x12304,14,0.6514,0.7892,network,0,0
Assurbanipal,0x12304,15,0.3262,0.8787,network,0,0
Assurbanipal,0x12304,16,0.0259,0.9093,network,0,1
Assurbanipal,0x12304,17,0.7142,0.9222,network,0,0
Assurbanipal,0x12304,18,0.3576,0.8392,skeleton,0,0
Assurbanipal,0x12304,19,0.7621,0.9483,network,0,0
Assurbanipal,0x12304,20,0.5424,0.8944,skeleton,0,0
Assurbanipal,0x12304,21,0.6491,0.9584,network,0,0
Assurbanipal,0x12304,22,0.5453,0.7527,network,0,0
Assurbanipal,0x12304,23,0.6939,0.9344,network,0,0
Assurbanipal,0x12304,24,0.3281,0.9086,network,0,0
Assurbanipal,0x12304,25,0.7476,0.882,network,0,0
Assurbanipal,0x12304,26,0.4878,0.7621,skeleton,0,0
Assurbanipal,0x12304,27,0.2079,0.8421,skeleton,0,0
Assurbanipal,0x12304,28,0.5978,0.8891,skeleton,0,0
Assurbanipal,0x12304,29,0.1668,0.7866,skeleton,0,0
Assurbanipal,0x12304,30,0.7174,0.8959,network,0,0
Assurbanipal,0x12304,31,0.0027,0.9053,network,0,0
Assurbanipal,0x12304,32,0.7102,0.884,network,0,0
Assurbanipal,0x12304,33,0.6284,0.8688,network,0,0
Assurbanipal,0x12304,34,0.5224,0.8349,network,0,0
Assurbanipal,0x12304,35,0.3641,0.9351,network,0,0
Assurbanipal,0x12304,36,0.1647,0.905,skeleton,0,0
Assurbanipal,0x12304,37,0.7663,0.947,network,0,0
Assurbanipal,0x12304,38,0.6813,0.9146,network,0,0
Assurbanipal,0x12304,39,0.7154,0.9442,network,0,0
Assurbanipal,0x12304,40,0.5713,0.9158,network,0,0
Assurbanipal,0x12306,1,0.8044,0.8161,skeleton,0,0
Assurbanipal,0x12306,2,0.05,0.6826,skeleton,0,1
Assurbanipal,0x12306,3,0.7054,0.8507,network,0,0
Assurbanipal,0x12306,4,0.6206,0.7687,network,0,0
Assurbanipal,0x12306,5,0.6637,0.7729,network,0,0
Assurbanipal,0x12306,6,0.6783,0.6783,network,0,0
Assurbanipal,0x12307,1,0.5936,0.7753,network,0,0
Assurbanipal,0x12307,2,0.7567,0.8563,skeleton,0,0
Assurbanipal,0x12307,3,0.6522,0.8998,network,0,0
Assurbanipal,0x12307,4,0.596,0.6654,skeleton,0,0
Assurbanipal,0x12308,1,0.6357,0.7863,network,0,0
Assurbanipal,0x12308,2,0.5679,0.7756,skeleton,0,0
Assurbanipal,0x12308,3,0.0036,0.7142,network,1,0
Assurbanipal,0x12308,4,0.7264,0.8141,network,0,0
Assurbanipal,0x12308,5,0.5742,0.5742,skeleton,0,0
Assurbanipal,0x12308,6,0.7114,0.8758,network,0,0
Assurbanipal,0x12308,7,0.6788,0.7953,network,0,0
Assurbanipal,0x12308,8,0.6964,0.7472,network,0,0
Assurbanipal,0x1230a,1,0.5784,0.8808,skeleton,0,0
Assurbanipal,0x1230a,2,0.5443,0.8262,skeleton,0,0
Assurbanipal,0x1230a,3,0.6872,0.8387,skeleton,0,0
Assurbanipal,0x1230a,4,0.6922,0.8403,skeleton,0,0
Assurbanipal,0x1230a,5,0.0249,0.8952,network,0,0
Assurbanipal,0x1230a,6,0.0036,0.903,network,0,0
Assurbanipal,0x1230a,7,0.6325,0.7645,network,0,0
Assurbanipal,0x1230a,8,0.7472,0.823,skeleton,0,0
Assurbanipal,0x1230a,9,0.0072,0.8836,network,0,0
Assurbanipal,0x1230a,10,0.5708,0.7879,network,0,0
Assurbanipal,0x1230a,11,0.4654,0.9036,skeleton,0,0
Assurbanipal,0x1230a,12,0.6939,0.8991,network,0,0
Assurbanipal,0x1230a,13,0.5103,0.6689,skeleton,0,0
Assurbanipal,0x1230a,14,0.7379,0.7379,skeleton,0,0
Assurbanipal,0x1230a,15,0.309,0.812,network,0,0
Assurbanipal,0x1230a,16,0.6188,0.8679,network,0,0
Assurbanipal,0x1230a,17,0.0096,0.5492,network,0,0
Assurbanipal,0x1230a,18,0.4282,0.8697,network,0,0
Assurbanipal,0x1230a,19,0.5535,0.8634,network,0,0
Assurbanipal,0x1230c,1,0.6813,0.7918,network,0,0
Assurbanipal,0x1230c,2,0.7078,0.7928,network,0,0
Assurbanipal,0x1230c,3,0.5988,0.6266,network,0,0
Assurbanipal,0x1230c,4,0.6077,0.8126,network,0,0
Assurbanipal,0x1230c,5,0.5302,0.9033,network,0,0
Assurbanipal,0x1230c,6,0.7556,0.886,network,0,0
Assurbanipal,0x12310,1,0.7217,0.8447,network,0,0
Assurbanipal,0x12310,2,0.4805,0.5535,network,0,0
Assurbanipal,0x12314,1,0.5694,0.8998,network,0,0
Assurbanipal,0x12314,2,0.7353,0.8868,network,0,0
Assurbanipal,0x12314,3,0.6843,0.7458,network,0,0
Assurbanipal,0x12314,4,0.0066,0.7527,network,0,0
Assurbanipal,0x12314,5,0.3193,0.8512,network,0,0
Assurbanipal,0x12314,6,0.6641,0.8907,network,0,0
Assurbanipal,0x12314,7,0.0247,0.6316,network,1,0
Assurbanipal,0x12314,8,0.7516,0.8534,network,0,0
Assurbanipal,0x12316,1,0.6779,0.8625,network,0,0
Assurbanipal,0x12316,2,0.7134,0.7134,network,0,0
Assurbanipal,0x12316,3,0.5856,0.7174,network,0,0
Assurbanipal,0x12316,4,0.7021,0.8643,network,0,0
Assurbanipal,0x12316,5,0.6429,0.8783,network,0,0
Assurbanipal,0x12316,6,0.6039,0.8273,skeleton,0,0
Assurbanipal,0x12316,7,0.6379,0.7833,network,0,0
Assurbanipal,0x12319,1,0.6518,0.7126,network,0,0
Assurbanipal,0x12319,2,0.7009,0.7879,network,0,0
Assurbanipal,0x12319,3,0.6311,0.7001,network,0,0
Assurbanipal,0x12319,4,0.7318,0.8575,network,0,0
Assurbanipal,0x12319,5,0.5215,0.809,network,0,0
Assurbanipal,0x12319,6,0.6114,0.7614,network,0,0
Assurbanipal,0x1231b,1,0.5419,0.8164,network,0,0
Assurbanipal,0x1231b,2,0.5955,0.8783,skeleton,0,0
Assurbanipal,0x1231b,3,0.6284,0.9076,network,0,0
Assurbanipal,0x1231b,4,0.4038,0.8551,skeleton,0,0
Assurbanipal,0x1231b,5,0.7495,0.8771,network,0,0
Assurbanipal,0x1231b,6,0.4038,0.7621,skeleton,0,0
Assurbanipal,0x1231b,7,0.68,0.9188,network,0,0
Assurbanipal,0x1231b,8,0.8105,0.8228,skeleton,0,0
Assurbanipal,0x1231b,9,0.2358,0.8715,network,0,0
Assurbanipal,0x1231c,1,0.761,0.761,network,0,0
Assurbanipal,0x1231c,2,0.7624,0.8715,network,0,0
Assurbanipal,0x1231c,3,0.0219,0.7506,skeleton,0,0
Assurbanipal,0x1231c,4,0.4242,0.784,skeleton,0,0
Assurbanipal,0x1231c,5,0.6491,0.8666,network,0,0
Assurbanipal,0x1231c,6,0.48,0.6809,network,0,0
Assurbanipal,0x1231c,7,0.5684,0.8199,network,0,0
Assurbanipal,0x1231c,8,0.7383,0.83,network,0,0
Assurbanipal,0x1231c,9,0.6984,0.8395,skeleton,0,0
Assurbanipal,0x1231c,10,0.4932,0.8225,skeleton,0,0
Assurbanipal,0x1231c,11,0.6384,0.6384,network,0,0
Assurbanipal,0x1231e,1,0.5472,0.5472,network,0,0
Assurbanipal,0x1231e,2,0.7233,0.8038,network,0,0
Assurbanipal,0x1231e,3,0.0009,0.7843,network,0,0
Assurbanipal,0x1231e,4,0.5856,0.6723,network,0,0
Assurbanipal,0x1231e,5,0.6491,0.6968,network,0,0
Assurbanipal,0x1231e,6,0.7334,0.8325,network,0,0
Assurbanipal,0x1231e,7,0.6792,0.736,skeleton,0,0
Assurbanipal,0x1231e,8,0.7082,0.7928,network,0,0
Assurbanipal,0x1231e,9,0.6128,0.7058,network,0,0
Assurbanipal,0x1231e,10,0.7106,0.7773,network,0,0
Assurbanipal,0x1231e,11,0.707,0.8679,network,0,0
Assurbanipal,0x1231f,1,0.0,0.7291,network,0,1
Assurbanipal,0x1231f,2,0.0016,0.8559,network,0,0
Assurbanipal,0x1231f,3,0.4206,0.713,skeleton,0,0
Assurbanipal,0x1231f,4,0.5443,0.6325,network,0,0
Assurbanipal,0x1231f,5,0.6628,0.6641,skeleton,0,0
Assurbanipal,0x1231f,6,0.0224,0.8105,network,0,0
Assurbanipal,0x1231f,7,0.6834,0.8152,network,0,0
Assurbanipal,0x1231f,8,0.5884,0.832,skeleton,0,0
Assurbanipal,0x1231f,9,0.7337,0.8684,network,0,0
Assurbanipal,0x1231f,10,0.6487,0.8219,network,0,0
Assurbanipal,0x1231f,11,0.05,0.7435,skeleton,0,1
Assurbanipal,0x1231f,12,0.4844,0.8236,network,0,0
Assurbanipal,0x1231f,13,0.0018,0.7928,network,1,0
Assurbanipal,0x1231f,14,0.016,0.779,network,0,0
Assurbanipal,0x1231f,15,0.7599,0.8056,network,0,0
Assurbanipal,0x12320,1,0.5588,0.5588,network,0,0
Assurbanipal,0x12320,2,0.6788,0.781,network,0,0
Assurbanipal,0x12320,3,0.3511,0.715,network,0,0
Assurbanipal,0x12320,4,0.616,0.6955,network,0,0
Assurbanipal,0x12320,5,0.6522,0.7564,network,0,0
Assurbanipal,0x12320,6,0.0026,0.6868,network,0,0
Assurbanipal,0x12320,7,0.5312,0.7892,network,0,0
Assurbanipal,0x12320,8,0.7202,0.8213,network,0,0
Assurbanipal,0x12320,9,0.1058,0.8697,network,0,0
Assurbanipal,0x12320,10,0.7465,0.8053,network,0,0
Assurbanipal,0x12320,11,0.7527,0.823,network,0,0
Assurbanipal,0x12320,12,0.441,0.441,network,0,0
Assurbanipal,0x12321,1,0.5356,0.5684,network,0,0
Assurbanipal,0x12321,2,0.7114,0.8001,network,0,0
Assurbanipal,0x12321,3,0.3828,0.7513,skeleton,0,0
Assurbanipal,0x12321,4,0.5875,0.6553,network,0,0
Assurbanipal,0x12321,5,0.6745,0.6745,network,0,0
Assurbanipal,0x12321,6,0.0073,0.8914,network,0,0
Assurbanipal,0x12321,7,0.5161,0.8571,network,0,0
Assurbanipal,0x12321,8,0.6741,0.6741,network,0,0
Assurbanipal,0x12322,1,0.0014,0.6637,network,0,0
Assurbanipal,0x12322,2,0.6128,0.7617,skeleton,0,0
Assurbanipal,0x12322,3,0.5775,0.8374,network,0,0
Assurbanipal,0x12322,4,0.5988,0.8035,skeleton,0,0
Assurbanipal,0x12322,5,0.428,0.8426,network,0,0
Assurbanipal,0x12322,6,0.761,0.8096,network,0,0
Assurbanipal,0x12322,7,0.586,0.6997,network,0,0
Assurbanipal,0x12322,8,0.7843,0.7843,network,0,0
Assurbanipal,0x12322,9,0.4888,0.6261,network,0,0
Assurbanipal,0x12322,10,0.78,0.8615,network,0,0
Assurbanipal,0x12322,11,0.553,0.553,network,0,0
Assurbanipal,0x12322,12,0.0604,0.8888,network,0,0
Assurbanipal,0x12322,13,0.5917,0.819,network,0,0
Assurbanipal,0x12322,14,0.6843,0.7813,skeleton,0,0
Assurbanipal,0x12322,15,0.4313,0.6993,network,0,0
Assurbanipal,0x12322,16,0.502,0.7078,network,0,0
Assurbanipal,0x12322,17,0.7074,0.8418,network,0,0
Assurbanipal,0x12322,18,0.6951,0.7921,network,0,0
Assurbanipal,0x12322,19,0.6156,0.7245,network,0,0
Assurbanipal,0x12322,20,0.0123,0.7985,network,0,0
Assurbanipal,0x12324,1,0.4668,0.767,network,0,0
Assurbanipal,0x12324,2,0.05,0.7206,skeleton,0,1
Assurbanipal,0x12324,3,0.6114,0.7182,network,0,0
Assurbanipal,0x12324,4,0.5205,0.8303,network,0,0
Assurbanipal,0x12324,5,0.0404,0.8507,network,0,0
Assurbanipal,0x12324,6,0.4175,0.5964,skeleton,0,0
Assurbanipal,0x12324,7,0.6109,0.8679,network,0,0
Assurbanipal,0x12324,8,0.381,0.9388,network,0,0
Assurbanipal,0x12324,9,0.5433,0.9033,network,0,0
Assurbanipal,0x12324,10,0.2261,0.9167,network,0,0
Assurbanipal,0x12324,11,0.4033,0.8796,network,0,0
Assurbanipal,0x12324,12,0.3141,0.9086,network,0,0
Assurbanipal,0x12324,13,0.8416,0.8688,network,0,0
Assurbanipal,0x12324,14,0.5482,0.7817,network,0,0
Assurbanipal,0x1232a,1,0.6215,0.6215,skeleton,0,0
Assurbanipal,0x1232a,2,0.7158,0.8138,network,0,0
Assurbanipal,0x1232a,3,0.0008,0.7531,network,0,0
Assurbanipal,0x1232a,4,0.5588,0.8594,network,0,0
Assurbanipal,0x1232a,5,0.4218,0.6433,network,0,0
Assurbanipal,0x1232a,6,0.5496,0.658,network,0,0
Assurbanipal,0x1232a,7,0.7432,0.8182,network,0,0
Assurbanipal,0x1232a,8,0.8102,0.8559,skeleton,0,0
Assurbanipal,0x1232a,9,0.0172,0.3826,network,0,0
Assurbanipal,0x1232a,10,0.05,0.7009,skeleton,1,1
Assurbanipal,0x1232b,1,0.3798,0.7098,network,0,0
Assurbanipal,0x1232b,2,0.6375,0.677,network,0,0
Assurbanipal,0x1232b,3,0.3641,0.7542,network,0,0
Assurbanipal,0x1232b,4,0.6361,0.787,network,0,0
Assurbanipal,0x1232b,5,0.5268,0.6943,skeleton,0,0
Assurbanipal,0x1232b,6,0.6549,0.6549,network,0,0
Assurbanipal,0x1232b,7,0.0092,0.7976,network,0,0
Assurbanipal,0x1232c,1,0.7074,0.7245,network,0,0
Assurbanipal,0x1232c,2,0.6684,0.7556,network,0,0
Assurbanipal,0x1232c,3,0.7387,0.8643,network,0,0
Assurbanipal,0x1232c,4,0.587,0.8225,network,0,0
Assurbanipal,0x1232c,5,0.6868,0.7387,skeleton,0,0
Assurbanipal,0x1232c,6,0.8281,0.9211,network,0,0
Assurbanipal,0x1232c,7,0.6049,0.817,network,0,0
Assurbanipal,0x1232c,8,0.5679,0.9146,network,0,0
Assurbanipal,0x1232c,9,0.8434,0.8941,network,0,0
Assurbanipal,0x1232c,10,0.7372,0.9377,network,0,0
Assurbanipal,0x1232c,11,0.8141,0.9406,network,0,0
Assurbanipal,0x1232c,12,0.7953,0.954,skeleton,0,0
Assurbanipal,0x1232c,13,0.821,0.8771,network,0,0
Assurbanipal,0x1232c,14,0.6766,0.8041,network,0,0
Assurbanipal,0x1232c,15,0.0053,0.781,network,0,0
Assurbanipal,0x1232e,1,0.6792,0.7447,network,0,0
Assurbanipal,0x1232e,2,0.5356,0.805,network,0,0
Assurbanipal,0x1232e,3,0.6049,0.848,network,0,0
Assurbanipal,0x1232e,4,0.7009,0.8397,skeleton,0,0
Assurbanipal,0x1232e,5,0.05,0.8184,skeleton,0,1
Assurbanipal,0x1232e,6,0.7759,0.8625,network,0,0
Assurbanipal,0x1232e,7,0.7001,0.9026,network,0,0
Assurbanipal,0x1232e,8,0.8287,0.8517,skeleton,0,0
Assurbanipal,0x1232e,9,0.8022,0.852,network,0,0
Assurbanipal,0x1232e,10,0.7142,0.8376,network,0,0
Assurbanipal,0x1232e,11,0.8573,0.8573,network,0,0
Assurbanipal,0x1232e,12,0.0001,0.8693,network,0,0
Assurbanipal,0x1232e,13,0.0006,0.8019,network,0,0
Assurbanipal,0x1232f,1,0.7162,0.728,network,0,0
Assurbanipal,0x1232f,2,0.3889,0.7732,network,0,0
Assurbanipal,0x1232f,3,0.6732,0.7899,network,0,0
Assurbanipal,0x1232f,4,0.696,0.8062,skeleton,0,0
Assurbanipal,0x1232f,5,0.654,0.785,skeleton,0,0
Assurbanipal,0x1232f,6,0.7582,0.9268,network,0,0
Assurbanipal,0x1232f,7,0.709,0.908,network,0,0
Assurbanipal,0x1232f,8,0.7937,0.9566,skeleton,0,0
Assurbanipal,0x1232f,9,0.8149,0.9043,network,0,0
Assurbanipal,0x1232f,10,0.884,0.8981,network,0,0
Assurbanipal,0x1232f,11,0.6868,0.8146,network,0,0
Assurbanipal,0x1232f,12,0.0009,0.8352,network,0,0
Assurbanipal,0x12330,1,0.6993,0.7621,network,0,0
Assurbanipal,0x12330,2,0.677,0.7469,skeleton,0,0
Assurbanipal,0x12330,3,0.721,0.882,network,0,0
Assurbanipal,0x12330,4,0.719,0.7985,skeleton,0,0
Assurbanipal,0x12330,5,0.7345,0.8462,network,0,0
Assurbanipal,0x12330,6,0.6058,0.8688,network,0,0
Assurbanipal,0x12330,7,0.8758,0.9067,network,0,0
Assurbanipal,0x12330,8,0.8532,0.8532,network,0,0
Assurbanipal,0x12330,9,0.8035,0.8035,network,0,0
Assurbanipal,0x12330,10,0.8487,0.8495,network,0,0
Assurbanipal,0x12330,11,0.05,0.7174,skeleton,0,1
Assurbanipal,0x12330,12,0.0041,0.8123,network,0,0
Assurbanipal,0x12331,1,0.6783,0.787,network,0,0
Assurbanipal,0x12331,2,0.728,0.7803,skeleton,0,0
Assurbanipal,0x12331,3,0.6826,0.8652,network,0,0
Assurbanipal,0x12331,4,0.6851,0.6988,skeleton,0,0
Assurbanipal,0x12331,5,0.628,0.8281,network,0,0
Assurbanipal,0x12331,6,0.7866,0.8467,network,0,0
Assurbanipal,0x12331,7,0.8289,0.8625,network,0,0
Assurbanipal,0x12331,8,0.781,0.8413,network,0,0
Assurbanipal,0x12331,9,0.8152,0.8864,network,0,0
Assurbanipal,0x12331,10,0.8382,0.8684,network,0,0
Assurbanipal,0x12331,11,0.6897,0.6897,skeleton,0,0
Assurbanipal,0x12331,12,0.6741,0.8253,skeleton,0,0
Assurbanipal,0x12331,13,0.05,0.8187,skeleton,0,1
Assurbanipal,0x12331,14,0.0067,0.8284,network,0,0
Assurbanipal,0x12332,1,0.6826,0.8022,network,0,0
Assurbanipal,0x12332,2,0.3986,0.7585,network,0,0
Assurbanipal,0x12332,3,0.654,0.8376,network,0,0
Assurbanipal,0x12332,4,0.6741,0.8715,network,0,0
Assurbanipal,0x12332,5,0.6637,0.7941,skeleton,0,0
Assurbanipal,0x12332,6,0.7245,0.9099,network,0,0
Assurbanipal,0x12332,7,0.8044,0.8848,network,0,0
Assurbanipal,0x12332,8,0.7753,0.8666,skeleton,0,0
Assurbanipal,0x12332,9,0.8331,0.852,network,0,0
Assurbanipal,0x12332,10,0.8549,0.9099,network,0,0
Assurbanipal,0x12332,11,0.6558,0.8876,network,0,0
Assurbanipal,0x12332,12,0.6558,0.7495,network,0,0
Assurbanipal,0x12332,13,0.633,0.8955,skeleton,0,0
Assurbanipal,0x12332,14,0.7673,0.8405,network,0,0
Assurbanipal,0x12332,15,0.0166,0.8944,network,0,0
Assurbanipal,0x12334,1,0.7656,0.8352,network,0,0
Assurbanipal,0x12334,2,0.4405,0.4405,network,0,0
Assurbanipal,0x12334,3,0.8001,0.8001,network,0,0
Assurbanipal,0x12334,4,0.0008,0.3569,skeleton,0,0
Assurbanipal,0x12334,5,0.0098,0.7698,network,0,0
Assurbanipal,0x12334,6,0.6035,0.6918,network,0,0
Assurbanipal,0x12335,1,0.7272,0.7853,skeleton,0,0
Assurbanipal,0x12335,2,0.7158,0.7763,skeleton,0,0
Assurbanipal,0x12335,3,0.7476,0.8741,network,0,0
Assurbanipal,0x12335,4,0.8328,0.8643,network,0,0
Assurbanipal,0x12335,5,0.7883,0.8601,skeleton,0,0
Assurbanipal,0x12335,6,0.7614,0.8762,network,0,0
Assurbanipal,0x12335,7,0.0006,0.8868,skeleton,0,0
Assurbanipal,0x12335,8,0.7341,0.8832,network,0,0
Assurbanipal,0x12335,9,0.0182,0.8864,network,0,0
Assurbanipal,0x12335,10,0.0029,0.9543,network,0,0
Assurbanipal,0x12335,11,0.7237,0.9663,network,0,0
Assurbanipal,0x12335,12,0.7513,0.9225,network,0,0
Assurbanipal,0x12335,13,0.742,0.9489,network,0,0
Assurbanipal,0x12335,14,0.577,0.8876,network,0,0
Assurbanipal,0x12336,1,0.6137,0.7925,network,0,0
Assurbanipal,0x12336,2,0.7866,0.7866,skeleton,0,0
Assurbanipal,0x12336,3,0.7295,0.858,network,0,0
Assurbanipal,0x12336,4,0.8141,0.8141,network,0,0
Assurbanipal,0x12336,5,0.4342,0.8442,skeleton,0,0
Assurbanipal,0x12336,6,0.7009,0.9468,network,0,0
Assurbanipal,0x12336,7,0.748,0.8715,network,0,0
Assurbanipal,0x12336,8,0.8143,0.9271,network,0,0
Assurbanipal,0x12336,9,0.6361,0.9005,network,0,0
Assurbanipal,0x12336,10,0.35,0.8648,network,0,0
Assurbanipal,0x12336,11,0.0008,0.5496,network,1,0
Assurbanipal,0x12336,12,0.2494,0.4156,network,1,0
Assurbanipal,0x12338,1,0.6997,0.8693,skeleton,0,0
Assurbanipal,0x12338,2,0.6011,0.728,network,0,0
Assurbanipal,0x12338,3,0.05,0.6105,network,0,1
Assurbanipal,0x12338,4,0.627,0.627,network,0,0
Assurbanipal,0x12338,5,0.5414,0.8462,network,0,0
Assurbanipal,0x12338,6,0.6876,0.8013,network,0,0
Assurbanipal,0x12338,7,0.8038,0.8948,network,0,0
Assurbanipal,0x12338,8,0.6058,0.6402,network,0,0
Assurbanipal,0x1233a,1,0.633,0.633,skeleton,0,0
Assurbanipal,0x1233a,2,0.429,0.6809,skeleton,0,0
Assurbanipal,0x1233a,3,0.6792,0.777,network,0,0
Assurbanipal,0x1233a,4,0.519,0.8736,network,0,0
Assurbanipal,0x1233a,5,0.3814,0.8791,network,0,0
Assurbanipal,0x1233a,6,0.7264,0.7368,network,0,0
Assurbanipal,0x1233a,7,0.5612,0.5612,network,0,0
Assurbanipal,0x1233c,1,0.7013,0.8239,skeleton,0,0
Assurbanipal,0x1233c,2,0.244,0.6357,network,0,0
Assurbanipal,0x1233c,3,0.6663,0.7495,skeleton,0,0
Assurbanipal,0x1233c,4,0.6868,0.705,network,0,0
Assurbanipal,0x1233c,5,0.7574,0.8955,network,0,0
Assurbanipal,0x1233c,6,0.7287,0.8081,network,0,0
Assurbanipal,0x1233c,7,0.6562,0.7345,network,0,0
Assurbanipal,0x1233c,8,0.7783,0.7991,network,0,0
Assurbanipal,0x1233c,9,0.6002,0.7154,network,0,0
Assurbanipal,0x1233c,10,0.7435,0.8697,network,0,0
Assurbanipal,0x1233c,11,0.8331,0.8661,network,0,0
Assurbanipal,0x1233c,12,0.6571,0.6571,network,0,0
Assurbanipal,0x1233e,1,0.6397,0.6397,network,0,0
Assurbanipal,0x1233e,2,0.6589,0.8053,skeleton,0,0
Assurbanipal,0x1233e,3,0.5756,0.7138,network,0,0
Assurbanipal,0x1233e,4,0.748,0.8449,network,0,0
Assurbanipal,0x1233e,5,0.05,0.7603,network,0,1
Assurbanipal,0x1233e,6,0.3785,0.8072,network,0,0
Assurbanipal,0x1233e,7,0.7659,0.9337,network,0,0
Assurbanipal,0x1233e,8,0.8233,0.8233,network,0,0
Assurbanipal,0x1233e,9,0.7549,0.9372,network,0,0
Assurbanipal,0x1233e,10,0.7349,0.7813,network,0,0
Assurbanipal,0x1233e,11,0.5837,0.5837,network,0,0
Assurbanipal,0x1233f,1,0.6868,0.8352,network,0,0
Assurbanipal,0x1233f,2,0.6406,0.832,skeleton,0,0
Assurbanipal,0x1233f,3,0.5856,0.7106,network,0,0
Assurbanipal,0x1233f,4,0.7233,0.809,network,0,0
Assurbanipal,0x1233f,5,0.7314,0.9307,network,0,0
Assurbanipal,0x1233f,6,0.5636,0.8783,network,0,0
Assurbanipal,0x1233f,7,0.7469,0.9276,network,0,0
Assurbanipal,0x1233f,8,0.05,0.9568,skeleton,1,1
Assurbanipal,0x1233f,9,0.7535,0.8444,skeleton,0,0
Assurbanipal,0x12340,1,0.7054,0.8675,skeleton,0,0
Assurbanipal,0x12340,2,0.5988,0.8126,network,0,0
Assurbanipal,0x12340,3,0.5598,0.6411,network,0,0
Assurbanipal,0x12340,4,0.5969,0.7732,skeleton,0,0
Assurbanipal,0x12340,5,0.05,0.9239,skeleton,0,1
Assurbanipal,0x12340,6,0.0001,0.5185,network,0,0
Assurbanipal,0x12340,7,0.6109,0.8944,network,0,0
Assurbanipal,0x12340,8,0.7921,0.9146,network,0,0
Assurbanipal,0x12340,9,0.6847,0.7264,network,0,0
Assurbanipal,0x12340,10,0.7345,0.8991,network,0,0
Assurbanipal,0x12340,11,0.7666,0.7749,network,0,0
Assurbanipal,0x12341,1,0.6964,0.8922,skeleton,0,0
Assurbanipal,0x12341,2,0.05,0.6505,network,0,1
Assurbanipal,0x12341,3,0.633,0.7783,skeleton,0,0
Assurbanipal,0x12341,4,0.6817,0.6817,network,0,0
Assurbanipal,0x12341,5,0.6939,0.8864,network,0,0
Assurbanipal,0x12341,6,0.6689,0.9009,network,0,0
Assurbanipal,0x12341,7,0.0036,0.9239,network,0,0
Assurbanipal,0x12341,8,0.7698,0.9536,skeleton,0,0
Assurbanipal,0x12341,9,0.7684,0.8816,network,0,0
Assurbanipal,0x12341,10,0.6553,0.7253,skeleton,0,0
Assurbanipal,0x12342,1,0.6826,0.812,skeleton,0,0
Assurbanipal,0x12342,2,0.6293,0.7746,skeleton,0,0
Assurbanipal,0x12342,3,0.5612,0.7106,network,0,0
Assurbanipal,0x12342,4,0.6352,0.8075,network,0,0
Assurbanipal,0x12342,5,0.5978,0.8684,network,0,0
Assurbanipal,0x12342,6,0.1349,0.8652,network,0,0
Assurbanipal,0x12342,7,0.6261,0.821,network,0,0
Assurbanipal,0x12342,8,0.6393,0.6658,network,0,0
Assurbanipal,0x12347,1,0.6943,0.9067,network,0,0
Assurbanipal,0x12347,2,0.4849,0.7472,network,0,0
Assurbanipal,0x12347,3,0.5516,0.6438,network,0,0
Assurbanipal,0x12347,4,0.696,0.8187,skeleton,0,0
Assurbanipal,0x12347,5,0.4893,0.7899,network,0,0
Assurbanipal,0x12347,6,0.6951,0.8629,network,0,0
Assurbanipal,0x12347,7,0.5931,0.7899,skeleton,0,0
Assurbanipal,0x12349,1,0.4659,0.7356,network,0,0
Assurbanipal,0x12349,2,0.5268,0.6741,skeleton,0,0
Assurbanipal,0x12349,3,0.6584,0.7524,skeleton,0,0
Assurbanipal,0x12349,4,0.3736,0.8138,network,0,0
Assurbanipal,0x12349,5,0.384,0.9057,network,0,0
Assurbanipal,0x12349,6,0.54,0.7756,network,0,0
Assurbanipal,0x12349,7,0.8336,0.8336,network,0,0
Assurbanipal,0x12349,8,0.5073,0.832,network,0,0
Assurbanipal,0x12349,9,0.7556,0.7666,network,0,0
Assurbanipal,0x1234b,1,0.6843,0.8289,skeleton,0,0
Assurbanipal,0x1234b,2,0.4266,0.6192,network,0,0
Assurbanipal,0x1234b,3,0.5765,0.7353,network,0,0
Assurbanipal,0x1234b,4,0.6531,0.8096,network,0,0
Assurbanipal,0x1234b,5,0.6169,0.8754,network,0,0
Assurbanipal,0x1234b,6,0.8467,0.8571,network,0,0
Assurbanipal,0x1234b,7,0.6889,0.8648,network,0,0
Assurbanipal,0x1234b,8,0.616,0.825,network,0,0
Assurbanipal,0x1234b,9,0.7398,0.8613,skeleton,0,0
Assurbanipal,0x1234b,10,0.627,0.8485,skeleton,0,0
Assurbanipal,0x1234b,11,0.698,0.848,skeleton,0,0
Assurbanipal,0x1234b,12,0.7649,0.7988,network,0,0
Assurbanipal,0x1234b,13,0.5761,0.5761,network,0,0
Assurbanipal,0x1234c,1,0.5983,0.5983,network,0,0
Assurbanipal,0x1234c,2,0.6968,0.7899,skeleton,0,0
Assurbanipal,0x1234c,3,0.5176,0.6732,network,0,0
Assurbanipal,0x1234c,4,0.7114,0.832,network,0,0
Assurbanipal,0x1234c,5,0.5903,0.7817,network,0,0
Assurbanipal,0x1234c,6,0.6361,0.8016,network,0,0
Assurbanipal,0x1234c,7,0.7046,0.8056,network,0,0
Assurbanipal,0x1234c,8,0.1235,0.7934,network,0,0
Assurbanipal,0x1234c,9,0.7739,0.9134,network,0,0
Assurbanipal,0x1234c,10,0.7617,0.8366,network,0,0
Assurbanipal,0x1234c,11,0.7402,0.7402,skeleton,0,0
Assurbanipal,0x1234d,1,0.7062,0.7454,skeleton,0,0
Assurbanipal,0x1234d,2,0.4251,0.6545,network,0,0
Assurbanipal,0x1234d,3,0.5578,0.7631,skeleton,0,0
Assurbanipal,0x1234d,4,0.1172,0.7937,network,0,0
Assurbanipal,0x1234d,5,0.6397,0.9121,network,0,0
Assurbanipal,0x1234d,6,0.4795,0.867,network,0,0
Assurbanipal,0x1234d,7,0.8111,0.8715,network,0,0
Assurbanipal,0x1234d,8,0.6424,0.6424,network,0,0
Assurbanipal,0x1234e,1,0.633,0.633,skeleton,0,0
Assurbanipal,0x1234e,2,0.54,0.6637,skeleton,0,0
Assurbanipal,0x1234e,3,0.6723,0.7585,skeleton,0,0
Assurbanipal,0x1234e,4,0.7299,0.8405,network,0,0
Assurbanipal,0x1234e,5,0.0001,0.8431,network,0,1
Assurbanipal,0x1234e,6,0.0015,0.8123,network,0,1
Assurbanipal,0x1234e,7,0.5631,0.7299,network,0,0
Assurbanipal,0x1234e,8,0.05,0.8715,network,0,1
Assurbanipal,0x1234e,9,0.5297,0.8102,network,0,0
Assurbanipal,0x1234e,10,0.7491,0.7596,network,0,0
Assurbanipal,0x1234e,11,0.0015,0.8575,network,0,0
Assurbanipal,0x12352,1,0.6011,0.733,skeleton,0,0
Assurbanipal,0x12352,2,0.5059,0.7673,skeleton,0,0
Assurbanipal,0x12352,3,0.628,0.8754,network,0,0
Assurbanipal,0x12352,4,0.628,0.9199,network,0,0
Assurbanipal,0x12352,5,0.0178,0.6645,network,1,0
Assurbanipal,0x12352,6,0.7307,0.7307,network,0,0
Assurbanipal,0x12352,7,0.7753,0.8242,network,0,0
Assurbanipal,0x12352,8,0.7663,0.7687,network,0,0
Assurbanipal,0x12353,1,0.0409,0.848,network,0,0
Assurbanipal,0x12353,2,0.4033,0.7417,skeleton,0,0
Assurbanipal,0x12353,3,0.8517,0.8648,network,0,0
Assurbanipal,0x12353,4,0.7461,0.9053,network,0,0
Assurbanipal,0x12353,5,0.3949,0.8208,skeleton,0,0
Assurbanipal,0x12353,6,0.0029,0.8629,network,0,0
Assurbanipal,0x12353,7,0.8702,0.8977,network,0,0
Assurbanipal,0x12353,8,0.6847,0.8872,network,0,0
Assurbanipal,0x12353,9,0.5195,0.5894,network,0,0
Assurbanipal,0x12353,10,0.5453,0.8643,network,0,0
Assurbanipal,0x12353,11,0.6215,0.8661,network,0,0
Assurbanipal,0x12355,1,0.0088,0.8152,network,0,0
Assurbanipal,0x12355,2,0.5467,0.6914,skeleton,0,0
Assurbanipal,0x12355,3,0.827,0.8618,skeleton,0,0
Assurbanipal,0x12355,4,0.8559,0.8715,network,0,0
Assurbanipal,0x12355,5,0.3956,0.8995,network,0,0
Assurbanipal,0x12355,6,0.5765,0.9379,network,0,0
Assurbanipal,0x12355,7,0.0053,0.4893,network,1,0
Assurbanipal,0x12355,8,0.7866,0.8563,network,0,0
Assurbanipal,0x12355,9,0.5765,0.8625,network,0,0
Assurbanipal,0x12355,10,0.555,0.925,network,0,0
Assurbanipal,0x12355,11,0.356,0.6257,skeleton,0,0
Assurbanipal,0x12355,12,0.7649,0.9239,skeleton,0,0
Assurbanipal,0x12355,13,0.2981,0.6619,skeleton,0,0
Assurbanipal,0x12355,14,0.7571,0.9155,skeleton,0,0
Assurbanipal,0x12355,15,0.0188,0.7746,skeleton,0,0
Assurbanipal,0x12355,16,0.6619,0.7334,skeleton,0,0
Assurbanipal,0x1235a,1,0.7074,0.7074,network,0,0
Assurbanipal,0x1235a,2,0.538,0.6955,network,0,0
Assurbanipal,0x1235a,3,0.6429,0.6429,network,0,0
Assurbanipal,0x1235a,4,0.668,0.78,network,0,0
Assurbanipal,0x1235a,5,0.668,0.8495,network,0,0
Assurbanipal,0x1235a,6,0.0058,0.7966,network,0,0
Assurbanipal,0x1235a,7,0.0234,0.7663,network,0,0
Assurbanipal,0x1235a,8,0.0027,0.7038,network,0,0
Assurbanipal,0x1235a,9,0.0057,0.6593,network,0,0
Assurbanipal,0x1235b,1,0.6947,0.7701,skeleton,0,0
Assurbanipal,0x1235b,2,0.6491,0.6491,network,0,0
Assurbanipal,0x1235b,3,0.7698,0.8418,network,0,0
Assurbanipal,0x1235b,4,0.7712,0.8292,network,0,0
Assurbanipal,0x1235b,5,0.0081,0.7736,network,0,0
Assurbanipal,0x1235b,6,0.6558,0.6897,skeleton,0,0
Assurbanipal,0x1235b,7,0.0005,0.7341,network,0,0
Assurbanipal,0x1235b,8,0.0007,0.7146,network,0,0
Assurbanipal,0x1235b,9,0.0115,0.7066,network,0,0
Assurbanipal,0x1235b,10,0.0164,0.7909,network,0,0
Assurbanipal,0x1235b,11,0.0031,0.7513,network,0,0
Assurbanipal,0x1235b,12,0.001,0.6838,network,0,0
Assurbanipal,0x1235c,1,0.6257,0.8205,network,0,0
Assurbanipal,0x1235c,2,0.7326,0.7963,network,0,0
Assurbanipal,0x1235c,3,0.7146,0.8022,network,0,0
Assurbanipal,0x1235c,4,0.7574,0.8608,network,0,0
Assurbanipal,0x1235c,5,0.0063,0.8804,network,0,0
Assurbanipal,0x1235c,6,0.3178,0.6384,network,0,0
Assurbanipal,0x1235c,7,0.4254,0.8038,skeleton,0,0
Assurbanipal,0x1235e,1,0.0275,0.8487,skeleton,0,0
Assurbanipal,0x1235e,2,0.0485,0.7712,network,0,0
Assurbanipal,0x1235e,3,0.6575,0.8625,skeleton,0,0
Assurbanipal,0x1235e,4,0.0118,0.8403,network,0,0
Assurbanipal,0x1235f,1,0.3884,0.8693,network,0,0
Assurbanipal,0x1235f,2,0.05,0.9349,network,0,1
Assurbanipal,0x1235f,3,0.2344,0.8948,skeleton,0,0
Assurbanipal,0x1235f,4,0.6589,0.9444,skeleton,0,0
Assurbanipal,0x1235f,5,0.7729,0.9208,skeleton,0,0
Assurbanipal,0x1235f,6,0.7086,0.9012,network,0,0
Assurbanipal,0x1235f,7,0.0001,0.4321,network,0,1
Assurbanipal,0x1235f,8,0.0011,0.9317,network,0,0
Assurbanipal,0x1235f,9,0.0078,0.3801,network,0,0
Assurbanipal,0x1235f,10,0.7086,0.8454,network,0,0
Assurbanipal,0x12364,1,0.6456,0.778,skeleton,0,0
Assurbanipal,0x12364,2,0.3277,0.7988,network,0,0
Assurbanipal,0x12364,3,0.7556,0.78,network,0,0
Assurbanipal,0x12364,4,0.0331,0.8507,network,0,0
Assurbanipal,0x12364,5,0.0308,0.8998,network,0,0
Assurbanipal,0x12364,6,0.6723,0.9176,network,0,0
Assurbanipal,0x12364,7,0.0323,0.7318,network,0,0
Assurbanipal,0x12364,8,0.1744,0.8044,network,0,0
Assurbanipal,0x12364,9,0.6901,0.6901,network,0,0
Assurbanipal,0x12364,10,0.4815,0.7931,network,0,0
Assurbanipal,0x12364,11,0.4776,0.8485,network,0,0
Assurbanipal,0x12364,12,0.5703,0.7394,network,0,0
Assurbanipal,0x12364,13,0.7535,0.7535,network,0,0
Assurbanipal,0x12364,14,0.5424,0.8325,network,0,0
Assurbanipal,0x12365,1,0.8044,0.8161,skeleton,0,0
Assurbanipal,0x12365,2,0.05,0.6826,skeleton,0,1
Assurbanipal,0x12365,3,0.7054,0.8507,network,0,0
Assurbanipal,0x12365,4,0.6206,0.7687,network,0,0
Assurbanipal,0x12365,5,0.6637,0.7729,network,0,0
Assurbanipal,0x12365,6,0.6783,0.6783,network,0,0
Assurbanipal,0x12366,1,0.7843,0.7843,network,0,0
Assurbanipal,0x12366,2,0.8155,0.8155,network,0,0
Assurbanipal,0x12366,3,0.0127,0.8242,network,0,0
Assurbanipal,0x12368,1,0.5458,0.8366,network,0,0
Assurbanipal,0x12368,2,0.7311,0.8585,skeleton,0,0
Assurbanipal,0x12368,3,0.5234,0.9297,network,0,0
Assurbanipal,0x12368,4,0.4275,0.6922,skeleton,0,0
Assurbanipal,0x12368,5,0.4907,0.688,skeleton,0,0
Assurbanipal,0x12368,6,0.3895,0.7387,network,0,0
Assurbanipal,0x12368,7,0.3958,0.8173,network,0,0
Assurbanipal,0x12368,8,0.408,0.8208,network,0,0
Assurbanipal,0x1236d,1,0.7776,0.8884,skeleton,0,0
Assurbanipal,0x1236d,2,0.0036,0.9374,network,0,0
Assurbanipal,0x1236d,3,0.7753,0.9365,network,0,0
Assurbanipal,0x12370,1,0.3187,0.7746,network,0,0
Assurbanipal,0x12370,2,0.4542,0.7413,network,0,0
Assurbanipal,0x12370,3,0.4888,0.8844,network,0,0
Assurbanipal,0x12370,4,0.479,0.8298,network,0,0
Assurbanipal,0x12370,5,0.4888,0.6619,skeleton,0,0
Assurbanipal,0x12370,6,0.7042,0.9252,network,0,0
Assurbanipal,0x12370,7,0.8551,0.8836,network,0,0
Assurbanipal,0x12370,8,0.8643,0.8816,network,0,0
Assurbanipal,0x12370,9,0.8592,0.8766,network,0,0
Assurbanipal,0x12370,10,0.8492,0.9083,network,0,0
Assurbanipal,0x12370,11,0.698,0.698,network,0,0
Assurbanipal,0x12371,1,0.6243,0.907,network,0,0
Assurbanipal,0x12371,2,0.5395,0.7021,skeleton,0,0
Assurbanipal,0x12371,3,0.5142,0.8059,network,0,0
Assurbanipal,0x12371,4,0.7326,0.8955,network,0,0
Assurbanipal,0x12371,5,0.6339,0.6339,network,0,0
Assurbanipal,0x12371,6,0.7435,0.7435,skeleton,0,0
Assurbanipal,0x12372,1,0.6715,0.6885,network,0,0
Assurbanipal,0x12372,2,0.2767,0.7291,skeleton,0,0
Assurbanipal,0x12372,3,0.3277,0.8408,network,0,0
Assurbanipal,0x12372,4,0.6243,0.9608,network,0,0
Assurbanipal,0x12372,5,0.8176,0.9536,network,0,0
Assurbanipal,0x12372,6,0.6243,0.9543,network,0,0
Assurbanipal,0x12372,7,0.6702,0.9485,network,0,0
Assurbanipal,0x12372,8,0.0083,0.4683,network,1,0
Assurbanipal,0x12372,9,0.122,0.304,network,1,0
Assurbanipal,0x12373,1,0.6632,0.8762,network,0,0
Assurbanipal,0x12373,2,0.6864,0.7021,network,0,0
Assurbanipal,0x12373,3,0.8328,0.8349,network,0,0
Assurbanipal,0x12373,4,0.7883,0.7883,network,0,0
Assurbanipal,0x12373,5,0.3989,0.8606,network,0,0
Assurbanipal,0x12373,6,0.6632,0.728,network,0,0
Assurbanipal,0x12373,7,0.2098,0.8325,network,0,0
Assurbanipal,0x12373,8,0.6505,0.6505,network,0,0
Assurbanipal,0x12373,9,0.1164,0.8275,network,0,0
Assurbanipal,0x12373,10,0.5171,0.827,network,0,0
Assurbanipal,0x12373,11,0.0383,0.9305,network,0,0
Assurbanipal,0x12373,12,0.825,0.8948,network,0,0
Assurbanipal,0x12373,13,0.7896,0.8556,network,0,0
Assurbanipal,0x12373,14,0.0133,0.7886,network,0,0
Assurbanipal,0x12373,15,0.0805,0.8333,network,0,0
Assurbanipal,0x12373,16,0.0021,0.499,network,1,0
Assurbanipal,0x12373,17,0.3914,0.661,network,0,0
Assurbanipal,0x12374,1,0.7276,0.8111,skeleton,0,0
Assurbanipal,0x12374,2,0.6438,0.6654,network,0,0
Assurbanipal,0x12374,3,0.654,0.907,network,0,0
Assurbanipal,0x12374,4,0.0748,0.8903,network,0,0
Assurbanipal,0x12374,5,0.6357,0.9002,network,0,0
Assurbanipal,0x12374,6,0.0765,0.8796,network,0,0
Assurbanipal,0x12374,7,0.1484,0.8944,network,0,0
Assurbanipal,0x12374,8,0.6257,0.9047,network,0,0
Assurbanipal,0x12375,1,0.7807,0.8065,skeleton,0,0
Assurbanipal,0x12375,2,0.05,0.6058,skeleton,0,1
Assurbanipal,0x12375,3,0.4849,0.8852,network,0,0
Assurbanipal,0x12375,4,0.7495,0.7905,network,0,0
Assurbanipal,0x12375,5,0.7017,0.777,network,0,0
Assurbanipal,0x12375,6,0.7029,0.7029,network,0,0
Assurbanipal,0x12376,1,0.553,0.6972,network,0,0
Assurbanipal,0x12376,2,0.7082,0.8001,network,0,0
Assurbanipal,0x12376,3,0.4378,0.8436,skeleton,0,0
Assurbanipal,0x12376,4,0.627,0.7295,skeleton,0,0
Assurbanipal,0x12376,5,0.4966,0.9417,network,0,0
Assurbanipal,0x12376,6,0.801,0.884,network,0,0
Assurbanipal,0x12376,7,0.05,0.8099,network,0,1
Assurbanipal,0x12376,8,0.5433,0.5433,network,0,0
Assurbanipal,0x12376,9,0.6567,0.6753,skeleton,0,0
Assurbanipal,0x12376,10,0.7225,0.8062,network,0,0
Assurbanipal,0x12376,11,0.7383,0.7638,network,0,0
Assurbanipal,0x12376,12,0.0027,0.7947,network,0,0
Assurbanipal,0x12377,1,0.7106,0.7827,network,0,0
Assurbanipal,0x12377,2,0.6732,0.7659,skeleton,0,0
Assurbanipal,0x12377,3,0.5433,0.8397,network,0,0
Assurbanipal,0x12377,4,0.7001,0.7001,skeleton,0,0
Assurbanipal,0x12377,5,0.7718,0.7963,skeleton,0,0
Assurbanipal,0x12377,6,0.5477,0.8648,network,0,0
Assurbanipal,0x12377,7,0.4019,0.4019,network,0,0
Assurbanipal,0x12377,8,0.6081,0.6248,skeleton,0,0
Assurbanipal,0x12377,9,0.0049,0.8317,network,0,0
Assurbanipal,0x12377,10,0.6575,0.862,network,0,0
Assurbanipal,0x12377,11,0.7684,0.8848,network,0,0
Assurbanipal,0x12377,12,0.0988,0.8745,network,0,0
Assurbanipal,0x12377,13,0.5837,0.8495,network,0,0
Assurbanipal,0x12377,14,0.7498,0.8522,network,0,0
Assurbanipal,0x12378,1,0.0094,0.8322,network,0,0
Assurbanipal,0x12378,2,0.7154,0.8349,network,0,0
Assurbanipal,0x12378,3,0.7046,0.7046,skeleton,0,0
Assurbanipal,0x12378,4,0.5482,0.8459,skeleton,0,0
Assurbanipal,0x12378,5,0.7666,0.8233,network,0,0
Assurbanipal,0x12378,6,0.566,0.566,skeleton,0,0
Assurbanipal,0x12378,7,0.6719,0.7114,network,0,0
Assurbanipal,0x12378,8,0.5875,0.8758,network,0,0
Assurbanipal,0x12378,9,0.5765,0.7921,network,0,0
Assurbanipal,0x12378,10,0.8492,0.8492,network,0,0
Assurbanipal,0x12378,11,0.0189,0.809,network,0,0
Assurbanipal,0x12378,12,0.7221,0.7542,network,0,0
Assurbanipal,0x12379,1,0.6469,0.7766,network,0,0
Assurbanipal,0x12379,2,0.5496,0.7454,skeleton,0,0
Assurbanipal,0x12379,3,0.8502,0.8585,skeleton,0,0
Assurbanipal,0x12379,4,0.8287,0.945,network,0,0
Assurbanipal,0x12379,5,0.5273,0.9297,network,0,0
Assurbanipal,0x12379,6,0.5341,0.8236,skeleton,0,0
Assurbanipal,0x12379,7,0.8173,0.8728,network,0,0
Assurbanipal,0x12379,8,0.7341,0.7341,network,0,0
Assurbanipal,0x12379,9,0.0061,0.851,network,0,0
Assurbanipal,0x12379,10,0.7126,0.7953,network,0,0
Assurbanipal,0x12379,11,0.7245,0.8639,network,0,0
Assurbanipal,0x12379,12,0.5993,0.6527,skeleton,0,0
Assurbanipal,0x12379,13,0.5993,0.7245,network,0,0
Assurbanipal,0x12379,14,0.713,0.8604,skeleton,0,0
Assurbanipal,0x1237a,1,0.6536,0.7833,skeleton,0,0
Assurbanipal,0x1237a,2,0.6741,0.9086,skeleton,0,0
Assurbanipal,0x1237a,3,0.8392,0.84,network,0,0
Assurbanipal,0x1237a,4,0.8379,0.8991,network,0,0
Assurbanipal,0x1237a,5,0.767,0.882,network,0,0
Assurbanipal,0x1237a,6,0.7915,0.7915,network,0,0
Assurbanipal,0x1237a,7,0.7556,0.7556,network,0,0
Assurbanipal,0x1237a,8,0.6165,0.9012,network,0,0
Assurbanipal,0x1237a,9,0.7025,0.7025,skeleton,0,0
Assurbanipal,0x1237b,1,0.0009,0.8309,skeleton,1,0
Assurbanipal,0x1237c,1,0.5268,0.7953,network,0,0
Assurbanipal,0x1237c,2,0.8239,0.8679,skeleton,0,0
Assurbanipal,0x1237c,3,0.8719,0.8783,skeleton,0,0
Assurbanipal,0x1237c,4,0.628,0.7797,network,0,0
Assurbanipal,0x1237c,5,0.717,0.8303,network,0,0
Assurbanipal,0x1237c,6,0.8108,0.8228,skeleton,0,0
Assurbanipal,0x1237c,7,0.6505,0.795,skeleton,0,0
Assurbanipal,0x1237c,8,0.0079,0.7998,network,0,0
Assurbanipal,0x1237c,9,0.2418,0.8991,network,0,0
Assurbanipal,0x1237c,10,0.7322,0.8741,network,0,0
Assurbanipal,0x1237c,11,0.0356,0.9289,network,0,0
Assurbanipal,0x1237c,12,0.1034,0.8487,skeleton,0,0
Assurbanipal,0x1237c,13,0.6252,0.6788,network,0,0
Assurbanipal,0x1237c,14,0.6779,0.6779,network,0,0
Assurbanipal,0x1237c,15,0.4412,0.8047,network,0,0
Assurbanipal,0x1237c,16,0.4518,0.8661,network,0,0
Assurbanipal,0x1237d,1,0.5988,0.7589,network,0,0
Assurbanipal,0x1237d,2,0.6939,0.7756,network,0,0
Assurbanipal,0x1237d,3,0.0181,0.8629,network,0,0
Assurbanipal,0x1237d,4,0.6058,0.8056,network,0,0
Assurbanipal,0x1237d,5,0.0071,0.7931,network,0,0
Assurbanipal,0x1237d,6,0.6016,0.8911,skeleton,0,0
Assurbanipal,0x1237d,7,0.6016,0.8485,network,0,0
Assurbanipal,0x1237d,8,0.6095,0.7833,network,0,0
Assurbanipal,0x1237d,9,0.7424,0.858,network,0,0
Assurbanipal,0x1237f,1,0.6433,0.8126,network,0,0
Assurbanipal,0x1237f,2,0.661,0.8366,network,0,0
Assurbanipal,0x1237f,3,0.603,0.786,skeleton,0,0
Assurbanipal,0x1237f,4,0.6571,0.7763,network,0,0
Assurbanipal,0x1237f,5,0.3762,0.7432,network,0,0
Assurbanipal,0x1237f,6,0.6352,0.7827,network,0,0
Assurbanipal,0x1237f,7,0.707,0.9358,network,0,0
Assurbanipal,0x1237f,8,0.4634,0.9555,network,0,0
Assurbanipal,0x1237f,9,0.7603,0.9674,network,0,0
Assurbanipal,0x1237f,10,0.8273,0.9654,network,0,0
Assurbanipal,0x1237f,11,0.6571,0.9622,network,0,0
Assurbanipal,0x1237f,12,0.8273,0.9454,network,0,0
Assurbanipal,0x1237f,13,0.7484,0.8135,network,0,0
Assurbanipal,0x12380,1,0.65,0.8325,network,0,0
Assurbanipal,0x12380,2,0.6843,0.8436,network,0,0
Assurbanipal,0x12380,3,0.6192,0.7797,network,0,0
Assurbanipal,0x12380,4,0.6234,0.6234,network,0,0
Assurbanipal,0x12380,5,0.6192,0.7991,network,0,0
Assurbanipal,0x12380,6,0.6252,0.8382,network,0,0
Assurbanipal,0x12380,7,0.5837,0.7447,network,0,0
Assurbanipal,0x12380,8,0.2886,0.6433,network,0,0
Assurbanipal,0x12380,9,0.8439,0.8439,network,0,0
Assurbanipal,0x12380,10,0.6914,0.8775,network,0,0
Assurbanipal,0x12383,1,0.6553,0.8349,skeleton,0,0
Assurbanipal,0x12383,2,0.5583,0.8454,network,0,0
Assurbanipal,0x12383,3,0.5941,0.8013,skeleton,0,0
Assurbanipal,0x12383,4,0.7345,0.7807,skeleton,0,0
Assurbanipal,0x12383,5,0.5409,0.7142,skeleton,0,0
Assurbanipal,0x12383,6,0.5884,0.8032,network,0,0
Assurbanipal,0x12383,7,0.0092,0.867,network,0,0
Assurbanipal,0x12383,8,0.0038,0.7253,skeleton,0,0
Assurbanipal,0x12383,9,0.0,0.5946,network,0,1
Assurbanipal,0x12383,10,0.0264,0.7599,network,0,0
Assurbanipal,0x12383,11,0.0001,0.9392,network,0,1
Assurbanipal,0x12383,12,0.5746,0.8998,skeleton,0,0
Assurbanipal,0x12383,13,0.7154,0.8613,network,0,0
Assurbanipal,0x12383,14,0.7417,0.9759,network,0,0
Assurbanipal,0x12383,15,0.7472,0.8309,network,0,0
Assurbanipal,0x12384,1,0.6132,0.8625,network,0,0
Assurbanipal,0x12384,2,0.6637,0.8429,network,0,0
Assurbanipal,0x12384,3,0.5737,0.7705,skeleton,0,0
Assurbanipal,0x12384,4,0.5448,0.7498,skeleton,0,0
Assurbanipal,0x12384,5,0.7264,0.7264,skeleton,0,0
Assurbanipal,0x12384,6,0.6415,0.7229,network,0,0
Assurbanipal,0x12384,7,0.5727,0.8344,network,0,0
Assurbanipal,0x12384,8,0.6011,0.7506,skeleton,0,0
Assurbanipal,0x12384,9,0.7912,0.8702,network,0,0
Assurbanipal,0x12384,10,0.7241,0.7241,network,0,0
Assurbanipal,0x12386,1,0.6745,0.841,network,0,0
Assurbanipal,0x12386,2,0.6758,0.8029,network,0,0
Assurbanipal,0x12386,3,0.4199,0.7638,network,0,0
Assurbanipal,0x12386,4,0.7516,0.78,skeleton,0,0
Assurbanipal,0x12386,5,0.6348,0.7582,skeleton,0,0
Assurbanipal,0x12386,6,0.5708,0.9276,network,0,0
Assurbanipal,0x12386,7,0.0984,0.7712,network,0,0
Assurbanipal,0x12386,8,0.7379,0.9244,network,0,0
Assurbanipal,0x12386,9,0.7902,0.8447,skeleton,0,0
Assurbanipal,0x12386,10,0.8298,0.8298,network,0,0
Assurbanipal,0x12386,11,0.05,0.9349,network,0,1
Assurbanipal,0x12386,12,0.2713,0.932,network,0,0
Assurbanipal,0x12386,13,0.7631,0.9012,network,0,0
Assurbanipal,0x12386,14,0.6049,0.8832,network,0,0
Assurbanipal,0x12386,15,0.05,0.8575,skeleton,0,1
Assurbanipal,0x12387,1,0.6406,0.8336,network,0,0
Assurbanipal,0x12387,2,0.6645,0.8149,network,0,0
Assurbanipal,0x12387,3,0.6132,0.7701,network,0,0
Assurbanipal,0x12387,4,0.05,0.8634,skeleton,0,1
Assurbanipal,0x12387,5,0.2316,0.841,skeleton,0,0
Assurbanipal,0x12387,6,0.3947,0.9167,skeleton,0,0
Assurbanipal,0x12387,7,0.014,0.5535,network,0,0
Assurbanipal,0x12387,8,0.0292,0.859,network,0,0
Assurbanipal,0x12387,9,0.6243,0.7013,network,0,0
Assurbanipal,0x12387,10,0.05,0.9233,network,0,1
Assurbanipal,0x12387,11,0.6248,0.9033,skeleton,0,0
Assurbanipal,0x12387,12,0.7578,0.7879,network,0,0
Assurbanipal,0x12387,13,0.6766,0.8239,network,0,0
Assurbanipal,0x12387,14,0.7614,0.8382,network,0,0
Assurbanipal,0x12388,1,0.7318,0.867,network,0,0
Assurbanipal,0x12388,2,0.7042,0.8222,skeleton,0,0
Assurbanipal,0x12388,3,0.5322,0.914,network,0,0
Assurbanipal,0x12388,4,0.5137,0.7902,network,0,0
Assurbanipal,0x12388,5,0.7628,0.8608,network,0,0
Assurbanipal,0x12388,6,0.8038,0.8355,network,0,0
Assurbanipal,0x12388,7,0.4292,0.9236,network,0,0
Assurbanipal,0x12388,8,0.17,0.5302,network,0,0
Assurbanipal,0x12388,9,0.7549,0.8652,network,0,0
Assurbanipal,0x12388,10,0.1209,0.6939,network,0,0
Assurbanipal,0x12388,11,0.7823,0.84,network,0,0
Assurbanipal,0x12389,1,0.0378,0.8158,network,0,0
Assurbanipal,0x12389,2,0.7066,0.7066,skeleton,0,0
Assurbanipal,0x12389,3,0.445,0.8568,network,0,0
Assurbanipal,0x12389,4,0.5799,0.8016,skeleton,0,0
Assurbanipal,0x12389,5,0.705,0.7937,network,0,0
Assurbanipal,0x12389,6,0.5409,0.8643,network,0,0
Assurbanipal,0x12389,7,0.8328,0.9005,network,0,0
Assurbanipal,0x12389,8,0.7122,0.8824,network,0,0
Assurbanipal,0x12389,9,0.0081,0.8485,network,0,0
Assurbanipal,0x12389,10,0.7162,0.805,network,0,0
Assurbanipal,0x12389,11,0.3547,0.8059,skeleton,0,0
Assurbanipal,0x12389,12,0.0135,0.7843,network,1,0
Assurbanipal,0x12389,13,0.4328,0.9096,network,0,0
Assurbanipal,0x12389,14,0.6114,0.6114,network,0,0
Assurbanipal,0x1238a,1,0.6438,0.7837,network,0,0
Assurbanipal,0x1238a,2,0.7687,0.8149,skeleton,0,0
Assurbanipal,0x1238a,3,0.6496,0.8684,network,0,0
Assurbanipal,0x1238a,4,0.0061,0.8903,network,0,0
Assurbanipal,0x1238a,5,0.6976,0.8242,network,0,0
Assurbanipal,0x1238a,6,0.6063,0.8918,network,0,0
Assurbanipal,0x1238a,7,0.8405,0.886,skeleton,0,0
Assurbanipal,0x1238a,8,0.7066,0.8444,network,0,0
Assurbanipal,0x1238a,9,0.3926,0.8891,skeleton,0,0
Assurbanipal,0x1238a,10,0.6518,0.796,skeleton,0,0
Assurbanipal,0x1238a,11,0.0058,0.8828,network,0,0
Assurbanipal,0x1238a,12,0.221,0.8629,skeleton,0,0
Assurbanipal,0x1238a,13,0.0084,0.9448,network,0,0
Assurbanipal,0x1238a,14,0.6749,0.8587,network,0,0
Assurbanipal,0x1238a,15,0.05,0.9131,network,0,1
Assurbanipal,0x1238a,16,0.8084,0.9337,network,0,0
Assurbanipal,0x1238a,17,0.809,0.8844,skeleton,0,0
Assurbanipal,0x1238a,18,0.6939,0.8998,network,0,0
Assurbanipal,0x1238b,1,0.2268,0.8796,skeleton,0,0
Assurbanipal,0x1238b,2,0.7928,0.7928,network,0,0
Assurbanipal,0x1238b,3,0.5917,0.9121,network,0,0
Assurbanipal,0x1238b,4,0.0124,0.8187,network,0,0
Assurbanipal,0x1238b,5,0.6624,0.8482,network,0,0
Assurbanipal,0x1238b,6,0.4717,0.8991,network,0,0
Assurbanipal,0x1238b,7,0.7256,0.847,network,0,0
Assurbanipal,0x1238b,8,0.0408,0.85,network,0,0
Assurbanipal,0x1238b,9,0.7873,0.8816,network,0,0
Assurbanipal,0x1238b,10,0.4678,0.7578,network,0,0
Assurbanipal,0x1238b,11,0.0009,0.8899,skeleton,0,0
Assurbanipal,0x1238b,12,0.8275,0.8675,network,0,0
Assurbanipal,0x1238b,13,0.4199,0.9023,network,0,0
Assurbanipal,0x1238b,14,0.0217,0.8864,network,0,1
Assurbanipal,0x1238b,15,0.4693,0.8436,network,0,0
Assurbanipal,0x1238d,1,0.6615,0.7256,network,0,0
Assurbanipal,0x1238d,2,0.586,0.8629,skeleton,0,0
Assurbanipal,0x1238d,3,0.0831,0.8914,skeleton,0,0
Assurbanipal,0x1238d,4,0.6615,0.8309,skeleton,0,0
Assurbanipal,0x1238d,5,0.5059,0.8706,network,0,0
Assurbanipal,0x1238d,6,0.5404,0.8041,skeleton,0,0
Assurbanipal,0x1238d,7,0.3863,0.9158,network,0,0
Assurbanipal,0x1238d,8,0.6491,0.9009,network,0,0
Assurbanipal,0x1238d,9,0.5404,0.8527,network,0,0
Assurbanipal,0x1238d,10,0.5922,0.8078,network,0,0
Assurbanipal,0x1238e,1,0.6654,0.849,skeleton,0,0
Assurbanipal,0x1238e,2,0.6035,0.6855,network,0,0
Assurbanipal,0x1238e,3,0.6151,0.9219,network,0,0
Assurbanipal,0x1238e,4,0.6151,0.8771,network,0,0
Assurbanipal,0x1238e,5,0.6388,0.8891,network,0,0
Assurbanipal,0x1238e,6,0.1757,0.88,network,0,0
Assurbanipal,0x1238e,7,0.2611,0.9043,network,0,0
Assurbanipal,0x1238e,8,0.8352,0.9115,network,0,0
Assurbanipal,0x1238f,1,0.0004,0.7783,network,0,0
Assurbanipal,0x1238f,2,0.0,0.3433,network,1,1
Assurbanipal,0x1238f,3,0.5713,0.8534,network,0,0
Assurbanipal,0x1238f,4,0.6311,0.9023,network,0,0
Assurbanipal,0x1238f,5,0.6289,0.6838,network,0,0
Assurbanipal,0x1238f,6,0.5718,0.7182,network,0,0
Assurbanipal,0x1238f,7,0.5718,0.6438,skeleton,0,0
Assurbanipal,0x1238f,8,0.5024,0.5024,network,0,0
Assurbanipal,0x12390,1,0.0004,0.7783,network,0,0
Assurbanipal,0x12390,2,0.0,0.3433,network,1,1
Assurbanipal,0x12390,3,0.5713,0.8534,network,0,0
Assurbanipal,0x12390,4,0.6311,0.9023,network,0,0
Assurbanipal,0x12390,5,0.6289,0.6838,network,0,0
Assurbanipal,0x12390,6,0.5718,0.7182,network,0,0
Assurbanipal,0x12390,7,0.5718,0.6438,skeleton,0,0
Assurbanipal,0x12390,8,0.5024,0.5024,network,0,0
Assurbanipal,0x12391,1,0.7549,0.8944,skeleton,0,0
Assurbanipal,0x12391,2,0.5799,0.8517,skeleton,0,0
Assurbanipal,0x12391,3,0.7146,0.8105,network,0,0
Assurbanipal,0x12391,4,0.0353,0.787,network,0,0
Assurbanipal,0x12391,5,0.5492,0.7233,skeleton,0,0
Assurbanipal,0x12391,6,0.0226,0.9124,network,0,0
Assurbanipal,0x12391,7,0.8459,0.8719,skeleton,0,0
Assurbanipal,0x12391,8,0.8444,0.8988,network,0,0
Assurbanipal,0x12391,9,0.5336,0.8852,network,0,0
Assurbanipal,0x12391,10,0.0098,0.9146,network,0,0
Assurbanipal,0x12391,11,0.6384,0.9274,network,0,0
Assurbanipal,0x12392,1,0.6433,0.8311,network,0,0
Assurbanipal,0x12392,2,0.7122,0.7773,network,0,0
Assurbanipal,0x12392,3,0.5713,0.88,network,0,0
Assurbanipal,0x12392,4,0.4185,0.7691,skeleton,0,0
Assurbanipal,0x12392,5,0.6531,0.8397,network,0,0
Assurbanipal,0x12392,6,0.6142,0.8995,network,0,0
Assurbanipal,0x12392,7,0.5467,0.9149,skeleton,0,0
Assurbanipal,0x12392,8,0.8542,0.907,network,0,0
Assurbanipal,0x12392,9,0.6843,0.8715,network,0,0
Assurbanipal,0x12392,10,0.6843,0.698,network,0,0
Assurbanipal,0x12392,11,0.6505,0.6667,network,0,0
Assurbanipal,0x12392,12,0.3045,0.9431,network,0,0
Assurbanipal,0x12393,1,0.5974,0.8561,network,0,0
Assurbanipal,0x12393,2,0.006,0.8544,skeleton,0,0
Assurbanipal,0x12393,3,0.3462,0.9581,skeleton,0,0
Assurbanipal,0x12393,4,0.5983,0.8922,network,0,0
Assurbanipal,0x12393,5,0.0035,0.6834,skeleton,0,0
Assurbanipal,0x12394,1,0.5689,0.5689,network,0,0
Assurbanipal,0x12394,2,0.5506,0.6165,network,0,0
Assurbanipal,0x12394,3,0.7046,0.8179,network,0,0
Assurbanipal,0x12394,4,0.6736,0.9274,network,0,0
Assurbanipal,0x12394,5,0.6988,0.8339,network,0,0
Assurbanipal,0x12394,6,0.6851,0.8754,network,0,0
Assurbanipal,0x12394,7,0.6855,0.8309,network,0,0
Assurbanipal,0x12394,8,0.1203,0.8426,skeleton,0,0
Assurbanipal,0x12394,9,0.3949,0.836,skeleton,0,0
Assurbanipal,0x12394,10,0.05,0.8675,skeleton,0,1
Assurbanipal,0x12394,11,0.5708,0.7705,network,0,0
Assurbanipal,0x12394,12,0.8303,0.9033,network,0,0
Assurbanipal,0x12394,13,0.8397,0.906,network,0,0
Assurbanipal,0x12394,14,0.0023,0.9377,network,0,0
Assurbanipal,0x12394,15,0.0012,0.6137,network,0,1
Assurbanipal,0x12395,1,0.5112,0.8754,network,0,0
Assurbanipal,0x12395,2,0.5103,0.8872,network,0,0
Assurbanipal,0x12395,3,0.0804,0.8431,network,0,0
Assurbanipal,0x12395,4,0.6939,0.8582,network,0,0
Assurbanipal,0x12396,1,0.6261,0.6261,network,0,0
Assurbanipal,0x12396,2,0.5317,0.6935,skeleton,0,0
Assurbanipal,0x12396,3,0.7094,0.7656,network,0,0
Assurbanipal,0x12396,4,0.0159,0.8559,network,0,0
Assurbanipal,0x12396,5,0.3741,0.7753,skeleton,0,0
Assurbanipal,0x12396,6,0.7599,0.8736,network,0,0
Assurbanipal,0x12396,7,0.7241,0.9033,network,0,0
Assurbanipal,0x12396,8,0.7892,0.7892,network,0,0
Assurbanipal,0x12396,9,0.4985,0.7029,network,0,0
Assurbanipal,0x12396,10,0.4844,0.7334,skeleton,0,0
Assurbanipal,0x12396,11,0.6619,0.8728,network,0,0
Assurbanipal,0x12396,12,0.5477,0.8457,network,0,0
Assurbanipal,0x12396,13,0.5029,0.7272,network,0,0
Assurbanipal,0x12396,14,0.7564,0.8941,network,0,0
Assurbanipal,0x12397,1,0.5756,0.812,network,0,0
Assurbanipal,0x12397,2,0.7631,0.8222,network,0,0
Assurbanipal,0x12397,3,0.0083,0.8573,network,0,0
Assurbanipal,0x12397,4,0.4956,0.8762,network,0,0
Esagil,0x12000,1,0.0002,0.8439,network,0,0
Esagil,0x12000,2,0.7589,0.8193,network,0,0
Esagil,0x12000,3,0.5865,0.7988,network,0,0
Esagil,0x12001,1,0.711,0.8487,network,0,0
Esagil,0x12001,2,0.7853,0.8459,network,0,0
Esagil,0x12001,3,0.0097,0.7495,network,0,0
Esagil,0x12001,4,0.7742,0.897,network,0,0
Esagil,0x12001,5,0.3998,0.8155,network,0,0
Esagil,0x12001,6,0.8387,0.8648,network,0,0
Esagil,0x12009,1,0.6859,0.7941,network,0,0
Esagil,0x12009,2,0.6624,0.8193,network,0,0
Esagil,0x12009,3,0.6325,0.7465,network,0,0
Esagil,0x12009,4,0.5458,0.809,network,0,0
Esagil,0x12009,5,0.7058,0.819,network,0,0
Esagil,0x12009,6,0.7603,0.8117,network,0,0
Esagil,0x12009,7,0.001,0.8273,skeleton,0,1
Esagil,0x12009,8,0.578,0.8072,network,0,0
Esagil,0x12009,9,0.5578,0.7375,network,0,0
Esagil,0x1200a,1,0.6406,0.8056,network,0,0
Esagil,0x1200a,2,0.6406,0.8416,network,0,0
Esagil,0x1200a,3,0.6491,0.7291,network,0,0
Esagil,0x1200a,4,0.5713,0.8143,network,0,0
Esagil,0x1200a,5,0.0003,0.595,network,0,0
Esagil,0x1200f,1,0.4722,0.7833,network,0,0
Esagil,0x1200f,2,0.0006,0.7739,network,0,0
Esagil,0x1200f,3,0.0024,0.8556,network,0,0
Esagil,0x1200f,4,0.5073,0.8099,network,0,0
Esagil,0x1200f,5,0.4518,0.9692,network,0,0
Esagil,0x1200f,6,0.5278,0.9086,network,0,0
Esagil,0x1200f,7,0.6081,0.84,network,0,0
Esagil,0x1200f,8,0.5603,0.9436,network,0,0
Esagil,0x1200f,9,0.519,0.9386,network,0,0
Esagil,0x1200f,10,0.7364,0.9067,network,0,0
Esagil,0x1200f,11,0.7527,0.8431,network,0,0
Esagil,0x12014,1,0.6293,0.7592,network,0,0
Esagil,0x12014,2,0.0003,0.7635,network,0,0
Esagil,0x12014,3,0.4232,0.8745,skeleton,0,0
Esagil,0x12014,4,0.5351,0.8184,skeleton,0,0
Esagil,0x12014,5,0.5789,0.6632,skeleton,0,0
Esagil,0x12014,6,0.4897,0.8568,network,0,0
Esagil,0x12014,7,0.5137,0.8029,network,0,0
Esagil,0x12014,8,0.6123,0.7963,network,0,0
Esagil,0x12014,9,0.6885,0.7567,network,0,0
Esagil,0x12016,1,0.7178,0.8152,network,0,0
Esagil,0x12016,2,0.0038,0.7991,network,0,0
Esagil,0x12016,3,0.6575,0.8836,network,0,0
Esagil,0x12019,1,0.5098,0.8754,network,0,0
Esagil,0x12019,2,0.6021,0.805,skeleton,0,0
Esagil,0x12019,3,0.6095,0.7114,skeleton,0,0
Esagil,0x12019,4,0.8442,0.9033,skeleton,0,0
Esagil,0x12019,5,0.4066,0.88,skeleton,0,0
Esagil,0x12019,6,0.637,0.8728,network,0,0
Esagil,0x12019,7,0.637,0.9109,network,0,0
Esagil,0x12019,8,0.0728,0.8228,network,0,0
Esagil,0x12019,9,0.2906,0.9185,network,0,0
Esagil,0x12019,10,0.65,0.9281,network,0,0
Esagil,0x1201a,1,0.4902,0.7607,network,0,0
Esagil,0x1201a,2,0.5414,0.7487,skeleton,0,0
Esagil,0x1201a,3,0.6469,0.7094,network,0,0
Esagil,0x1201a,4,0.0098,0.3794,network,0,0
Esagil,0x1201a,5,0.696,0.7837,network,0,0
Esagil,0x1201a,6,0.0185,0.8253,network,0,0
Esagil,0x1201a,7,0.554,0.554,network,0,0
Esagil,0x1201a,8,0.5525,0.6749,skeleton,0,0
Esagil,0x1201a,9,0.4087,0.9043,network,0,0
Esagil,0x1201c,1,0.6379,0.728,skeleton,0,0
Esagil,0x1201c,2,0.0004,0.7866,network,0,1
Esagil,0x1201c,3,0.6007,0.8331,network,0,0
Esagil,0x1201c,4,0.6215,0.8273,network,0,0
Esagil,0x1201c,5,0.553,0.8661,network,0,0
Esagil,0x1201c,6,0.7134,0.7705,network,0,0
Esagil,0x1201c,7,0.6478,0.6478,network,0,0
Esagil,0x1201d,1,0.5983,0.739,skeleton,0,0
Esagil,0x1201d,2,0.0136,0.717,network,0,0
Esagil,0x1201d,3,0.0007,0.7206,skeleton,0,0
Esagil,0x1201d,4,0.6118,0.8507,network,0,0
Esagil,0x1201d,5,0.6834,0.8808,network,0,0
Esagil,0x1201d,6,0.3666,0.3666,skeleton,0,0
Esagil,0x1201e,1,0.6792,0.7549,network,0,0
Esagil,0x1201e,2,0.5846,0.8442,skeleton,0,0
Esagil,0x1201e,3,0.691,0.7631,network,0,0
Esagil,0x1201e,4,0.6632,0.9067,network,0,0
Esagil,0x1201e,5,0.5044,0.8561,network,0,0
Esagil,0x1201e,6,0.4029,0.8216,network,0,0
Esagil,0x1201e,7,0.6316,0.9043,network,0,0
Esagil,0x1201e,8,0.7807,0.9425,network,0,0
Esagil,0x1201e,9,0.7229,0.8779,network,0,0
Esagil,0x1201e,10,0.7432,0.8779,network,0,0
Esagil,0x12020,1,0.6049,0.8587,network,0,0
Esagil,0x12020,2,0.6719,0.8684,network,0,0
Esagil,0x12020,3,0.0086,0.787,network,0,0
Esagil,0x12020,4,0.7356,0.8465,skeleton,0,0
Esagil,0x12020,5,0.6567,0.9161,skeleton,0,0
Esagil,0x12020,6,0.7078,0.8522,network,0,0
Esagil,0x12020,7,0.698,0.7578,network,0,0
Esagil,0x12029,1,0.6939,0.8196,network,0,0
Esagil,0x12029,2,0.6901,0.8465,network,0,0
Esagil,0x12029,3,0.6947,0.8544,network,0,0
Esagil,0x12029,4,0.6745,0.8907,network,0,0
Esagil,0x12029,5,0.005,0.903,network,0,0
Esagil,0x12029,6,0.2604,0.9247,network,0,0
Esagil,0x12029,7,0.665,0.8141,network,0,0
Esagil,0x12029,8,0.756,0.756,network,0,0
Esagil,0x12029,9,0.0042,0.882,skeleton,0,0
Esagil,0x12029,10,0.0122,0.8688,network,0,0
Esagil,0x12029,11,0.6174,0.8524,network,0,0
Esagil,0x12029,12,0.7001,0.851,network,0,0
Esagil,0x12029,13,0.521,0.8273,network,0,0
Esagil,0x12029,14,0.668,0.8566,network,0,0
Esagil,0x12029,15,0.6044,0.8517,network,0,0
Esagil,0x12029,16,0.6063,0.8179,network,0,0
Esagil,0x12029,17,0.5851,0.756,network,0,0
Esagil,0x12029,18,0.7659,0.8988,network,0,0
Esagil,0x12029,19,0.0135,0.9105,network,0,0
Esagil,0x12029,20,0.3838,0.8783,network,0,0
Esagil,0x1202a,1,0.3518,0.6602,network,0,0
Esagil,0x1202a,2,0.7276,0.8804,network,0,0
Esagil,0x1202a,3,0.0579,0.9158,network,0,0
Esagil,0x1202a,4,0.4873,0.8702,network,0,0
Esagil,0x1202a,5,0.688,0.8264,network,0,0
Esagil,0x1202a,6,0.5913,0.7736,network,0,0
Esagil,0x1202b,1,0.7054,0.8539,network,0,0
Esagil,0x1202b,2,0.4683,0.7843,network,0,0
Esagil,0x1202b,3,0.5098,0.6926,network,0,0
Esagil,0x1202b,4,0.005,0.3018,network,1,0
Esagil,0x1202c,1,0.461,0.809,network,0,0
Esagil,0x1202c,2,0.3571,0.8864,network,0,0
Esagil,0x1202c,3,0.4644,0.7217,network,0,0
Esagil,0x1202c,4,0.4591,0.9266,network,0,0
Esagil,0x1202c,5,0.4194,0.9761,network,0,0
Esagil,0x1202c,6,0.0729,0.955,network,0,0
Esagil,0x1202c,7,0.0325,0.9596,network,0,0
Esagil,0x1202c,8,0.0174,0.3296,network,0,0
Esagil,0x1202d,1,0.637,0.8355,network,0,0
Esagil,0x1202d,2,0.6988,0.6988,skeleton,0,0
Esagil,0x1202d,3,0.0008,0.7513,network,0,0
Esagil,0x1202e,1,0.7038,0.8439,skeleton,0,0
Esagil,0x1202e,2,0.6947,0.8075,skeleton,0,0
Esagil,0x1202e,3,0.5492,0.7759,network,0,0
Esagil,0x1202e,4,0.7461,0.8143,skeleton,0,0
Esagil,0x1202e,5,0.8213,0.8736,network,0,0
Esagil,0x1202e,6,0.3553,0.9053,network,0,0
Esagil,0x1202f,1,0.6872,0.8339,skeleton,0,0
Esagil,0x1202f,2,0.6663,0.7902,skeleton,0,0
Esagil,0x1202f,3,0.7909,0.8146,network,0,0
Esagil,0x1202f,4,0.5039,0.8532,network,0,0
Esagil,0x1202f,5,0.827,0.8876,skeleton,0,0
Esagil,0x1202f,6,0.4477,0.8824,network,0,0
Esagil,0x1202f,7,0.6293,0.8352,network,0,0
Esagil,0x1202f,8,0.6993,0.8679,network,0,0
Esagil,0x1202f,9,0.6988,0.7314,network,0,0
Esagil,0x12032,1,0.3842,0.7082,network,0,0
Esagil,0x12032,2,0.4097,0.7807,network,0,0
Esagil,0x12032,3,0.7502,0.7736,skeleton,0,0
Esagil,0x12032,4,0.4659,0.8856,network,0,0
Esagil,0x12032,5,0.3502,0.7066,network,0,0
Esagil,0x12032,6,0.5419,0.717,skeleton,0,0
Esagil,0x12032,7,0.009,0.8374,network,0,0
Esagil,0x12032,8,0.5419,0.7928,skeleton,0,0
Esagil,0x12032,9,0.4941,0.8613,network,0,0
Esagil,0x12033,1,0.6993,0.787,skeleton,0,0
Esagil,0x12033,2,0.0084,0.6926,skeleton,0,0
Esagil,0x12033,3,0.586,0.7082,skeleton,0,0
Esagil,0x12033,4,0.6847,0.7585,network,0,0
Esagil,0x12033,5,0.661,0.7803,skeleton,0,0
Esagil,0x12033,6,0.0013,0.7398,network,0,0
Esagil,0x12034,1,0.6424,0.7432,network,0,0
Esagil,0x12034,2,0.6496,0.8816,network,0,0
Esagil,0x12034,3,0.0198,0.7979,network,0,0
Esagil,0x12034,4,0.5254,0.8741,network,0,0
Esagil,0x12034,5,0.0003,0.7766,network,0,0
Esagil,0x12038,1,0.5789,0.6606,network,0,0
Esagil,0x12039,1,0.616,0.668,skeleton,0,0
Esagil,0x1203e,1,0.6628,0.8728,network,0,0
Esagil,0x1203e,2,0.6202,0.786,network,0,0
Esagil,0x1203e,3,0.677,0.7439,network,0,0
Esagil,0x1203e,4,0.761,0.8926,network,0,0
Esagil,0x1203f,1,0.5063,0.5063,skeleton,0,0
Esagil,0x1203f,2,0.7237,0.9053,skeleton,0,0
Esagil,0x1203f,3,0.7202,0.905,network,0,0
Esagil,0x1203f,4,0.001,0.3198,network,0,0
Esagil,0x1203f,5,0.8758,0.9292,network,0,0
Esagil,0x1203f,6,0.595,0.9307,network,0,0
Esagil,0x12040,1,0.0362,0.8524,network,0,0
Esagil,0x12040,2,0.6749,0.8613,network,0,0
Esagil,0x12040,3,0.7086,0.7465,network,0,0
Esagil,0x12040,4,0.6514,0.736,network,0,0
Esagil,0x12041,1,0.329,0.6465,skeleton,0,0
Esagil,0x12044,1,0.7098,0.8081,network,0,0
Esagil,0x12044,2,0.0411,0.7502,network,0,0
Esagil,0x12044,3,0.6624,0.8615,network,0,0
Esagil,0x12044,4,0.0103,0.8998,network,0,0
Esagil,0x12044,5,0.8041,0.8041,network,0,0
Esagil,0x12044,6,0.654,0.9121,network,0,0
Esagil,0x12046,1,0.5997,0.7766,skeleton,0,0
Esagil,0x12046,2,0.6289,0.8309,network,0,0
Esagil,0x12046,3,0.002,0.586,network,1,0
Esagil,0x12046,4,0.7318,0.8081,network,0,0
Esagil,0x12046,5,0.577,0.9105,network,0,0
Esagil,0x12046,6,0.538,0.7571,network,0,0
Esagil,0x12046,7,0.5564,0.8146,network,0,0
Esagil,0x12046,8,0.5312,0.8298,network,0,0
Esagil,0x12046,9,0.6693,0.7944,network,0,0
Esagil,0x12046,10,0.4357,0.8247,skeleton,0,0
Esagil,0x12046,11,0.0001,0.8284,network,1,0
Esagil,0x12046,12,0.677,0.8158,network,0,0
Esagil,0x12047,1,0.6197,0.6906,skeleton,0,0
Esagil,0x12047,2,0.0003,0.7666,network,0,0
Esagil,0x12048,1,0.7046,0.8413,network,0,0
Esagil,0x12048,2,0.0106,0.827,network,0,0
Esagil,0x12048,3,0.6169,0.8948,network,0,0
Esagil,0x12048,4,0.7472,0.9099,network,0,0
Esagil,0x12048,5,0.7527,0.8228,skeleton,0,0
Esagil,0x12048,6,0.05,0.871,skeleton,1,1
Esagil,0x12048,7,0.6375,0.8434,network,0,0
Esagil,0x12048,8,0.4407,0.8661,network,0,0
Esagil,0x12048,9,0.7013,0.8937,skeleton,0,0
Esagil,0x12048,10,0.7303,0.779,network,0,0
Esagil,0x12049,1,0.3086,0.7001,network,0,0
Esagil,0x12049,2,0.308,0.7114,network,0,0
Esagil,0x1204d,1,0.7944,0.8467,network,0,0
Esagil,0x1204d,2,0.7592,0.8387,network,0,0
Esagil,0x1204d,3,0.7134,0.8449,network,0,0
Esagil,0x1204d,4,0.4062,0.8666,network,0,0
Esagil,0x1204d,5,0.5375,0.781,network,0,0
Esagil,0x12051,1,0.7349,0.8164,network,0,0
Esagil,0x12051,2,0.5409,0.8828,skeleton,0,0
Esagil,0x12051,3,0.3122,0.7915,network,0,0
Esagil,0x12051,4,0.3522,0.8988,network,0,0
Esagil,0x12051,5,0.3405,0.8143,skeleton,0,0
Esagil,0x12051,6,0.5205,0.841,network,0,0
Esagil,0x12053,1,0.6964,0.8497,network,0,0
Esagil,0x12053,2,0.6589,0.812,network,0,0
Esagil,0x12053,3,0.8093,0.8606,network,0,0
Esagil,0x12053,4,0.5501,0.7972,network,0,0
Esagil,0x12053,5,0.4076,0.7311,network,0,0
Esagil,0x12053,6,0.4258,0.8087,network,0,0
Esagil,0x12053,7,0.0586,0.8275,network,0,0
Esagil,0x12054,1,0.6063,0.8436,network,0,0
Esagil,0x12054,2,0.0409,0.6316,network,0,0
Esagil,0x12054,3,0.2147,0.8657,skeleton,0,0
Esagil,0x12054,4,0.0007,0.8126,skeleton,0,0
Esagil,0x12054,5,0.555,0.9205,network,0,0
Esagil,0x12054,6,0.4137,0.8984,network,0,0
Esagil,0x12054,7,0.7553,0.941,network,0,0
Esagil,0x12054,8,0.05,0.9099,network,0,1
Esagil,0x12054,9,0.2684,0.8868,network,0,0
Esagil,0x12054,10,0.6474,0.8173,network,0,0
Esagil,0x12055,1,0.6451,0.7843,network,0,0
Esagil,0x12055,2,0.5593,0.6188,network,0,0
Esagil,0x12055,3,0.5593,0.7009,network,0,0
Esagil,0x12055,4,0.6868,0.8397,network,0,0
Esagil,0x12055,5,0.4868,0.4868,network,0,0
Esagil,0x12055,6,0.6589,0.7221,network,0,0
Esagil,0x12056,1,0.4722,0.8804,network,0,0
Esagil,0x12056,2,0.646,0.7253,network,0,0
Esagil,0x12056,3,0.8099,0.8099,network,0,0
Esagil,0x12056,4,0.7469,0.7469,network,0,0
Esagil,0x12056,5,0.7428,0.8376,network,0,0
Esagil,0x12056,6,0.3449,0.8467,network,0,0
Esagil,0x12056,7,0.715,0.715,network,0,0
Esagil,0x1205b,1,0.5477,0.858,network,0,0
Esagil,0x1205b,2,0.6775,0.8053,network,0,0
Esagil,0x1205b,3,0.8374,0.85,network,0,0
Esagil,0x1205b,4,0.767,0.767,network,0,0
Esagil,0x1205b,5,0.6202,0.8988,network,0,0
Esagil,0x1205b,6,0.6424,0.8275,network,0,0
Esagil,0x1205b,7,0.4434,0.8202,network,0,0
Esagil,0x1205b,8,0.6736,0.8387,network,0,0
Esagil,0x1205b,9,0.008,0.904,network,0,0
Esagil,0x1205b,10,0.5894,0.8317,skeleton,0,0
Esagil,0x1205b,11,0.0097,0.7684,network,0,0
Esagil,0x1205b,12,0.0001,0.8723,network,0,1
Esagil,0x1205b,13,0.5029,0.7556,network,0,0
Esagil,0x1205b,14,0.7722,0.851,network,0,0
Esagil,0x1205b,15,0.3743,0.3914,network,0,0
Esagil,0x1205e,1,0.5689,0.8578,network,0,0
Esagil,0x1205e,2,0.6775,0.8047,network,0,0
Esagil,0x1205e,3,0.8374,0.8502,network,0,0
Esagil,0x1205e,4,0.767,0.767,network,0,0
Esagil,0x1205e,5,0.61,0.8981,network,0,0
Esagil,0x1205e,6,0.6447,0.8403,network,0,0
Esagil,0x1205e,7,0.4639,0.8155,network,0,0
Esagil,0x1205e,8,0.6993,0.8199,network,0,0
Esagil,0x1205e,9,0.6393,0.9191,network,0,0
Esagil,0x1205e,10,0.0104,0.8059,skeleton,0,0
Esagil,0x1205e,11,0.2902,0.823,skeleton,0,0
Esagil,0x1205e,12,0.3558,0.3558,skeleton,0,0
Esagil,0x1205e,13,0.1184,0.8836,network,0,0
Esagil,0x1205e,14,0.0046,0.7879,network,0,0
Esagil,0x1205e,15,0.417,0.4472,network,0,0
Esagil,0x12066,1,0.7182,0.8657,network,0,0
Esagil,0x12066,2,0.6758,0.823,network,0,0
Esagil,0x12066,3,0.8341,0.8643,network,0,0
Esagil,0x12066,4,0.7912,0.7912,network,0,0
Esagil,0x12066,5,0.4605,0.8741,network,0,0
Esagil,0x12066,6,0.5477,0.7928,skeleton,0,0
Esagil,0x12066,7,0.0049,0.8679,network,0,0
Esagil,0x12066,8,0.4453,0.5722,network,0,0
Esagil,0x12066,9,0.6922,0.786,skeleton,0,0
Esagil,0x12066,10,0.0058,0.7827,network,0,0
Esagil,0x12066,11,0.7054,0.836,network,0,0
Esagil,0x12066,12,0.4839,0.8955,network,0,0
Esagil,0x12066,13,0.1257,0.9112,network,0,0
Esagil,0x12066,14,0.4941,0.8152,skeleton,0,0
Esagil,0x12066,15,0.3851,0.9361,network,0,0
Esagil,0x12066,16,0.8278,0.9131,network,0,0
Esagil,0x12066,17,0.6788,0.8465,network,0,0
Esagil,0x12066,18,0.5988,0.871,network,0,0
Esagil,0x12066,19,0.5713,0.9587,network,0,0
Esagil,0x12066,20,0.6901,0.8347,network,0,0
Esagil,0x12066,21,0.6206,0.9016,network,0,0
Esagil,0x12066,22,0.6206,0.9614,network,0,0
Esagil,0x12066,23,0.499,0.9327,network,0,0
Esagil,0x12066,24,0.0459,0.3462,network,0,0
Esagil,0x1206e,1,0.6192,0.8684,skeleton,0,0
Esagil,0x1206e,2,0.7318,0.8075,network,0,0
Esagil,0x1206e,3,0.711,0.7797,skeleton,0,0
Esagil,0x1206e,4,0.6156,0.8053,network,0,0
Esagil,0x1206e,5,0.616,0.726,skeleton,0,0
Esagil,0x1206e,6,0.02,0.748,skeleton,0,0
Esagil,0x1206e,7,0.7146,0.752,network,0,0
Esagil,0x1206e,8,0.0002,0.5356,network,0,0
Esagil,0x1206e,9,0.3157,0.3157,network,0,0
Esagil,0x1206e,10,0.7531,0.8205,network,0,0
Esagil,0x1206f,1,0.0022,0.6658,network,0,1
Esagil,0x1206f,2,0.5598,0.8078,network,0,0
Esagil,0x1206f,3,0.2088,0.4927,network,0,0
Esagil,0x1206f,4,0.0036,0.8196,network,0,0
Esagil,0x1206f,5,0.5535,0.7673,network,0,0
Esagil,0x1206f,6,0.6478,0.8848,network,0,0
Esagil,0x1206f,7,0.622,0.7915,network,0,0
Esagil,0x1206f,8,0.0003,0.6632,network,0,0
Esagil,0x12070,1,0.5583,0.8146,network,0,0
Esagil,0x12070,2,0.6723,0.8465,network,0,0
Esagil,0x12070,3,0.0004,0.8013,network,0,1
Esagil,0x12070,4,0.0001,0.8075,network,0,0
Esagil,0x12070,5,0.3234,0.8487,network,0,0
Esagil,0x12070,6,0.5414,0.7409,network,0,0
Esagil,0x12070,7,0.0058,0.736,network,0,0
Esagil,0x12070,8,0.4424,0.8618,network,0,0
Esagil,0x12070,9,0.8179,0.8758,network,0,0
Esagil,0x12070,10,0.817,0.851,network,0,0
Esagil,0x12070,11,0.6109,0.8527,network,0,0
Esagil,0x12070,12,0.6334,0.8549,network,0,0
Esagil,0x12070,13,0.7564,0.8888,network,0,0
Esagil,0x12070,14,0.3368,0.6918,network,0,0
Esagil,0x12070,15,0.3956,0.8397,network,0,0
Esagil,0x12071,1,0.7276,0.7276,skeleton,0,0
Esagil,0x12071,2,0.7086,0.8022,network,0,0
Esagil,0x12071,3,0.4654,0.8284,skeleton,0,0
Esagil,0x12071,4,0.6984,0.9199,skeleton,0,0
Esagil,0x12071,5,0.6183,0.7461,network,0,0
Esagil,0x12072,1,0.5751,0.825,network,0,0
Esagil,0x12072,2,0.4099,0.8573,skeleton,0,0
Esagil,0x12072,3,0.006,0.7353,network,0,0
Esagil,0x12072,4,0.6775,0.8065,skeleton,0,0
Esagil,0x12072,5,0.0024,0.8216,network,0,0
Esagil,0x12072,6,0.6619,0.7214,network,0,0
Esagil,0x12074,1,0.4712,0.8078,network,0,0
Esagil,0x12074,2,0.5395,0.8222,network,0,0
Esagil,0x12074,3,0.6859,0.9349,network,0,0
Esagil,0x12074,4,0.7307,0.8791,network,0,0
Esagil,0x12074,5,0.633,0.7245,network,0,0
Esagil,0x12075,1,0.668,0.748,skeleton,0,0
Esagil,0x12075,2,0.007,0.8434,network,0,0
Esagil,0x12075,3,0.6676,0.9312,network,0,0
Esagil,0x12075,4,0.779,0.779,network,0,0
Esagil,0x12075,5,0.332,0.332,network,0,0
Esagil,0x12075,6,0.0506,0.9709,network,0,0
Esagil,0x12075,7,0.7264,0.8582,network,0,0
Esagil,0x12075,8,0.061,0.9334,network,0,0
Esagil,0x12076,1,0.6822,0.8355,network,0,0
Esagil,0x12076,2,0.6137,0.8075,network,0,0
Esagil,0x12076,3,0.6838,0.8264,network,0,0
Esagil,0x12076,4,0.7535,0.8325,network,0,0
Esagil,0x12076,5,0.0016,0.3828,network,0,0
Esagil,0x12076,6,0.7698,0.8457,network,0,0
Esagil,0x12077,1,0.0077,0.7687,network,0,0
Esagil,0x12077,2,0.0107,0.8926,network,0,0
Esagil,0x12077,3,0.4951,0.8363,network,0,0
Esagil,0x12079,1,0.7134,0.7134,skeleton,0,0
Esagil,0x1207a,1,0.6035,0.7413,skeleton,0,0
Esagil,0x1207a,2,0.4443,0.7495,network,0,0
Esagil,0x1207a,3,0.0073,0.3427,network,1,0
Esagil,0x1207a,4,0.642,0.7567,network,0,0
Esagil,0x1207a,5,0.7198,0.739,network,0,0
Esagil,0x1207c,1,0.6343,0.8208,network,0,0
Esagil,0x1207c,2,0.4937,0.784,network,0,0
Esagil,0x1207c,3,0.4917,0.5846,network,0,0
Esagil,0x1207c,4,0.7142,0.8991,skeleton,0,0
Esagil,0x1207c,5,0.6334,0.8053,network,0,0
Esagil,0x1207c,6,0.745,0.8303,network,0,0
Esagil,0x1207c,7,0.6406,0.8341,network,0,0
Esagil,0x1207c,8,0.603,0.603,network,0,0
Esagil,0x1207d,1,0.6348,0.7963,network,0,0
Esagil,0x1207d,2,0.4204,0.8096,network,0,0
Esagil,0x1207d,3,0.0012,0.3045,network,1,0
Esagil,0x1207d,4,0.1792,0.8836,network,0,0
Esagil,0x1207d,5,0.7461,0.8895,network,0,0
Esagil,0x1207d,6,0.6624,0.9651,network,0,0
Esagil,0x1207d,7,0.3067,0.8688,network,0,0
Esagil,0x1207d,8,0.7356,0.9099,network,0,0
Esagil,0x1207d,9,0.719,0.8199,network,0,0
Esagil,0x1207e,1,0.0005,0.7549,network,0,0
Esagil,0x1207e,2,0.0001,0.7853,network,0,0
Esagil,0x1207e,3,0.2852,0.756,network,0,0
Esagil,0x1207e,4,0.6002,0.7843,network,0,0
Esagil,0x1207e,5,0.8929,0.8959,skeleton,0,0
Esagil,0x1207e,6,0.8325,0.8325,network,0,0
Esagil,0x1207e,7,0.4123,0.8449,skeleton,0,0
Esagil,0x1207e,8,0.717,0.8502,network,0,0
Esagil,0x12081,1,0.3702,0.8907,skeleton,0,0
Esagil,0x12081,2,0.5751,0.871,skeleton,0,0
Esagil,0x12081,3,0.8495,0.9063,network,0,0
Esagil,0x12081,4,0.8349,0.9012,network,0,0
Esagil,0x12081,5,0.8029,0.8029,network,0,0
Esagil,0x12081,6,0.6469,0.6469,network,0,0
Esagil,0x12081,7,0.005,0.6053,network,1,0
Esagil,0x12081,8,0.006,0.6067,network,1,0
Esagil,0x12082,1,0.0035,0.8026,network,0,0
Esagil,0x12082,2,0.7272,0.8629,network,0,0
Esagil,0x12082,3,0.7272,0.8382,network,0,0
Esagil,0x12082,4,0.3618,0.7963,network,0,0
Esagil,0x12082,5,0.5846,0.8213,network,0,0
Esagil,0x12082,6,0.5737,0.8336,network,0,0
Esagil,0x12083,1,0.0104,0.6339,network,0,0
Esagil,0x12083,2,0.007,0.5941,network,0,0
Esagil,0x12083,3,0.4688,0.7592,network,0,0
Esagil,0x12083,4,0.4244,0.7233,network,0,0
Esagil,0x12084,1,0.4941,0.7578,skeleton,0,0
Esagil,0x12084,2,0.6142,0.8182,network,0,0
Esagil,0x12084,3,0.4815,0.8111,network,0,0
Esagil,0x12084,4,0.6567,0.7876,network,0,0
Esagil,0x12084,5,0.019,0.786,network,0,0
Esagil,0x12084,6,0.5458,0.7432,network,0,0
Esagil,0x12084,7,0.7925,0.8775,network,0,0
Esagil,0x12084,8,0.3623,0.7582,skeleton,0,0
Esagil,0x12084,9,0.4693,0.6215,network,0,0
Esagil,0x12085,1,0.7038,0.7813,skeleton,0,0
Esagil,0x12085,2,0.767,0.8236,network,0,0
Esagil,0x12085,3,0.0126,0.7863,network,0,0
Esagil,0x12085,4,0.5846,0.8688,network,0,0
Esagil,0x12085,5,0.6926,0.7941,network,0,0
Esagil,0x12085,6,0.7086,0.7295,network,0,0
Esagil,0x12085,7,0.0037,0.8467,network,0,0
Esagil,0x12086,1,0.7038,0.7813,skeleton,0,0
Esagil,0x12086,2,0.767,0.8236,network,0,0
Esagil,0x12086,3,0.0126,0.7863,network,0,0
Esagil,0x12086,4,0.5846,0.8688,network,0,0
Esagil,0x12086,5,0.6926,0.7941,network,0,0
Esagil,0x12086,6,0.7086,0.7295,network,0,0
Esagil,0x12086,7,0.0037,0.8467,network,0,0
Esagil,0x12087,1,0.7021,0.832,network,0,0
Esagil,0x12087,2,0.6988,0.7896,network,0,0
Esagil,0x12087,3,0.7198,0.8202,network,0,0
Esagil,0x12087,4,0.7086,0.7979,network,0,0
Esagil,0x12087,5,0.7142,0.8056,network,0,0
Esagil,0x12087,6,0.4501,0.4501,skeleton,0,0
Esagil,0x12087,7,0.7753,0.8754,network,0,0
Esagil,0x12087,8,0.6753,0.7531,network,0,0
Esagil,0x12087,9,0.6091,0.7736,network,0,0
Esagil,0x12087,10,0.622,0.7567,network,0,0
Esagil,0x12087,11,0.05,0.8333,network,0,1
Esagil,0x12088,1,0.7291,0.8922,network,0,0
Esagil,0x12088,2,0.7214,0.7349,network,0,0
Esagil,0x12088,3,0.7749,0.8791,network,0,0
Esagil,0x12088,4,0.7046,0.8524,network,0,0
Esagil,0x12088,5,0.705,0.8239,network,0,0
Esagil,0x12088,6,0.7264,0.7264,skeleton,0,0
Esagil,0x12088,7,0.7398,0.8418,network,0,0
Esagil,0x12088,8,0.5404,0.8702,skeleton,0,0
Esagil,0x12088,9,0.7941,0.8331,skeleton,0,0
Esagil,0x12088,10,0.0233,0.9109,network,0,0
Esagil,0x12088,11,0.1333,0.7628,network,0,0
Esagil,0x12088,12,0.2224,0.9284,skeleton,0,0
Esagil,0x12088,13,0.0967,0.9124,network,0,0
Esagil,0x12088,14,0.7524,0.8317,network,0,0
Esagil,0x12088,15,0.0201,0.8421,network,0,0
Esagil,0x12089,1,0.6918,0.8615,network,0,0
Esagil,0x12089,2,0.539,0.8848,network,0,0
Esagil,0x12089,3,0.7198,0.88,network,0,0
Esagil,0x12089,4,0.6654,0.867,network,0,0
Esagil,0x12089,5,0.6252,0.8522,network,0,0
Esagil,0x12089,6,0.7383,0.7383,network,0,0
Esagil,0x1208a,1,0.5737,0.8213,network,0,0
Esagil,0x1208a,2,0.5846,0.8044,network,0,0
Esagil,0x1208a,3,0.8132,0.9252,network,0,0
Esagil,0x1208a,4,0.463,0.8325,skeleton,0,0
Esagil,0x1208a,5,0.6284,0.8044,network,0,0
Esagil,0x1208d,1,0.6465,0.849,network,0,0
Esagil,0x1208d,2,0.6469,0.7786,network,0,0
Esagil,0x1208d,3,0.8275,0.9083,network,0,0
Esagil,0x1208d,4,0.8384,0.9158,network,0,0
Esagil,0x1208d,5,0.7417,0.7417,network,0,0
Esagil,0x12094,1,0.0067,0.7722,network,0,0
Esagil,0x12094,2,0.6593,0.78,network,0,0
Esagil,0x12094,3,0.4805,0.7114,network,0,0
Esagil,0x12094,4,0.6809,0.8582,network,0,0
Esagil,0x12094,5,0.6039,0.7652,network,0,0
Esagil,0x12094,6,0.0362,0.8944,network,0,0
Esagil,0x12094,7,0.6906,0.8193,network,0,0
Esagil,0x12094,8,0.628,0.8256,network,0,0
Esagil,0x12094,9,0.3657,0.8615,network,0,0
Esagil,0x12094,10,0.6779,0.8852,skeleton,0,0
Esagil,0x12094,11,0.1345,0.9289,network,0,0
Esagil,0x12095,1,0.5215,0.7491,skeleton,0,0
Esagil,0x12095,2,0.6151,0.8065,skeleton,0,0
Esagil,0x12095,3,0.1499,0.8026,network,0,0
Esagil,0x12095,4,0.6955,0.8053,network,0,0
Esagil,0x12095,5,0.6658,0.8679,network,0,0
Esagil,0x12095,6,0.7979,0.841,network,0,0
Esagil,0x12095,7,0.5641,0.8259,network,0,0
Esagil,0x12095,8,0.4504,0.6697,network,0,0
Esagil,0x12095,9,0.7708,0.8948,network,0,0
Esagil,0x12095,10,0.6935,0.6935,network,0,0
Esagil,0x12095,11,0.0657,0.9188,network,0,0
Esagil,0x12095,12,0.8001,0.8693,network,0,0
Esagil,0x12096,1,0.616,0.8606,skeleton,0,0
Esagil,0x12096,2,0.6922,0.8745,network,0,0
Esagil,0x12096,3,0.0011,0.4381,network,0,0
Esagil,0x12096,4,0.0005,0.5044,skeleton,0,0
Esagil,0x12096,5,0.6465,0.6976,network,0,0
Esagil,0x12096,6,0.6889,0.6889,network,0,0
Esagil,0x12096,7,0.677,0.8047,skeleton,0,0
Esagil,0x12096,8,0.6972,0.8462,network,0,0
Esagil,0x12096,9,0.6972,0.8477,network,0,0
Esagil,0x12097,1,0.6817,0.8047,network,0,0
Esagil,0x12097,2,0.4834,0.8275,network,0,0
Esagil,0x12097,3,0.6021,0.8247,network,0,0
Esagil,0x12097,4,0.6132,0.8413,network,0,0
Esagil,0x12097,5,0.5627,0.9274,network,0,0
Esagil,0x12098,1,0.6745,0.7038,network,0,0
Esagil,0x12098,2,0.7863,0.8347,skeleton,0,0
Esagil,0x12098,3,0.5832,0.7202,network,0,0
Esagil,0x12098,4,0.3702,0.8487,skeleton,0,0
Esagil,0x12098,5,0.7229,0.9016,network,0,0
Esagil,0x12098,6,0.1725,0.8392,skeleton,0,0
Esagil,0x12098,7,0.6109,0.8903,network,0,0
Esagil,0x12098,8,0.6109,0.7033,skeleton,0,0
Esagil,0x12098,9,0.6792,0.7783,skeleton,0,0
Esagil,0x12098,10,0.6766,0.8123,network,0,0
Esagil,0x12098,11,0.0023,0.8392,skeleton,0,0
Esagil,0x12098,12,0.6011,0.8016,network,0,0
Esagil,0x1209e,1,0.6805,0.6988,skeleton,0,0
Esagil,0x1209e,2,0.6676,0.7749,skeleton,0,0
Esagil,0x1209e,3,0.7589,0.8899,network,0,0
Esagil,0x1209e,4,0.5312,0.8824,network,0,0
Esagil,0x1209e,5,0.6575,0.7122,skeleton,0,0
Esagil,0x1209e,6,0.6876,0.7379,network,0,0
Esagil,0x1209e,7,0.7174,0.783,network,0,0
Esagil,0x1209e,8,0.7432,0.7432,network,0,0
Esagil,0x1209e,9,0.0635,0.809,network,0,0
Esagil,0x1209f,1,0.7409,0.7876,network,0,0
Esagil,0x1209f,2,0.6545,0.6897,network,0,0
Esagil,0x1209f,3,0.4237,0.8679,network,0,0
Esagil,0x1209f,4,0.7786,0.8225,network,0,0
Esagil,0x120a0,1,0.6922,0.8618,network,0,0
Esagil,0x120a0,2,0.5395,0.8848,network,0,0
Esagil,0x120a0,3,0.7194,0.8796,network,0,0
Esagil,0x120a0,4,0.6671,0.8661,network,0,0
Esagil,0x120a0,5,0.6252,0.852,network,0,0
Esagil,0x120a0,6,0.736,0.736,network,0,0
Esagil,0x120a1,1,0.6478,0.7491,network,0,0
Esagil,0x120a1,2,0.6478,0.7994,network,0,0
Esagil,0x120a1,3,0.6654,0.8208,network,0,0
Esagil,0x120a1,4,0.5341,0.8952,network,0,0
Esagil,0x120a1,5,0.5506,0.8728,skeleton,0,0
Esagil,0x120a1,6,0.4615,0.8339,network,0,0
Esagil,0x120a1,7,0.0036,0.8253,network,0,0
Esagil,0x120a1,8,0.7166,0.8431,network,0,0
Esagil,0x120a1,9,0.538,0.8816,skeleton,0,0
Esagil,0x120a1,10,0.538,0.7937,skeleton,0,0
Esagil,0x120a1,11,0.6016,0.6016,network,0,0
Esagil,0x120a6,1,0.5751,0.7368,network,0,0
Esagil,0x120a6,2,0.6897,0.7687,skeleton,0,0
Esagil,0x120a6,3,0.6298,0.8264,skeleton,0,0
Esagil,0x120a6,4,0.2838,0.8413,skeleton,0,0
Esagil,0x120a6,5,0.4054,0.8202,network,0,0
Esagil,0x120a6,6,0.332,0.8287,network,0,0
Esagil,0x120a6,7,0.7158,0.8715,network,0,0
Esagil,0x120a6,8,0.5156,0.8779,network,0,0
Esagil,0x120a6,9,0.6035,0.7807,network,0,0
Esagil,0x120a6,10,0.6487,0.6487,network,0,0
Esagil,0x120ab,1,0.6053,0.8096,network,0,0
Esagil,0x120ab,2,0.6593,0.7614,skeleton,0,0
Esagil,0x120ab,3,0.6783,0.7883,skeleton,0,0
Esagil,0x120ab,4,0.381,0.8736,skeleton,0,0
Esagil,0x120ab,5,0.3677,0.8108,network,0,0
Esagil,0x120ab,6,0.0151,0.6035,network,0,0
Esagil,0x120ab,7,0.0001,0.9302,network,0,0
Esagil,0x120ab,8,0.6442,0.8561,skeleton,0,0
Esagil,0x120ab,9,0.05,0.9182,network,0,1
Esagil,0x120ab,10,0.0225,0.7708,network,0,0
Esagil,0x120ab,11,0.7617,0.8339,network,0,0
Esagil,0x120ab,12,0.0125,0.8546,network,0,0
Esagil,0x120ab,13,0.7447,0.9016,network,0,0
Esagil,0x120ab,14,0.5993,0.862,network,0,0
Esagil,0x120ab,15,0.6402,0.7476,network,0,0
Esagil,0x120ab,16,0.6641,0.6641,network,0,0
Esagil,0x120ac,1,0.4547,0.7461,network,0,0
Esagil,0x120ac,2,0.6926,0.7126,network,0,0
Esagil,0x120ac,3,0.4893,0.7603,skeleton,0,0
Esagil,0x120ac,4,0.3782,0.8597,skeleton,0,0
Esagil,0x120ac,5,0.4149,0.8161,network,0,0
Esagil,0x120ac,6,0.3775,0.8629,network,0,0
Esagil,0x120ac,7,0.5784,0.9009,skeleton,0,0
Esagil,0x120ac,8,0.0004,0.4347,skeleton,0,0
Esagil,0x120ac,9,0.3775,0.8416,network,0,0
Esagil,0x120ac,10,0.0626,0.586,network,0,0
Esagil,0x120ac,11,0.7291,0.9179,network,0,0
Esagil,0x120ac,12,0.5438,0.8693,network,0,0
Esagil,0x120ac,13,0.5593,0.7797,network,0,0
Esagil,0x120ac,14,0.6151,0.6151,network,0,0
Esagil,0x120ae,1,0.5516,0.7991,network,0,0
Esagil,0x120ae,2,0.7138,0.7233,network,0,0
Esagil,0x120ae,3,0.6805,0.8454,skeleton,0,0
Esagil,0x120ae,4,0.5205,0.8341,skeleton,0,0
Esagil,0x120ae,5,0.3828,0.8379,network,0,0
Esagil,0x120ae,6,0.4776,0.9105,network,0,0
Esagil,0x120ae,7,0.5103,0.931,network,0,0
Esagil,0x120ae,8,0.7245,0.8634,network,0,0
Esagil,0x120ae,9,0.7428,0.9196,network,0,0
Esagil,0x120ae,10,0.7509,0.9225,network,0,0
Esagil,0x120ae,11,0.7062,0.8966,network,0,0
Esagil,0x120ae,12,0.5293,0.8099,network,0,0
Esagil,0x120ae,13,0.5458,0.7142,network,0,0
Esagil,0x120ae,14,0.6105,0.6105,network,0,0
Esagil,0x120b5,1,0.0051,0.7994,network,0,0
Esagil,0x120b5,2,0.3909,0.784,skeleton,0,0
Esagil,0x120b5,3,0.7178,0.8775,network,0,0
Esagil,0x120b5,4,0.059,0.9073,network,0,0
Esagil,0x120b5,5,0.004,0.578,network,1,0
Esagil,0x120b5,6,0.0028,0.715,network,1,0
Esagil,0x120b7,1,0.05,0.8278,skeleton,0,1
Esagil,0x120b7,2,0.6809,0.786,network,0,0
Esagil,0x120b7,3,0.3746,0.8864,network,0,0
Esagil,0x120b7,4,0.6667,0.7766,network,0,0
Esagil,0x120b7,5,0.7094,0.7773,network,0,0
Esagil,0x120bc,1,0.6505,0.8959,skeleton,0,0
Esagil,0x120bc,2,0.6589,0.7746,skeleton,0,0
Esagil,0x120bc,3,0.8152,0.8152,network,0,0
Esagil,0x120bc,4,0.7991,0.8876,network,0,0
Esagil,0x120bc,5,0.6016,0.9351,network,0,0
Esagil,0x120bc,6,0.8306,0.9332,network,0,0
Esagil,0x120bc,7,0.68,0.8888,skeleton,0,0
Esagil,0x120bc,8,0.7249,0.8539,network,0,0
Esagil,0x120cc,1,0.6749,0.9002,skeleton,0,0
Esagil,0x120cc,2,0.6693,0.7921,skeleton,0,0
Esagil,0x120cc,3,0.8138,0.8766,network,0,0
Esagil,0x120cc,4,0.8492,0.9096,network,0,0
Esagil,0x120cc,5,0.8062,0.9381,network,0,0
Esagil,0x120cc,6,0.4586,0.9149,network,0,0
Esagil,0x120cc,7,0.7368,0.9474,network,0,0
Esagil,0x120cc,8,0.6654,0.9423,network,0,0
Esagil,0x120cc,9,0.7326,0.8856,network,0,0
Esagil,0x120de,1,0.0051,0.8926,network,0,0
Esagil,0x120de,2,0.6619,0.7253,skeleton,0,0
Esagil,0x120de,3,0.817,0.8537,network,0,0
Esagil,0x120de,4,0.8408,0.914,network,0,0
Esagil,0x120de,5,0.3794,0.8625,skeleton,0,0
Esagil,0x120de,6,0.0571,0.9438,network,0,0
Esagil,0x120de,7,0.0012,0.5024,network,0,0
Esagil,0x120de,8,0.4168,0.9429,network,0,0
Esagil,0x120de,9,0.0104,0.8423,network,0,0
Esagil,0x120de,10,0.044,0.9438,network,0,0
Esagil,0x120de,11,0.0042,0.7705,network,0,0
Esagil,0x120de,12,0.7058,0.7979,network,0,0
Esagil,0x120e1,1,0.0309,0.8804,network,0,0
Esagil,0x120e1,2,0.5641,0.7334,skeleton,0,0
Esagil,0x120e1,3,0.8102,0.8844,network,0,0
Esagil,0x120e1,4,0.8592,0.8937,network,0,0
Esagil,0x120e1,5,0.742,0.8295,network,0,0
Esagil,0x120e1,6,0.3865,0.8599,network,0,0
Esagil,0x120e1,7,0.7424,0.9381,network,0,0
Esagil,0x120e1,8,0.0087,0.3515,network,0,0
Esagil,0x120e1,9,0.5917,0.8836,network,0,0
Esagil,0x120e1,10,0.7435,0.8413,skeleton,0,0
Esagil,0x120e1,11,0.6792,0.8537,skeleton,0,0
Esagil,0x120e1,12,0.6792,0.8314,skeleton,0,0
Esagil,0x120e1,13,0.5718,0.9522,skeleton,0,0
Esagil,0x120e1,14,0.7531,0.8487,skeleton,0,0
Esagil,0x120e1,15,0.6972,0.8111,network,0,0
Esagil,0x120e2,1,0.6872,0.8492,skeleton,0,0
Esagil,0x120e2,2,0.688,0.8216,skeleton,0,0
Esagil,0x120e2,3,0.7998,0.8184,network,0,0
Esagil,0x120e2,4,0.8444,0.8899,network,0,0
Esagil,0x120e2,5,0.7465,0.7666,network,0,0
Esagil,0x120e2,6,0.5694,0.8546,network,0,0
Esagil,0x120e2,7,0.8413,0.8657,network,0,0
Esagil,0x120e2,8,0.7021,0.8973,network,0,0
Esagil,0x120e3,1,0.0083,0.8706,network,0,0
Esagil,0x120e3,2,0.6156,0.7368,skeleton,0,0
Esagil,0x120e3,3,0.8108,0.823,network,0,0
Esagil,0x120e3,4,0.884,0.884,network,0,0
Esagil,0x120e3,5,0.0947,0.8173,network,0,0
Esagil,0x120e3,6,0.302,0.302,skeleton,0,0
Esagil,0x120e3,7,0.6266,0.8295,skeleton,0,0
Esagil,0x120e3,8,0.1014,0.6002,network,0,0
Esagil,0x120e3,9,0.683,0.7487,network,0,0
Esagil,0x120ee,1,0.4717,0.8143,skeleton,0,0
Esagil,0x120ee,2,0.4849,0.8184,network,0,0
Esagil,0x120ee,3,0.6658,0.9263,network,0,0
Esagil,0x120ee,4,0.6658,0.8791,skeleton,0,0
Esagil,0x120ee,5,0.0027,0.3038,network,1,0
Esagil,0x120ee,6,0.047,0.4465,network,0,0
Esagil,0x120ee,7,0.3963,0.8187,network,0,0
Esagil,0x120ee,8,0.453,0.8275,network,0,0
Esagil,0x120f0,1,0.6843,0.7856,network,0,0
Esagil,0x120f0,2,0.6406,0.7046,network,0,0
Esagil,0x120f0,3,0.0003,0.7225,network,0,0
Esagil,0x120f2,1,0.6063,0.8256,network,0,0
Esagil,0x120f2,2,0.5068,0.8273,network,0,0
Esagil,0x120f2,3,0.6275,0.9137,network,0,0
Esagil,0x120f2,4,0.7592,0.8161,network,0,0
Esagil,0x120f2,5,0.6252,0.6252,network,0,0
Esagil,0x120f2,6,0.5818,0.7866,network,0,0
Esagil,0x120f4,1,0.2856,0.8149,skeleton,0,0
Esagil,0x120f4,2,0.3607,0.8138,network,0,0
Esagil,0x120f4,3,0.3215,0.642,skeleton,0,0
Esagil,0x120f4,4,0.8273,0.8981,network,0,0
Esagil,0x120f4,5,0.7487,0.7487,network,0,0
Esagil,0x120f4,6,0.0124,0.3916,network,0,0
Esagil,0x120f5,1,0.6174,0.8179,skeleton,0,0
Esagil,0x120f5,2,0.5946,0.8158,skeleton,0,0
Esagil,0x120f6,1,0.5521,0.8618,network,0,0
Esagil,0x120f6,2,0.4951,0.8679,network,0,0
Esagil,0x120f6,3,0.661,0.847,network,0,0
Esagil,0x120f6,4,0.6676,0.8292,network,0,0
Esagil,0x120f6,5,0.5813,0.8497,network,0,0
Esagil,0x120f7,1,0.6406,0.7915,skeleton,0,0
Esagil,0x120f7,2,0.7198,0.777,network,0,0
Esagil,0x120f7,3,0.7988,0.8442,network,0,0
Esagil,0x120f7,4,0.8723,0.9109,skeleton,0,0
Esagil,0x120f7,5,0.7356,0.9241,skeleton,0,0
Esagil,0x120f7,6,0.622,0.622,network,0,0
Esagil,0x120f8,1,0.7337,0.819,skeleton,0,0
Esagil,0x120f8,2,0.0001,0.6753,skeleton,0,0
Esagil,0x120f8,3,0.2431,0.9124,network,0,0
Esagil,0x120f8,4,0.5856,0.8876,skeleton,0,0
Esagil,0x120f8,5,0.6788,0.8688,network,0,0
Esagil,0x120f8,6,0.7659,0.795,network,0,0
Esagil,0x120fb,1,0.0426,0.8625,network,0,0
Esagil,0x120fb,2,0.6549,0.906,network,0,0
Esagil,0x120fb,3,0.0748,0.8828,network,0,0
Esagil,0x120fc,1,0.6758,0.8035,network,0,0
Esagil,0x120fc,2,0.668,0.8454,network,0,0
Esagil,0x120fc,3,0.7742,0.8349,skeleton,0,0
Esagil,0x120fc,4,0.6505,0.862,network,0,0
Esagil,0x120fc,5,0.5865,0.78,network,0,0
Esagil,0x120fc,6,0.0021,0.8454,network,0,0
Esagil,0x120fc,7,0.8193,0.848,network,0,0
Esagil,0x120fc,8,0.4366,0.8895,network,0,0
Esagil,0x120fc,9,0.7925,0.8771,skeleton,0,0
Esagil,0x120fc,10,0.0001,0.7596,network,0,0
Esagil,0x120fd,1,0.6049,0.6049,network,0,0
Esagil,0x120fd,2,0.05,0.8004,skeleton,0,1
Esagil,0x120fd,3,0.5302,0.736,network,0,0
Esagil,0x120fd,4,0.6531,0.721,network,0,0
Esagil,0x120fd,5,0.3921,0.6723,network,0,0
Esagil,0x120fe,1,0.5837,0.8295,skeleton,0,0
Esagil,0x120fe,2,0.5015,0.696,skeleton,0,0
Esagil,0x120fe,3,0.0042,0.4537,network,1,0
Esagil,0x120fe,4,0.6637,0.6637,skeleton,0,0
Esagil,0x120fe,5,0.7889,0.7969,skeleton,0,0
Esagil,0x120fe,6,0.4732,0.777,network,0,0
Esagil,0x12100,1,0.7375,0.7387,network,0,0
Esagil,0x12100,2,0.5808,0.8295,network,0,0
Esagil,0x12100,3,0.0052,0.8732,network,0,0
Esagil,0x12100,4,0.1518,0.9093,network,0,0
Esagil,0x12100,5,0.6567,0.6567,skeleton,0,0
Esagil,0x12100,6,0.8225,0.8347,network,0,0
Esagil,0x12100,7,0.7866,0.7866,network,0,0
Esagil,0x12100,8,0.6451,0.7379,skeleton,0,0
Esagil,0x12103,1,0.616,0.8019,network,0,0
Esagil,0x12103,2,0.4634,0.6114,network,0,0
Esagil,0x12103,3,0.1432,0.8749,network,0,0
Esagil,0x12103,4,0.4258,0.7725,skeleton,0,0
Esagil,0x12103,5,0.4902,0.7817,network,0,0
Esagil,0x12103,6,0.3059,0.5098,network,1,0
Esagil,0x12103,7,0.7853,0.7947,network,0,0
Esagil,0x12103,8,0.6156,0.867,network,0,0
Esagil,0x12104,1,0.6465,0.7527,skeleton,0,0
Esagil,0x12104,2,0.05,0.7766,skeleton,0,1
Esagil,0x12104,3,0.7746,0.8449,network,0,0
Esagil,0x12104,4,0.6348,0.9365,network,0,0
Esagil,0x12104,5,0.034,0.6885,network,0,0
Esagil,0x12104,6,0.6817,0.7947,network,0,0
Esagil,0x12104,7,0.0052,0.8808,network,0,0
Esagil,0x12104,8,0.0132,0.8292,network,0,0
Esagil,0x12104,9,0.0154,0.6843,skeleton,0,0
Esagil,0x12104,10,0.7368,0.7368,skeleton,0,0
Esagil,0x12104,11,0.6509,0.7233,skeleton,0,0
Esagil,0x12104,12,0.0001,0.7592,network,0,1
Esagil,0x12107,1,0.7773,0.8069,network,0,0
Esagil,0x12107,2,0.6325,0.7621,skeleton,0,0
Esagil,0x12107,3,0.7029,0.9002,network,0,0
Esagil,0x12107,4,0.7424,0.8368,network,0,0
Esagil,0x12107,5,0.7638,0.8702,network,0,0
Esagil,0x12107,6,0.5453,0.8601,network,0,0
Esagil,0x12107,7,0.6174,0.7038,network,0,0
Esagil,0x12107,8,0.7638,0.888,network,0,0
Esagil,0x12107,9,0.0019,0.4417,network,0,0
Esagil,0x12107,10,0.3865,0.8601,skeleton,0,0
Esagil,0x12107,11,0.7078,0.7827,network,0,0
Esagil,0x12108,1,0.0389,0.707,skeleton,0,0
Esagil,0x12108,2,0.5429,0.6379,network,0,0
Esagil,0x12108,3,0.4275,0.8888,network,0,0
Esagil,0x12108,4,0.5955,0.836,network,0,0
Esagil,0x1210a,1,0.7082,0.7773,network,0,0
Esagil,0x1210a,2,0.7708,0.9294,network,0,0
Esagil,0x1210a,3,0.0059,0.7966,network,0,0
Esagil,0x1210a,4,0.0012,0.7106,skeleton,0,0
Esagil,0x1210a,5,0.0018,0.7046,skeleton,0,0
Esagil,0x1210a,6,0.6593,0.8117,skeleton,0,0
Esagil,0x1210b,1,0.6906,0.8196,network,0,0
Esagil,0x1210b,2,0.6906,0.8397,network,0,0
Esagil,0x1210b,3,0.6851,0.7725,network,0,0
Esagil,0x1210b,4,0.2707,0.7701,network,0,0
Esagil,0x1210b,5,0.0054,0.7368,network,0,0
Esagil,0x1210b,6,0.6192,0.925,network,0,0
Esagil,0x1210b,7,0.7264,0.7889,network,0,0
Esagil,0x1210b,8,0.8041,0.8796,skeleton,0,0
Esagil,0x1210b,9,0.3255,0.7899,network,0,0
Esagil,0x1210b,10,0.7368,0.8907,network,0,0
Esagil,0x1210b,11,0.6518,0.8434,network,0,0
Esagil,0x1210b,12,0.6478,0.7827,network,0,0
Esagil,0x12111,1,0.5808,0.7746,network,0,0
Esagil,0x12111,2,0.596,0.7221,network,0,0
Esagil,0x12111,3,0.4805,0.4805,network,0,0
Esagil,0x12112,1,0.0215,0.8648,network,0,0
Esagil,0x12112,2,0.6188,0.7694,network,0,0
Esagil,0x12112,3,0.0008,0.7912,network,0,0
Esagil,0x12112,4,0.0034,0.7487,skeleton,0,0
Esagil,0x12112,5,0.39,0.8955,network,0,0
Esagil,0x12112,6,0.7599,0.8732,network,0,0
Esagil,0x12115,1,0.6984,0.7276,network,0,0
Esagil,0x12115,2,0.0001,0.8228,skeleton,0,0
Esagil,0x12116,1,0.0003,0.8719,network,0,0
Esagil,0x12116,2,0.784,0.8652,network,0,0
Esagil,0x12116,3,0.6749,0.8706,network,0,0
Esagil,0x12116,4,0.7638,0.8899,skeleton,0,0
Esagil,0x12116,5,0.7353,0.7465,network,0,0
Esagil,0x12116,6,0.6766,0.9205,network,0,0
Esagil,0x12117,1,0.7233,0.7472,network,0,0
Esagil,0x12117,2,0.7592,0.8026,network,0,0
Esagil,0x12117,3,0.4722,0.8026,network,0,0
Esagil,0x12117,4,0.6379,0.8196,network,0,0
Esagil,0x12117,5,0.622,0.7783,network,0,0
Esagil,0x12117,6,0.5851,0.8129,skeleton,0,0
Esagil,0x12117,7,0.6964,0.6964,network,0,0
Esagil,0x12117,8,0.7756,0.7817,network,0,0
Esagil,0x12117,9,0.7756,0.8114,network,0,0
Esagil,0x12117,10,0.5983,0.8368,network,0,0
Esagil,0x12118,1,0.6663,0.8824,skeleton,0,0
Esagil,0x12118,2,0.6169,0.8281,skeleton,0,0
Esagil,0x12118,3,0.5414,0.8745,skeleton,0,0
Esagil,0x12118,4,0.4199,0.9325,network,0,0
Esagil,0x12118,5,0.5458,0.5458,network,0,0
Esagil,0x12118,6,0.4349,0.7866,network,0,0
Esagil,0x12118,7,0.4795,0.8495,network,0,0
Esagil,0x12119,1,0.4237,0.8903,skeleton,0,0
Esagil,0x12119,2,0.6864,0.8684,skeleton,0,0
Esagil,0x12119,3,0.665,0.939,network,0,0
Esagil,0x12119,4,0.5851,0.9346,network,0,0
Esagil,0x12119,5,0.5732,0.7487,network,0,0
Esagil,0x12119,6,0.4557,0.7607,network,0,0
Esagil,0x12119,7,0.3022,0.781,network,0,0
Esagil,0x12119,8,0.5341,0.8749,network,0,0
Esagil,0x12119,9,0.5974,0.7937,network,0,0
Esagil,0x12119,10,0.7763,0.9053,network,0,0
Esagil,0x1211b,1,0.6456,0.8844,skeleton,0,0
Esagil,0x1211b,2,0.6132,0.8413,skeleton,0,0
Esagil,0x1211b,3,0.4417,0.9196,network,0,0
Esagil,0x1211b,4,0.5024,0.8679,skeleton,0,0
Esagil,0x1211b,5,0.587,0.6868,network,0,0
Esagil,0x1211b,6,0.0119,0.7918,network,0,0
Esagil,0x1211b,7,0.2431,0.7896,network,0,0
Esagil,0x1211b,8,0.6067,0.8347,skeleton,0,0
Esagil,0x1211b,9,0.6536,0.8262,skeleton,0,0
Esagil,0x1211b,10,0.661,0.711,network,0,0
Esagil,0x1211b,11,0.7158,0.7158,network,0,0
Esagil,0x1211b,12,0.7889,0.7889,network,0,0
Esagil,0x1211b,13,0.8303,0.8303,network,0,0
Esagil,0x1211e,1,0.5039,0.7237,network,0,0
Esagil,0x1211e,2,0.5039,0.6575,network,0,0
Esagil,0x1211e,3,0.0001,0.8196,network,0,0
Esagil,0x1211e,4,0.7001,0.8368,network,0,0
Esagil,0x1211e,5,0.622,0.9244,network,0,0
Esagil,0x12120,1,0.6284,0.7691,network,0,0
Esagil,0x12120,2,0.4005,0.6943,network,0,0
Esagil,0x12120,3,0.7237,0.8236,skeleton,0,0
Esagil,0x12120,4,0.6252,0.7307,network,0,0
Esagil,0x12120,5,0.6252,0.7038,network,0,0
Esagil,0x12120,6,0.0001,0.8546,skeleton,0,0
Esagil,0x12120,7,0.3732,0.8948,network,0,0
Esagil,0x12122,1,0.433,0.7925,network,0,0
Esagil,0x12122,2,0.4625,0.8202,network,0,0
Esagil,0x12122,3,0.6077,0.7017,network,0,0
Esagil,0x12122,4,0.6238,0.8594,network,0,0
Esagil,0x12122,5,0.6753,0.7963,network,0,0
Esagil,0x12122,6,0.4012,0.6834,skeleton,0,0
Esagil,0x12122,7,0.4625,0.8608,network,0,0
Esagil,0x12122,8,0.7585,0.8684,network,0,0
Esagil,0x12123,1,0.61,0.7417,network,0,0
Esagil,0x12123,2,0.539,0.7186,network,0,0
Esagil,0x12123,3,0.4644,0.8072,network,0,0
Esagil,0x12123,4,0.4251,0.7398,skeleton,0,0
Esagil,0x12123,5,0.3746,0.8485,network,0,0
Esagil,0x12123,6,0.1816,0.3026,skeleton,1,0
Esagil,0x12124,1,0.6697,0.8041,network,0,0
Esagil,0x12124,2,0.7194,0.8062,network,0,0
Esagil,0x12124,3,0.7574,0.8661,network,0,0
Esagil,0x12124,4,0.627,0.8779,skeleton,0,0
Esagil,0x12124,5,0.481,0.7527,network,0,0
Esagil,0x12124,6,0.4158,0.8578,network,0,0
Esagil,0x12124,7,0.3743,0.905,network,0,0
Esagil,0x12124,8,0.0517,0.9033,network,0,0
Esagil,0x12124,9,0.3835,0.9548,network,0,0
Esagil,0x12125,1,0.5176,0.6429,network,0,0
Esagil,0x12125,2,0.5176,0.52,network,0,0
Esagil,0x12125,3,0.0005,0.7194,network,0,0
Esagil,0x12125,4,0.0002,0.7739,network,0,0
Esagil,0x12126,1,0.7217,0.781,skeleton,0,0
Esagil,0x12126,2,0.1922,0.7718,network,0,0
Esagil,0x12126,3,0.7856,0.9137,skeleton,0,0
Esagil,0x12126,4,0.5015,0.8634,skeleton,0,0
Esagil,0x12126,5,0.0,0.68,network,0,1
Esagil,0x12126,6,0.6741,0.7194,network,0,0
Esagil,0x12126,7,0.7314,0.8084,network,0,0
Esagil,0x12126,8,0.7341,0.7691,network,0,0
Esagil,0x12126,9,0.0337,0.784,network,0,0
Esagil,0x12126,10,0.595,0.7326,network,0,0
Esagil,0x12126,11,0.0031,0.5409,network,1,0
Esagil,0x12127,1,0.5293,0.7621,skeleton,0,0
Esagil,0x12127,2,0.4615,0.7221,network,0,0
Esagil,0x12127,3,0.7326,0.8387,network,0,0
Esagil,0x12127,4,0.0037,0.7998,network,0,0
Esagil,0x12127,5,0.0402,0.9176,network,0,0
Esagil,0x12127,6,0.0144,0.4206,network,1,0
Esagil,0x12127,7,0.0698,0.3232,network,0,0
Esagil,0x12129,1,0.6783,0.8038,network,0,0
Esagil,0x12129,2,0.0282,0.8597,network,0,0
Esagil,0x12129,3,0.7677,0.8352,network,0,0
Esagil,0x12129,4,0.6132,0.7915,network,0,0
Esagil,0x12129,5,0.4751,0.8679,skeleton,0,0
Esagil,0x12129,6,0.6715,0.9033,network,0,0
Esagil,0x1212b,1,0.711,0.8059,network,0,0
Esagil,0x1212b,2,0.0104,0.8164,network,0,0
Esagil,0x1212b,3,0.6348,0.7621,network,0,0
Esagil,0x1212b,4,0.6348,0.8339,skeleton,0,0
Esagil,0x1212b,5,0.7318,0.8007,network,0,0
Esagil,0x1212b,6,0.5665,0.8256,network,0,0
Esagil,0x1212b,7,0.8062,0.8062,network,0,0
Esagil,0x1212b,8,0.0226,0.7122,skeleton,0,0
Esagil,0x1212b,9,0.0001,0.8816,network,0,0
Esagil,0x1212c,1,0.6693,0.8149,network,0,0
Esagil,0x1212c,2,0.6384,0.7066,network,0,0
Esagil,0x1212d,1,0.3937,0.7491,network,0,0
Esagil,0x1212d,2,0.6813,0.8087,network,0,0
Esagil,0x1212d,3,0.002,0.8922,network,0,0
Esagil,0x1212d,4,0.4971,0.8926,network,0,0
Esagil,0x1212e,1,0.3489,0.6779,network,0,0
Esagil,0x1212e,2,0.6257,0.8868,network,0,0
Esagil,0x1212e,3,0.5166,0.9019,network,0,0
Esagil,0x1212e,4,0.4472,0.7524,network,0,0
Esagil,0x1212e,5,0.5312,0.7732,network,0,0
Esagil,0x1212f,1,0.0277,0.8184,network,0,0
Esagil,0x1212f,2,0.8233,0.8284,network,0,0
Esagil,0x1212f,3,0.0859,0.827,network,0,0
Esagil,0x1212f,4,0.501,0.7498,skeleton,0,0
Esagil,0x1212f,5,0.6465,0.7725,network,0,0
Esagil,0x1212f,6,0.7256,0.7256,network,0,0
Esagil,0x1212f,7,0.05,0.5438,network,0,1
Esagil,0x1212f,8,0.0004,0.7268,network,0,0
Esagil,0x12130,1,0.3251,0.696,network,0,0
Esagil,0x12130,2,0.6243,0.8395,network,0,0
Esagil,0x12130,3,0.0009,0.9067,network,0,0
Esagil,0x12130,4,0.4135,0.7677,network,0,0
Esagil,0x12130,5,0.1439,0.8339,network,0,0
Esagil,0x12132,1,0.6838,0.8358,network,0,0
Esagil,0x12132,2,0.4966,0.7793,network,0,0
Esagil,0x12132,3,0.4995,0.9137,network,0,0
Esagil,0x12132,4,0.539,0.9365,network,0,0
Esagil,0x12132,5,0.539,0.665,network,0,0
Esagil,0x12132,6,0.54,0.7953,network,0,0
Esagil,0x12132,7,0.6558,0.8182,network,0,0
Esagil,0x12134,1,0.7409,0.7853,network,0,0
Esagil,0x12134,2,0.6792,0.84,skeleton,0,0
Esagil,0x12134,3,0.5732,0.8225,network,0,0
Esagil,0x12134,4,0.6758,0.7866,network,0,0
Esagil,0x12134,5,0.7538,0.7947,network,0,0
Esagil,0x12134,6,0.8149,0.8449,network,0,0
Esagil,0x12134,7,0.1988,0.805,skeleton,0,0
Esagil,0x12134,8,0.6384,0.7694,network,0,0
Esagil,0x12134,9,0.6918,0.7082,network,0,0
Esagil,0x12135,1,0.4776,0.7237,network,0,0
Esagil,0x12135,2,0.7509,0.8573,network,0,0
Esagil,0x12135,3,0.0205,0.9191,network,0,0
Esagil,0x12135,4,0.3965,0.8053,network,0,0
Esagil,0x12135,5,0.5463,0.8099,network,0,0
Esagil,0x12135,6,0.6429,0.7715,network,0,0
Esagil,0x12135,7,0.3242,0.9033,network,0,0
Esagil,0x12135,8,0.566,0.8891,network,0,0
Esagil,0x12137,1,0.2783,0.7902,skeleton,0,0
Esagil,0x12137,2,0.0002,0.8213,network,0,0
Esagil,0x12137,3,0.5808,0.8022,network,0,0
Esagil,0x12138,1,0.7134,0.7134,skeleton,0,0
Esagil,0x12138,2,0.0003,0.8281,network,0,0
Esagil,0x12138,3,0.0034,0.851,skeleton,0,0
Esagil,0x12138,4,0.3652,0.8044,network,0,0
Esagil,0x12138,5,0.4381,0.7356,skeleton,0,0
Esagil,0x12138,6,0.0055,0.7241,network,1,0
Esagil,0x12138,7,0.6243,0.8507,network,0,0
Esagil,0x1213d,1,0.5689,0.841,network,0,0
Esagil,0x1213d,2,0.4242,0.8347,skeleton,0,0
Esagil,0x1213d,3,0.5583,0.8959,skeleton,0,0
Esagil,0x1213d,4,0.4829,0.8287,network,0,0
Esagil,0x1213d,5,0.0144,0.9134,network,0,0
Esagil,0x1213d,6,0.0176,0.8044,skeleton,0,0
Esagil,0x1213d,7,0.5689,0.8787,network,0,0
Esagil,0x1213d,8,0.5665,0.7827,skeleton,0,0
Esagil,0x1213d,9,0.0,0.4118,network,1,0
Esagil,0x1213d,10,0.6868,0.726,network,0,0
Esagil,0x1213e,1,0.6081,0.8344,skeleton,0,0
Esagil,0x1213e,2,0.7484,0.7484,network,0,0
Esagil,0x1213e,3,0.1567,0.8078,network,0,0
Esagil,0x1213e,4,0.7229,0.8554,network,0,0
Esagil,0x1213e,5,0.6897,0.8117,network,0,0
Esagil,0x1213e,6,0.7491,0.8311,network,0,0
Esagil,0x1213e,7,0.7502,0.8475,network,0,0
Esagil,0x1213e,8,0.6817,0.8442,network,0,0
Esagil,0x1213f,1,0.6922,0.823,network,0,0
Esagil,0x1213f,2,0.6487,0.8522,skeleton,0,0
Esagil,0x1213f,3,0.7934,0.8551,network,0,0
Esagil,0x1213f,4,0.7221,0.8219,network,0,0
Esagil,0x1213f,5,0.61,0.8087,network,0,0
Esagil,0x12140,1,0.6482,0.795,skeleton,0,0
Esagil,0x12140,2,0.6482,0.8233,network,0,0
Esagil,0x12140,3,0.6465,0.761,network,0,0
Esagil,0x12140,4,0.6137,0.8069,network,0,0
Esagil,0x12140,5,0.6442,0.7729,skeleton,0,0
Esagil,0x12140,6,0.001,0.8208,network,0,0
Esagil,0x12140,7,0.7402,0.7574,network,0,0
Esagil,0x12140,8,0.5122,0.8256,network,0,0
Esagil,0x12141,1,0.6361,0.8573,skeleton,0,0
Esagil,0x12141,2,0.6715,0.8783,network,0,0
Esagil,0x12141,3,0.6732,0.8236,network,0,0
Esagil,0x12141,4,0.6796,0.6796,network,0,0
Esagil,0x12141,5,0.7902,0.8259,network,0,0
Esagil,0x12142,1,0.329,0.6465,skeleton,0,0
Esagil,0x12145,1,0.7268,0.728,network,0,0
Esagil,0x12145,2,0.0068,0.7046,network,0,0
Esagil,0x12145,3,0.0514,0.8643,network,0,0
Esagil,0x12145,4,0.0014,0.8355,network,0,0
Esagil,0x12145,5,0.7033,0.8977,network,0,0
Esagil,0x12145,6,0.4434,0.8771,network,0,0
Esagil,0x12146,1,0.5234,0.5234,network,0,0
Esagil,0x12146,2,0.0002,0.7817,skeleton,0,0
Esagil,0x12146,3,0.537,0.61,network,0,0
Esagil,0x12147,1,0.6676,0.777,network,0,0
Esagil,0x12147,2,0.5818,0.7303,network,0,0
Esagil,0x12147,3,0.427,0.7311,network,0,0
Esagil,0x12147,4,0.5278,0.8245,skeleton,0,0
Esagil,0x12147,5,0.6575,0.8084,network,0,0
Esagil,0x12147,6,0.0005,0.9146,network,0,0
Esagil,0x12147,7,0.522,0.8426,network,0,0
Esagil,0x12147,8,0.68,0.9067,network,0,0
Esagil,0x12147,9,0.6522,0.8001,network,0,0
Esagil,0x12148,1,0.5492,0.7803,network,0,0
Esagil,0x12148,2,0.6261,0.9252,skeleton,0,0
Esagil,0x12148,3,0.6197,0.7284,network,0,0
Esagil,0x12148,4,0.0005,0.8126,network,0,0
Esagil,0x12148,5,0.5699,0.8303,network,0,0
Esagil,0x12148,6,0.7564,0.85,network,0,0
Esagil,0x12148,7,0.5024,0.8899,network,0,0
Esagil,0x12148,8,0.7142,0.7578,network,0,0
Esagil,0x1214a,1,0.6192,0.7905,network,0,0
Esagil,0x1214a,2,0.671,0.7701,network,0,0
Esagil,0x1214a,3,0.5361,0.7687,skeleton,0,0
Esagil,0x1214a,4,0.04,0.6897,network,0,0
Esagil,0x1214a,5,0.0,0.5846,network,1,0
Esagil,0x1214a,6,0.6693,0.7896,network,0,0
Esagil,0x1214a,7,0.6997,0.823,skeleton,0,0
Esagil,0x1214b,1,0.6343,0.8317,network,0,0
Esagil,0x1214b,2,0.6567,0.7698,skeleton,0,0
Esagil,0x1214b,3,0.05,0.7417,network,0,1
Esagil,0x1214b,4,0.4097,0.6805,network,0,0
Esagil,0x1214b,5,0.5827,0.862,network,0,0
Esagil,0x1214b,6,0.6931,0.6931,network,0,0
Esagil,0x1214b,7,0.5732,0.886,skeleton,0,0
Esagil,0x1214b,8,0.6536,0.8184,network,0,0
Esagil,0x1214d,1,0.5132,0.8314,skeleton,0,0
Esagil,0x1214d,2,0.393,0.7715,network,0,0
Esagil,0x1214d,3,0.767,0.8606,network,0,0
Esagil,0x1214d,4,0.0006,0.9096,network,0,0
Esagil,0x1214d,5,0.0002,0.3471,network,1,0
Esagil,0x1214d,6,0.0265,0.7876,network,0,0
Esagil,0x1214d,7,0.6575,0.6575,skeleton,0,0
Esagil,0x1214d,8,0.0007,0.7807,network,0,0
Esagil,0x1214d,9,0.2029,0.8775,network,0,0
Esagil,0x1214d,10,0.6091,0.6997,skeleton,0,0
Esagil,0x1214d,11,0.6914,0.7756,network,0,0
Esagil,0x1214d,12,0.0038,0.8087,network,0,0
Esagil,0x1214d,13,0.05,0.8222,network,0,1
Esagil,0x1214e,1,0.346,0.6779,network,0,0
Esagil,0x1214e,2,0.7535,0.8592,network,0,0
Esagil,0x1214e,3,0.0179,0.8918,network,0,0
Esagil,0x1214e,4,0.1495,0.8311,network,0,0
Esagil,0x1214e,5,0.5675,0.7712,network,0,0
Esagil,0x1214e,6,0.6637,0.8554,network,0,0
Esagil,0x1214e,7,0.0014,0.8876,network,0,0
Esagil,0x12154,1,0.6732,0.8745,network,0,0
Esagil,0x12154,2,0.8306,0.931,network,0,0
Esagil,0x12154,3,0.7972,0.8697,network,0,0
Esagil,0x12154,4,0.409,0.8515,network,0,0
Esagil,0x12154,5,0.7925,0.7925,network,0,0
Esagil,0x12154,6,0.6357,0.8477,network,0,0
Esagil,0x12154,7,0.6142,0.8382,network,0,0
Esagil,0x12154,8,0.6142,0.7947,network,0,0
Esagil,0x12155,1,0.7307,0.7364,skeleton,0,0
Esagil,0x12155,2,0.8141,0.8643,network,0,0
Esagil,0x12155,3,0.5283,0.9214,network,0,0
Esagil,0x12155,4,0.4732,0.9392,skeleton,0,0
Esagil,0x12156,1,0.6864,0.7527,network,0,0
Esagil,0x12156,2,0.6775,0.8824,network,0,0
Esagil,0x12156,3,0.2101,0.8532,network,0,0
Esagil,0x12156,4,0.6951,0.7447,network,0,0
Esagil,0x12156,5,0.0013,0.7691,network,0,0
Esagil,0x12157,1,0.6151,0.7963,network,0,0
Esagil,0x12157,2,0.6146,0.7691,network,0,0
Esagil,0x12157,3,0.3798,0.809,network,0,0
Esagil,0x12157,4,0.6976,0.6976,network,0,0
Esagil,0x12157,5,0.4076,0.8275,network,0,0
Esagil,0x12157,6,0.5492,0.7736,skeleton,0,0
Esagil,0x12157,7,0.683,0.683,network,0,0
Esagil,0x12158,1,0.3963,0.8325,network,0,0
Esagil,0x12158,2,0.5103,0.8035,network,0,0
Esagil,0x12158,3,0.1609,0.8173,network,0,0
Esagil,0x12158,4,0.6451,0.7146,skeleton,0,0
Esagil,0x12158,5,0.5385,0.7773,skeleton,0,0
Esagil,0x12158,6,0.668,0.668,skeleton,0,0
Esagil,0x12158,7,0.5997,0.8702,network,0,0
Esagil,0x12158,8,0.3695,0.8546,network,0,0
Esagil,0x12158,9,0.0115,0.5414,network,0,0
Esagil,0x12158,10,0.7364,0.7715,network,0,0
Esagil,0x1215c,1,0.3576,0.8216,network,0,0
Esagil,0x1215c,2,0.6348,0.8239,network,0,0
Esagil,0x1215c,3,0.3718,0.8306,network,0,0
Esagil,0x1215c,4,0.5784,0.5784,network,0,0
Esagil,0x1215c,5,0.05,0.7405,skeleton,0,1
Esagil,0x1215c,6,0.6289,0.6562,skeleton,0,0
Esagil,0x1215c,7,0.4073,0.7038,network,0,0
Esagil,0x1215c,8,0.0111,0.7225,network,1,0
Esagil,0x1215c,9,0.7447,0.8222,network,0,0
Esagil,0x12161,1,0.4518,0.8239,network,0,0
Esagil,0x12161,2,0.4005,0.8138,network,0,0
Esagil,0x12161,3,0.4912,0.7985,network,0,0
Esagil,0x12161,4,0.566,0.709,skeleton,0,0
Esagil,0x12161,5,0.05,0.8556,skeleton,0,1
Esagil,0x12161,6,0.6736,0.7708,skeleton,0,0
Esagil,0x12161,7,0.0,0.8634,network,0,0
Esagil,0x12161,8,0.7817,0.9199,network,0,0
Esagil,0x12161,9,0.5142,0.8287,network,0,0
Esagil,0x12161,10,0.5492,0.847,network,0,0
Esagil,0x12161,11,0.8693,0.8828,network,0,0
Esagil,0x12161,12,0.696,0.8911,network,0,0
Esagil,0x12161,13,0.7106,0.8256,network,0,0
Esagil,0x12164,1,0.405,0.7649,network,0,0
Esagil,0x12164,2,0.5894,0.785,network,0,0
Esagil,0x12164,3,0.145,0.8328,network,0,0
Esagil,0x12164,4,0.6016,0.6491,network,0,0
Esagil,0x12164,5,0.4932,0.6951,skeleton,0,0
Esagil,0x12164,6,0.6602,0.768,skeleton,0,0
Esagil,0x12164,7,0.6728,0.897,network,0,0
Esagil,0x12164,8,0.4533,0.8615,network,0,0
Esagil,0x12164,9,0.3482,0.7982,skeleton,0,0
Esagil,0x12164,10,0.6658,0.9305,network,0,0
Esagil,0x12164,11,0.7766,0.9504,network,0,0
Esagil,0x12164,12,0.0083,0.939,network,0,0
Esagil,0x12164,13,0.7345,0.8096,network,0,0
Esagil,0x12165,1,0.462,0.8059,network,0,0
Esagil,0x12165,2,0.5775,0.8132,network,0,0
Esagil,0x12165,3,0.1543,0.8179,network,0,0
Esagil,0x12165,4,0.5775,0.7098,skeleton,0,0
Esagil,0x12165,5,0.4586,0.8423,network,0,0
Esagil,0x12165,6,0.6676,0.7516,skeleton,0,0
Esagil,0x12165,7,0.5993,0.9109,network,0,0
Esagil,0x12165,8,0.7154,0.9222,network,0,0
Esagil,0x12165,9,0.7345,0.925,network,0,0
Esagil,0x12165,10,0.7394,0.8093,network,0,0
Esagil,0x12172,1,0.3723,0.805,network,0,0
Esagil,0x12172,2,0.4038,0.8392,network,0,0
Esagil,0x12172,3,0.4443,0.785,network,0,0
Esagil,0x12172,4,0.6243,0.6758,network,0,0
Esagil,0x12172,5,0.05,0.7094,skeleton,0,1
Esagil,0x12172,6,0.4135,0.4135,network,0,0
Esagil,0x12172,7,0.1569,0.83,network,0,0
Esagil,0x12172,8,0.2908,0.8679,network,0,0
Esagil,0x12172,9,0.6482,0.7186,network,0,0
Esagil,0x12172,10,0.6619,0.7046,skeleton,0,0
Esagil,0x12172,11,0.5463,0.8485,skeleton,0,0
Esagil,0x12172,12,0.8213,0.8325,network,0,0
Esagil,0x12172,13,0.7753,0.9384,network,0,0
Esagil,0x12172,14,0.6035,0.8065,network,0,0
Esagil,0x12172,15,0.3151,0.9374,network,0,0
Esagil,0x12172,16,0.7042,0.8507,network,0,0
Esagil,0x12174,1,0.4311,0.8149,network,0,0
Esagil,0x12174,2,0.6229,0.825,network,0,0
Esagil,0x12174,3,0.4111,0.8303,network,0,0
Esagil,0x12174,4,0.5655,0.5655,skeleton,0,0
Esagil,0x12174,5,0.5059,0.7931,skeleton,0,0
Esagil,0x12174,6,0.3482,0.8069,skeleton,0,0
Esagil,0x12174,7,0.5917,0.8517,network,0,0
Esagil,0x12174,8,0.4321,0.8184,network,0,0
Esagil,0x12174,9,0.726,0.7287,network,0,0
Esagil,0x1217b,1,0.1082,0.8262,network,0,0
Esagil,0x1217b,2,0.5039,0.8233,network,0,0
Esagil,0x1217b,3,0.3951,0.8123,network,0,0
Esagil,0x1217b,4,0.5993,0.6016,network,0,0
Esagil,0x1217b,5,0.5969,0.7715,skeleton,0,0
Esagil,0x1217b,6,0.6257,0.6637,skeleton,0,0
Esagil,0x1217b,7,0.6706,0.8554,skeleton,0,0
Esagil,0x1217b,8,0.8117,0.8328,network,0,0
Esagil,0x1217b,9,0.6885,0.8084,network,0,0
Esagil,0x1217b,10,0.7607,0.7607,network,0,0
Esagil,0x1217b,11,0.7985,0.8891,network,0,0
Esagil,0x1217b,12,0.7368,0.787,network,0,0
Esagil,0x1217e,1,0.461,0.8216,network,0,0
Esagil,0x1217e,2,0.4419,0.8366,network,0,0
Esagil,0x1217e,3,0.463,0.8421,network,0,0
Esagil,0x1217e,4,0.5808,0.6758,network,0,0
Esagil,0x1217e,5,0.4917,0.7443,network,0,0
Esagil,0x1217e,6,0.05,0.907,network,0,1
Esagil,0x1217e,7,0.6105,0.6339,skeleton,0,0
Esagil,0x1217e,8,0.6918,0.7334,skeleton,0,0
Esagil,0x1217e,9,0.7708,0.9067,network,0,0
Esagil,0x1217e,10,0.8771,0.8937,network,0,0
Esagil,0x1217e,11,0.8771,0.9164,network,0,0
Esagil,0x1217e,12,0.8267,0.9124,network,0,0
Esagil,0x1217e,13,0.7435,0.8141,network,0,0
Esagil,0x12183,1,0.0298,0.8331,network,0,0
Esagil,0x12183,2,0.5521,0.7941,network,0,0
Esagil,0x12183,3,0.3882,0.8379,network,0,0
Esagil,0x12183,4,0.6474,0.6474,skeleton,0,0
Esagil,0x12183,5,0.05,0.7082,skeleton,0,1
Esagil,0x12183,6,0.6002,0.7461,skeleton,0,0
Esagil,0x12183,7,0.05,0.6316,skeleton,0,1
Esagil,0x12183,8,0.5215,0.8937,skeleton,0,0
Esagil,0x12183,9,0.817,0.817,network,0,0
Esagil,0x12183,10,0.7652,0.914,network,0,0
Esagil,0x12183,11,0.7957,0.8868,network,0,0
Esagil,0x12183,12,0.7154,0.8287,network,0,0
Esagil,0x1218d,1,0.0471,0.8013,network,0,0
Esagil,0x1218d,2,0.6053,0.7649,network,0,0
Esagil,0x1218d,3,0.522,0.7803,network,0,0
Esagil,0x1218d,4,0.0005,0.8988,network,0,0
Esagil,0x1218d,5,0.4829,0.8022,network,0,0
Esagil,0x1218d,6,0.0062,0.8611,network,0,0
Esagil,0x1218d,7,0.7729,0.8758,skeleton,0,0
Esagil,0x1218d,8,0.539,0.8828,network,0,0
Esagil,0x1218f,1,0.7134,0.7134,skeleton,0,0
Esagil,0x1218f,2,0.0003,0.8281,network,0,0
Esagil,0x1218f,3,0.0034,0.851,skeleton,0,0
Esagil,0x1218f,4,0.3652,0.8044,network,0,0
Esagil,0x1218f,5,0.4381,0.7356,skeleton,0,0
Esagil,0x1218f,6,0.0055,0.7241,network,1,0
Esagil,0x1218f,7,0.6243,0.8507,network,0,0
Esagil,0x12190,1,0.6248,0.781,network,0,0
Esagil,0x12190,2,0.7435,0.7439,network,0,0
Esagil,0x12190,3,0.7138,0.8457,skeleton,0,0
Esagil,0x12190,4,0.5545,0.8762,network,0,0
Esagil,0x12195,1,0.7138,0.8888,network,0,0
Esagil,0x12195,2,0.7314,0.862,network,0,0
Esagil,0x12195,3,0.2557,0.7094,skeleton,0,0
Esagil,0x12197,1,0.707,0.8344,network,0,0
Esagil,0x12197,2,0.7439,0.8556,network,0,0
Esagil,0x12197,3,0.8213,0.8933,network,0,0
Esagil,0x12197,4,0.8081,0.8392,network,0,0
Esagil,0x12197,5,0.4516,0.8439,skeleton,0,0
Esagil,0x12197,6,0.7513,0.8852,network,0,0
Esagil,0x12198,1,0.3655,0.3655,skeleton,0,0
Esagil,0x12198,2,0.1142,0.646,skeleton,0,0
Esagil,0x12198,3,0.8152,0.8652,network,0,0
Esagil,0x12198,4,0.8832,0.9241,network,0,0
Esagil,0x12198,5,0.2711,0.8529,skeleton,0,0
Esagil,0x12198,6,0.0002,0.6906,network,1,0
Esagil,0x12198,7,0.4516,0.8783,network,0,0
Esagil,0x12198,8,0.7902,0.8613,network,0,0
Esagil,0x1219a,1,0.5521,0.8618,network,0,0
Esagil,0x1219a,2,0.4951,0.8679,network,0,0
Esagil,0x1219a,3,0.661,0.847,network,0,0
Esagil,0x1219a,4,0.6676,0.8292,network,0,0
Esagil,0x1219a,5,0.5813,0.8497,network,0,0
Esagil,0x1219b,1,0.6429,0.8219,skeleton,0,0
Esagil,0x1219b,2,0.6429,0.7538,skeleton,0,0
Esagil,0x1219b,3,0.5694,0.7585,network,0,0
Esagil,0x1219b,4,0.6044,0.7599,network,0,0
Esagil,0x1219b,5,0.6248,0.7509,network,0,0
Esagil,0x1219b,6,0.1003,0.7182,network,0,0
Esagil,0x1219b,7,0.7158,0.78,network,0,0
Esagil,0x1219b,8,0.0749,0.7817,network,0,0
Esagil,0x1219b,9,0.7524,0.7585,network,0,0
Esagil,0x1219b,10,0.8314,0.9002,network,0,0
Esagil,0x1219b,11,0.4251,0.9099,network,0,0
Esagil,0x1219b,12,0.5317,0.8732,network,0,0
Esagil,0x1219c,1,0.0087,0.8132,network,0,0
Esagil,0x1219c,2,0.2075,0.7729,skeleton,0,0
Esagil,0x1219c,3,0.2075,0.7853,skeleton,0,0
Esagil,0x1219c,4,0.0177,0.786,network,0,0
Esagil,0x1219f,1,0.632,0.7599,network,0,0
Esagil,0x1219f,2,0.7106,0.8152,network,0,0
Esagil,0x1219f,3,0.5751,0.8981,network,0,0
Esagil,0x1219f,4,0.6658,0.8336,network,0,0
Esagil,0x1219f,5,0.5631,0.8629,skeleton,0,0
Esagil,0x1219f,6,0.4664,0.8344,network,0,0
Esagil,0x1219f,7,0.0046,0.8126,network,0,0
Esagil,0x1219f,8,0.7146,0.8193,network,0,0
Esagil,0x1219f,9,0.5088,0.8824,skeleton,0,0
Esagil,0x1219f,10,0.5088,0.8176,skeleton,0,0
Esagil,0x1219f,11,0.603,0.603,network,0,0
Esagil,0x121a0,1,0.6433,0.8019,network,0,0
Esagil,0x121a0,2,0.4309,0.8719,skeleton,0,0
Esagil,0x121a0,3,0.6758,0.84,network,0,0
Esagil,0x121a0,4,0.6261,0.8736,network,0,0
Esagil,0x121a0,5,0.6914,0.7909,skeleton,0,0
Esagil,0x121a0,6,0.5472,0.8771,network,0,0
Esagil,0x121a0,7,0.7082,0.7082,network,0,0
Esagil,0x121a1,1,0.5559,0.8075,network,0,0
Esagil,0x121a1,2,0.671,0.8629,network,0,0
Esagil,0x121a1,3,0.373,0.8322,network,0,0
Esagil,0x121a1,4,0.7513,0.8675,network,0,0
Esagil,0x121a1,5,0.7058,0.8561,network,0,0
Esagil,0x121a1,6,0.6619,0.8796,skeleton,0,0
Esagil,0x121a1,7,0.7186,0.8278,network,0,0
Esagil,0x121a1,8,0.3042,0.8193,network,0,0
Esagil,0x121a1,9,0.7206,0.7206,network,0,0
Esagil,0x121a4,1,0.6496,0.8515,network,0,0
Esagil,0x121a4,2,0.6667,0.7766,network,0,0
Esagil,0x121a4,3,0.8233,0.9105,network,0,0
Esagil,0x121a4,4,0.8423,0.9143,network,0,0
Esagil,0x121a4,5,0.726,0.726,network,0,0
Esagil,0x121a5,1,0.6545,0.8298,network,0,0
Esagil,0x121a5,2,0.5588,0.8933,network,0,0
Esagil,0x121a5,3,0.0233,0.8787,network,0,0
Esagil,0x121a5,4,0.6676,0.7502,skeleton,0,0
Esagil,0x121a5,5,0.6922,0.8868,network,0,0
Esagil,0x121a5,6,0.3826,0.8876,network,0,0
Esagil,0x121a5,7,0.05,0.8791,skeleton,0,1
Esagil,0x121a5,8,0.5433,0.9067,network,0,0
Esagil,0x121a6,1,0.5913,0.7793,network,0,0
Esagil,0x121a6,2,0.6035,0.8132,network,0,0
Esagil,0x121a6,3,0.677,0.796,network,0,0
Esagil,0x121a6,4,0.6406,0.8355,network,0,0
Esagil,0x121a6,5,0.7349,0.8325,network,0,0
Esagil,0x121a6,6,0.627,0.627,network,0,0
Esagil,0x121a7,1,0.713,0.7439,network,0,0
Esagil,0x121a7,2,0.0285,0.8702,network,0,0
Esagil,0x121a7,3,0.0702,0.8167,network,0,0
Esagil,0x121a7,4,0.0013,0.786,skeleton,0,0
Esagil,0x121a7,5,0.632,0.8117,network,0,0
Esagil,0x121a7,6,0.0008,0.8155,network,0,0
Esagil,0x121a7,7,0.5722,0.8275,network,0,0
Esagil,0x121a7,8,0.4477,0.7635,network,0,0
Esagil,0x121aa,1,0.6914,0.851,network,0,0
Esagil,0x121aa,2,0.5254,0.8907,network,0,0
Esagil,0x121aa,3,0.7249,0.8828,network,0,0
Esagil,0x121aa,4,0.671,0.8796,network,0,0
Esagil,0x121aa,5,0.6238,0.8475,network,0,0
Esagil,0x121aa,6,0.7058,0.7509,network,0,0
Esagil,0x121ac,1,0.7146,0.7712,network,0,0
Esagil,0x121ac,2,0.4873,0.6964,skeleton,0,0
Esagil,0x121ac,3,0.6325,0.8808,network,0,0
Esagil,0x121ac,4,0.3977,0.7749,network,0,0
Esagil,0x121ac,5,0.0003,0.7174,skeleton,0,0
Esagil,0x121ad,1,0.5578,0.8371,network,0,0
Esagil,0x121ad,2,0.6339,0.849,network,0,0
Esagil,0x121ad,3,0.5525,0.8013,network,0,0
Esagil,0x121ad,4,0.7472,0.8029,network,0,0
Esagil,0x121ad,5,0.6123,0.7603,network,0,0
Esagil,0x121ad,6,0.0019,0.8629,network,0,1
Esagil,0x121ad,7,0.577,0.85,network,0,0
Esagil,0x121ad,8,0.5917,0.8267,network,0,0
Esagil,0x121ad,9,0.7567,0.7567,skeleton,0,0
Esagil,0x121b0,1,0.6571,0.8213,skeleton,0,0
Esagil,0x121b0,2,0.0002,0.6289,network,1,0
Esagil,0x121b0,3,0.6243,0.8512,network,0,0
Esagil,0x121b0,4,0.4097,0.8465,network,0,0
Esagil,0x121b2,1,0.6868,0.8465,network,0,0
Esagil,0x121b2,2,0.6447,0.8135,network,0,0
Esagil,0x121b2,3,0.6984,0.6984,network,0,0
Esagil,0x121b2,4,0.715,0.8259,skeleton,0,0
Esagil,0x121b2,5,0.3661,0.8929,network,0,0
Esagil,0x121b2,6,0.5765,0.7353,network,0,0
Esagil,0x121b2,7,0.7118,0.907,network,0,0
Esagil,0x121b2,8,0.001,0.8517,network,0,0
Esagil,0x121b2,9,0.733,0.9134,network,0,0
Esagil,0x121b2,10,0.3844,0.6151,network,0,0
Esagil,0x121b2,11,0.6901,0.6901,skeleton,0,0
Esagil,0x121b3,1,0.0562,0.8436,network,0,0
Esagil,0x121b3,2,0.696,0.8138,network,0,0
Esagil,0x121b3,3,0.4883,0.8891,network,0,0
Esagil,0x121b7,1,0.5936,0.7435,skeleton,0,0
Esagil,0x121b7,2,0.6234,0.84,network,0,0
Esagil,0x121b7,3,0.577,0.8477,network,0,0
Esagil,0x121b7,4,0.627,0.8741,network,0,0
Esagil,0x121b7,5,0.7417,0.84,network,0,0
Esagil,0x121b7,6,0.6545,0.6545,network,0,0
Esagil,0x121b8,1,0.6855,0.8587,network,0,0
Esagil,0x121b8,2,0.0554,0.9258,network,0,0
Esagil,0x121b8,3,0.6606,0.8059,network,0,0
Esagil,0x121b8,4,0.05,0.8284,skeleton,1,1
Esagil,0x121b9,1,0.6496,0.8029,skeleton,0,0
Esagil,0x121b9,2,0.6728,0.8884,network,0,0
Esagil,0x121b9,3,0.6325,0.8706,network,0,0
Esagil,0x121b9,4,0.8123,0.8341,network,0,0
Esagil,0x121b9,5,0.5993,0.5993,skeleton,0,0
Esagil,0x121b9,6,0.7701,0.8832,network,0,0
Esagil,0x121b9,7,0.7484,0.888,network,0,0
Esagil,0x121c0,1,0.6298,0.862,skeleton,0,0
Esagil,0x121c0,2,0.0087,0.8167,network,0,0
Esagil,0x121c0,3,0.7491,0.8534,network,0,0
Esagil,0x121c0,4,0.0001,0.7982,network,0,0
Esagil,0x121c0,5,0.0006,0.7394,network,1,0
Esagil,0x121c0,6,0.7186,0.8284,network,0,0
Esagil,0x121c5,1,0.6864,0.7498,skeleton,0,0
Esagil,0x121c5,2,0.6834,0.882,network,0,0
Esagil,0x121c5,3,0.5554,0.8587,network,0,0
Esagil,0x121c5,4,0.7652,0.9332,network,0,0
Esagil,0x121c5,5,0.6641,0.944,network,0,0
Esagil,0x121c5,6,0.7291,0.9164,network,0,0
Esagil,0x121c5,7,0.767,0.8783,network,0,0
Esagil,0x121c7,1,0.6976,0.8267,skeleton,0,0
Esagil,0x121c7,2,0.4494,0.8903,skeleton,0,0
Esagil,0x121c7,3,0.7233,0.8544,network,0,0
Esagil,0x121c7,4,0.6388,0.8436,network,0,0
Esagil,0x121c7,5,0.6671,0.8918,network,0,0
Esagil,0x121c7,6,0.777,0.8732,network,0,0
Esagil,0x121c7,7,0.05,0.8903,network,0,1
Esagil,0x121c7,8,0.6197,0.8791,network,0,0
Esagil,0x121c7,9,0.5879,0.8264,skeleton,0,0
Esagil,0x121c7,10,0.7241,0.8439,network,0,0
Esagil,0x121c7,11,0.0119,0.5063,network,0,0
Esagil,0x121c7,12,0.817,0.817,network,0,0
Esagil,0x121c7,13,0.7516,0.7516,network,0,0
Esagil,0x121c7,14,0.6375,0.8791,network,0,0
Esagil,0x121c9,1,0.6474,0.8728,skeleton,0,0
Esagil,0x121c9,2,0.4922,0.8287,skeleton,0,0
Esagil,0x121c9,3,0.5073,0.8688,skeleton,0,0
Esagil,0x121c9,4,0.4688,0.8341,network,0,0
Esagil,0x121c9,5,0.705,0.8816,network,0,0
Esagil,0x121c9,6,0.7976,0.8477,network,0,0
Esagil,0x121d1,1,0.7038,0.8075,skeleton,0,0
Esagil,0x121d1,2,0.7253,0.7253,skeleton,0,0
Esagil,0x121d1,3,0.6132,0.8816,skeleton,0,0
Esagil,0x121d1,4,0.4649,0.9214,network,0,0
Esagil,0x121d1,5,0.719,0.9632,network,0,0
Esagil,0x121d1,6,0.5554,0.7628,network,0,0
Esagil,0x121d1,7,0.5983,0.9374,network,0,0
Esagil,0x121d1,8,0.736,0.886,network,0,0
Esagil,0x121d1,9,0.7823,0.8202,network,0,0
Esagil,0x121d2,1,0.6658,0.7631,skeleton,0,0
Esagil,0x121d2,2,0.0093,0.7776,network,0,0
Esagil,0x121d2,3,0.6847,0.8582,network,0,0
Esagil,0x121d2,4,0.5467,0.7379,skeleton,0,0
Esagil,0x121d2,5,0.1252,0.9233,network,0,0
Esagil,0x121d2,6,0.632,0.9109,network,0,0
Esagil,0x121d2,7,0.6859,0.7763,network,0,0
Esagil,0x121e1,1,0.5583,0.709,skeleton,0,0
Esagil,0x121e1,2,0.05,0.7694,network,0,1
Esagil,0x121e1,3,0.6872,0.882,skeleton,0,0
Esagil,0x121e1,4,0.2388,0.9429,network,0,0
Esagil,0x121e1,5,0.5506,0.9307,network,0,0
Esagil,0x121e1,6,0.1592,0.9219,network,0,0
Esagil,0x121e1,7,0.6225,0.937,network,0,0
Esagil,0x121e1,8,0.3493,0.8167,network,0,0
Esagil,0x121e1,9,0.5927,0.9377,network,0,0
Esagil,0x121e1,10,0.5588,0.9063,network,0,0
Esagil,0x121e1,11,0.7402,0.8891,network,0,0
Esagil,0x121e5,1,0.05,0.7694,network,0,1
Esagil,0x121e5,2,0.554,0.8911,network,0,0
Esagil,0x121e5,3,0.5283,0.8529,skeleton,0,0
Esagil,0x121e5,4,0.6298,0.841,network,0,0
Esagil,0x121e5,5,0.778,0.8832,network,0,0
Esagil,0x121e7,1,0.5598,0.6788,skeleton,0,0
Esagil,0x121e7,2,0.0041,0.8004,network,0,1
Esagil,0x121e7,3,0.37,0.8228,skeleton,0,0
Esagil,0x121e7,4,0.6766,0.8236,network,0,0
Esagil,0x121e7,5,0.7225,0.7941,network,0,0
Esagil,0x121e7,6,0.721,0.8828,network,0,0
Esagil,0x121e7,7,0.6851,0.8004,network,0,0
Esagil,0x121ec,1,0.6379,0.8347,network,0,0
Esagil,0x121ec,2,0.6619,0.917,network,0,0
Esagil,0x121ec,3,0.4683,0.8582,network,0,0
Esagil,0x121ec,4,0.05,0.7766,skeleton,1,1
Esagil,0x121ef,1,0.6834,0.7925,skeleton,0,0
Esagil,0x121ef,2,0.7062,0.8262,skeleton,0,0
Esagil,0x121ef,3,0.0415,0.886,network,0,0
Esagil,0x121ef,4,0.5641,0.8812,skeleton,0,0
Esagil,0x121ef,5,0.671,0.8848,skeleton,0,0
Esagil,0x121ef,6,0.7527,0.8333,network,0,0
Esagil,0x121f2,1,0.7394,0.8439,network,0,0
Esagil,0x121f2,2,0.566,0.5974,network,0,0
Esagil,0x121f3,1,0.6931,0.8347,network,0,0
Esagil,0x121f3,2,0.6183,0.8719,network,0,0
Esagil,0x121f3,3,0.001,0.8196,network,0,0
Esagil,0x121f3,4,0.5974,0.6531,network,0,0
Esagil,0x121f4,1,0.7206,0.7206,network,0,0
Esagil,0x121f4,2,0.5578,0.8001,network,0,0
Esagil,0x121f4,3,0.6384,0.7506,network,0,0
Esagil,0x121f4,4,0.5808,0.5813,network,0,0
Esagil,0x121f4,5,0.658,0.658,network,0,0
Esagil,0x121f4,6,0.0003,0.7963,network,0,0
Esagil,0x121f5,1,0.5622,0.8534,network,0,0
Esagil,0x121f5,2,0.616,0.8056,network,0,0
Esagil,0x121f5,3,0.5593,0.7527,network,0,0
Esagil,0x121f5,4,0.6142,0.6822,network,0,0
Esagil,0x121f5,5,0.502,0.8075,network,0,0
Esagil,0x121f5,6,0.6684,0.8775,network,0,0
Esagil,0x121f5,7,0.5327,0.8041,network,0,0
Esagil,0x121f5,8,0.0032,0.9239,network,0,0
Esagil,0x121f5,9,0.7596,0.7673,network,0,0
Esagil,0x121f7,1,0.785,0.8597,network,0,0
Esagil,0x121f7,2,0.6179,0.8284,network,0,0
Esagil,0x121f7,3,0.7138,0.7233,network,0,0
Esagil,0x121f7,4,0.0965,0.7866,network,0,0
Esagil,0x121f7,5,0.7465,0.7465,network,0,0
Esagil,0x121f7,6,0.6736,0.796,network,0,0
Esagil,0x121f7,7,0.5395,0.8256,skeleton,0,0
Esagil,0x121f7,8,0.6628,0.6628,network,0,0
Esagil,0x121f7,9,0.4552,0.8922,network,0,0
Esagil,0x121f7,10,0.65,0.8275,network,0,0
Esagil,0x121f8,1,0.6671,0.7567,network,0,0
Esagil,0x121f8,2,0.7311,0.7985,network,0,0
Esagil,0x121f8,3,0.05,0.8766,skeleton,0,1
Esagil,0x121f8,4,0.698,0.8661,network,0,0
Esagil,0x121f8,5,0.0156,0.7666,network,0,0
Esagil,0x121f8,6,0.0945,0.4385,network,0,0
Esagil,0x121f8,7,0.0025,0.8787,network,0,0
Esagil,0x121f8,8,0.5703,0.9002,network,0,0
Esagil,0x121f8,9,0.6615,0.8222,skeleton,0,0
Esagil,0x121f8,10,0.1422,0.9194,network,0,0
Esagil,0x121f8,11,0.0785,0.9397,network,0,0
Esagil,0x121f8,12,0.4805,0.7708,network,0,0
Esagil,0x121fa,1,0.6174,0.8179,skeleton,0,0
Esagil,0x121fa,2,0.5946,0.8158,skeleton,0,0
Esagil,0x121fb,1,0.6663,0.8787,network,0,0
Esagil,0x121fb,2,0.05,0.7925,network,0,1
Esagil,0x121fb,3,0.4873,0.8556,network,0,0
Esagil,0x121fb,4,0.7628,0.8256,network,0,0
Esagil,0x121fb,5,0.7307,0.8413,network,0,0
Esagil,0x121fb,6,0.6859,0.7976,network,0,0
Esagil,0x121fc,1,0.7502,0.7502,skeleton,0,0
Esagil,0x121fc,2,0.6736,0.7154,skeleton,0,0
Esagil,0x121fc,3,0.658,0.8539,skeleton,0,0
Esagil,0x121fc,4,0.5107,0.8702,skeleton,0,0
Esagil,0x121fc,5,0.3234,0.8182,network,0,0
Esagil,0x121fc,6,0.646,0.852,network,0,0
Esagil,0x121fc,7,0.0,0.5034,skeleton,1,0
Esagil,0x121fc,8,0.7484,0.8284,network,0,0
Esagil,0x121fd,1,0.6624,0.7349,network,0,0
Esagil,0x121fd,2,0.5651,0.7062,skeleton,0,0
Esagil,0x121fd,3,0.6522,0.8629,skeleton,0,0
Esagil,0x121fd,4,0.4961,0.8084,network,0,0
Esagil,0x12215,1,0.6545,0.6766,skeleton,0,0
Esagil,0x12215,2,0.6183,0.7905,skeleton,0,0
Esagil,0x12215,3,0.5234,0.5234,skeleton,0,0
Esagil,0x12215,4,0.5997,0.5997,network,0,0
Esagil,0x12215,5,0.3219,0.858,network,0,0
Esagil,0x12215,6,0.4033,0.8426,skeleton,0,0
Esagil,0x12216,1,0.7154,0.8684,network,0,0
Esagil,0x12216,2,0.6215,0.849,network,0,0
Esagil,0x12216,3,0.7472,0.8922,network,0,0
Esagil,0x12216,4,0.7991,0.8824,network,0,0
Esagil,0x12216,5,0.736,0.736,network,0,0
Esagil,0x12216,6,0.6897,0.849,network,0,0
Esagil,0x12216,7,0.5603,0.9112,network,0,0
Esagil,0x12216,8,0.7353,0.8102,network,0,0
Esagil,0x12216,9,0.7402,0.7886,network,0,0
Esagil,0x12216,10,0.739,0.7443,network,0,0
Esagil,0x12217,1,0.7021,0.7353,network,0,0
Esagil,0x12217,2,0.0335,0.7311,network,0,0
Esagil,0x12217,3,0.6402,0.7756,network,0,0
Esagil,0x12217,4,0.1112,0.6496,skeleton,0,0
Esagil,0x12217,5,0.6658,0.8706,skeleton,0,0
Esagil,0x12217,6,0.3616,0.7827,network,0,0
Esagil,0x1221b,1,0.6257,0.7303,network,0,0
Esagil,0x1221b,2,0.6257,0.6663,network,0,0
Esagil,0x1221b,3,0.6762,0.7797,skeleton,0,0
Esagil,0x1221b,4,0.6379,0.6658,network,0,0
Esagil,0x1221b,5,0.6384,0.7585,network,0,0
Esagil,0x1221b,6,0.7237,0.7585,network,0,0
Esagil,0x1221c,1,0.6715,0.7394,network,0,0
Esagil,0x1221c,2,0.7982,0.7982,network,0,0
Esagil,0x1221c,3,0.7909,0.8075,network,0,0
Esagil,0x1221c,4,0.691,0.8661,network,0,0
Esagil,0x1221c,5,0.4912,0.8864,skeleton,0,0
Esagil,0x1221c,6,0.6289,0.8899,network,0,0
Esagil,0x1221c,7,0.4946,0.8233,network,0,0
Esagil,0x1221c,8,0.0001,0.3247,skeleton,0,0
Esagil,0x1221c,9,0.8303,0.8492,network,0,0
Esagil,0x1221d,1,0.7797,0.83,network,0,0
Esagil,0x1221d,2,0.216,0.6505,network,0,0
Esagil,0x1221d,3,0.6654,0.8625,network,0,0
Esagil,0x1221d,4,0.6654,0.8016,network,0,0
Esagil,0x1221d,5,0.6339,0.7899,network,0,0
Esagil,0x1221d,6,0.6211,0.7182,network,0,0
Esagil,0x12220,1,0.5846,0.7896,network,0,0
Esagil,0x12220,2,0.7268,0.7736,network,0,0
Esagil,0x12220,3,0.5132,0.6935,network,0,0
Esagil,0x12220,4,0.5837,0.5837,network,0,0
Esagil,0x12222,1,0.6007,0.7439,network,0,0
Esagil,0x12222,2,0.5856,0.7571,network,0,0
Esagil,0x12222,3,0.6775,0.752,network,0,0
Esagil,0x12222,4,0.616,0.7379,network,0,0
Esagil,0x12222,5,0.6571,0.6889,network,0,0
Esagil,0x12222,6,0.6298,0.7058,network,0,0
Esagil,0x12222,7,0.5641,0.5641,network,0,0
Esagil,0x12223,1,0.6602,0.7114,network,0,0
Esagil,0x12223,2,0.5569,0.8467,network,0,0
Esagil,0x12223,3,0.0003,0.7013,network,0,0
Esagil,0x12223,4,0.5482,0.6527,network,0,0
Esagil,0x12223,5,0.5054,0.7318,network,0,0
Esagil,0x12224,1,0.0276,0.7233,network,0,0
Esagil,0x12224,2,0.1889,0.9093,network,0,0
Esagil,0x12224,3,0.6067,0.8492,network,0,0
Esagil,0x12224,4,0.5443,0.8457,network,0,0
Esagil,0x12224,5,0.6558,0.768,skeleton,0,0
Esagil,0x12224,6,0.554,0.7759,network,0,0
Esagil,0x12224,7,0.5818,0.8292,skeleton,0,0
Esagil,0x12224,8,0.6044,0.8816,network,0,0
Esagil,0x12225,1,0.5794,0.7186,skeleton,0,0
Esagil,0x12225,2,0.5794,0.6002,skeleton,0,0
Esagil,0x12225,3,0.0353,0.8173,network,0,0
Esagil,0x12225,4,0.0002,0.8007,network,0,0
Esagil,0x12225,5,0.5458,0.7776,network,0,0
Esagil,0x12226,1,0.6044,0.7106,skeleton,0,0
Esagil,0x12226,2,0.0004,0.7853,network,0,0
Esagil,0x12227,1,0.6343,0.7158,skeleton,0,0
Esagil,0x12227,2,0.5545,0.8047,network,0,0
Esagil,0x12227,3,0.4579,0.4579,network,0,0
Esagil,0x12227,4,0.7082,0.908,network,0,0
Esagil,0x12227,5,0.4746,0.8044,network,0,0
Esagil,0x12227,6,0.7918,0.7918,network,0,0
Esagil,0x12227,7,0.0019,0.8848,network,0,0
Esagil,0x12228,1,0.7372,0.8275,network,0,0
Esagil,0x12228,2,0.5727,0.68,network,0,0
Esagil,0x12229,1,0.0004,0.7631,network,0,0
Esagil,0x12229,2,0.5655,0.7886,skeleton,0,0
Esagil,0x12229,3,0.4047,0.7813,network,0,0
Esagil,0x12229,4,0.6049,0.7773,network,0,0
Esagil,0x12229,5,0.8775,0.8911,skeleton,0,0
Esagil,0x12229,6,0.8317,0.849,skeleton,0,0
Esagil,0x12229,7,0.4888,0.8684,skeleton,0,0
Esagil,0x12229,8,0.7229,0.8679,network,0,0
Esagil,0x1222a,1,0.0122,0.7249,network,0,0
Esagil,0x1222a,2,0.6762,0.8657,network,0,0
Esagil,0x1222a,3,0.671,0.7925,network,0,0
Esagil,0x1222a,4,0.6456,0.8173,network,0,0
Esagil,0x1222a,5,0.6549,0.8376,network,0,0
Esagil,0x1222b,1,0.7424,0.7585,network,0,0
Esagil,0x1222b,2,0.0026,0.905,network,0,0
Esagil,0x1222c,1,0.6706,0.7217,skeleton,0,0
Esagil,0x1222c,2,0.5477,0.8864,network,0,0
Esagil,0x1222c,3,0.7443,0.7443,network,0,0
Esagil,0x1222c,4,0.8225,0.8666,network,0,0
Esagil,0x1222c,5,0.0109,0.8639,network,0,0
Esagil,0x1222d,1,0.677,0.8105,network,0,0
Esagil,0x1222d,2,0.7495,0.8053,network,0,0
Esagil,0x1222d,3,0.6343,0.8306,network,0,0
Esagil,0x1222d,4,0.7585,0.7853,network,0,0
Esagil,0x1222d,5,0.1485,0.8202,network,0,0
Esagil,0x1222d,6,0.5732,0.8888,network,0,0
Esagil,0x1222d,7,0.3174,0.7708,network,0,0
Esagil,0x1222d,8,0.7982,0.7982,network,0,0
Esagil,0x1222d,9,0.6897,0.6897,network,0,0
Esagil,0x1222d,10,0.4868,0.8736,network,0,0
Esagil,0x1222e,1,0.4106,0.7866,skeleton,0,0
Esagil,0x1222e,2,0.3759,0.8787,network,0,0
Esagil,0x1222e,3,0.7134,0.8706,skeleton,0,0
Esagil,0x1222e,4,0.6257,0.8202,network,0,0
Esagil,0x1222e,5,0.6702,0.9179,network,0,0
Esagil,0x1222e,6,0.7631,0.9491,network,0,0
Esagil,0x12232,1,0.5931,0.8084,network,0,0
Esagil,0x12232,2,0.5117,0.7353,network,0,0
Esagil,0x12232,3,0.7749,0.7749,network,0,0
Esagil,0x12232,4,0.6343,0.8907,network,0,0
Esagil,0x12232,5,0.3232,0.6442,skeleton,0,0
Esagil,0x12232,6,0.0001,0.7217,network,0,0
Esagil,0x12232,7,0.0084,0.4299,network,1,0
Esagil,0x12239,1,0.4839,0.7428,skeleton,0,0
Esagil,0x12239,2,0.4371,0.8804,skeleton,0,0
Esagil,0x12239,3,0.6169,0.9152,skeleton,0,0
Esagil,0x12239,4,0.0007,0.8959,network,0,0
Esagil,0x12239,5,0.0005,0.6478,network,0,0
Esagil,0x1223b,1,0.6307,0.7078,skeleton,0,0
Esagil,0x1223b,2,0.3195,0.8331,network,0,0
Esagil,0x1223b,3,0.5336,0.8736,skeleton,0,0
Esagil,0x1223b,4,0.3661,0.8832,network,0,0
Esagil,0x1223b,5,0.4066,0.8688,network,0,0
Esagil,0x1223b,6,0.1852,0.6984,skeleton,0,0
Esagil,0x1223b,7,0.0001,0.8693,skeleton,0,0
Esagil,0x1223b,8,0.7776,0.7776,network,0,0
Esagil,0x1223b,9,0.7082,0.8426,network,0,0
Esagil,0x1223b,10,0.6918,0.8397,network,0,0
Esagil,0x1223b,11,0.6968,0.8182,skeleton,0,0
Esagil,0x1223b,12,0.7276,0.7931,network,0,0
Esagil,0x1223b,13,0.6859,0.6859,network,0,0
Esagil,0x1223b,14,0.595,0.8497,network,0,0
Esagil,0x1223d,1,0.5132,0.6641,skeleton,0,0
Esagil,0x1223d,2,0.218,0.8573,skeleton,0,0
Esagil,0x1223d,3,0.016,0.8069,network,0,0
Esagil,0x1223d,4,0.0713,0.9023,skeleton,0,0
Esagil,0x1223d,5,0.5993,0.8571,network,0,0
Esagil,0x1223d,6,0.4125,0.8273,skeleton,0,0
Esagil,0x1223d,7,0.6183,0.8852,network,0,0
Esagil,0x1223d,8,0.6491,0.8228,network,0,0
Esagil,0x1223d,9,0.616,0.616,network,0,0
Esagil,0x1223e,1,0.7138,0.7299,network,0,0
Esagil,0x1223e,2,0.7326,0.8149,network,0,0
Esagil,0x1223e,3,0.61,0.7944,network,0,0
Esagil,0x1223e,4,0.1634,0.8434,network,0,0
Esagil,0x1223f,1,0.6964,0.8205,network,0,0
Esagil,0x1223f,2,0.6671,0.7776,skeleton,0,0
Esagil,0x1223f,3,0.756,0.88,network,0,0
Esagil,0x1223f,4,0.4922,0.867,network,0,0
Esagil,0x1223f,5,0.646,0.7941,network,0,0
Esagil,0x1223f,6,0.3773,0.7527,network,0,0
Esagil,0x1223f,7,0.7582,0.8205,network,0,0
Esagil,0x1223f,8,0.7413,0.932,network,0,0
Esagil,0x1223f,9,0.3947,0.805,skeleton,0,0
Esagil,0x1223f,10,0.4644,0.7985,network,0,0
Esagil,0x12240,1,0.8059,0.823,network,0,0
Esagil,0x12240,2,0.7009,0.9511,network,0,0
Esagil,0x12240,3,0.8155,0.8984,network,0,0
Esagil,0x12240,4,0.429,0.9012,network,0,0
Esagil,0x12240,5,0.5894,0.5894,network,0,0
Esagil,0x12240,6,0.6234,0.6234,skeleton,0,0
Esagil,0x12240,7,0.0372,0.9365,network,0,0
Esagil,0x12240,8,0.7856,0.7856,network,0,0
Esagil,0x12240,9,0.2244,0.8303,network,0,0
Esagil,0x12244,1,0.2916,0.8745,skeleton,0,0
Esagil,0x12244,2,0.715,0.8196,network,0,0
Esagil,0x12244,3,0.0004,0.858,network,0,0
Esagil,0x12244,4,0.463,0.767,network,0,0
Esagil,0x12244,5,0.7372,0.7372,network,0,0
Esagil,0x12244,6,0.0008,0.5078,network,1,0
Esagil,0x12246,1,0.1775,0.7334,network,0,0
Esagil,0x12246,2,0.0013,0.7957,skeleton,0,0
Esagil,0x12246,3,0.4299,0.7739,network,0,0
Esagil,0x12246,4,0.0033,0.7303,skeleton,0,0
Esagil,0x12246,5,0.6851,0.8062,network,0,0
Esagil,0x12246,6,0.717,0.7722,network,0,0
Esagil,0x12246,7,0.7134,0.8571,network,0,0
Esagil,0x12246,8,0.6571,0.882,network,0,0
Esagil,0x12246,9,0.4085,0.8895,network,0,0
Esagil,0x12246,10,0.0039,0.8791,network,0,0
Esagil,0x12247,1,0.6926,0.8599,network,0,0
Esagil,0x12247,2,0.5293,0.8852,network,0,0
Esagil,0x12247,3,0.7174,0.8791,network,0,0
Esagil,0x12247,4,0.6663,0.8697,network,0,0
Esagil,0x12247,5,0.6215,0.8512,network,0,0
Esagil,0x12247,6,0.715,0.7513,network,0,0
Esagil,0x12248,1,0.7078,0.823,network,0,0
Esagil,0x12248,2,0.7405,0.827,network,0,0
Esagil,0x12248,3,0.05,0.7158,skeleton,0,1
Esagil,0x12248,4,0.7005,0.871,network,0,0
Esagil,0x12248,5,0.0112,0.8903,network,0,0
Esagil,0x12248,6,0.0164,0.8253,network,0,0
Esagil,0x12248,7,0.5851,0.8007,network,0,0
Esagil,0x12248,8,0.6192,0.6192,network,0,0
Esagil,0x12248,9,0.5612,0.5612,network,0,0
Esagil,0x1224b,1,0.7102,0.8199,network,0,0
Esagil,0x1224b,2,0.7178,0.8736,network,0,0
Esagil,0x1224b,3,0.6284,0.7154,network,0,0
Esagil,0x1224b,4,0.7066,0.8808,network,0,0
Esagil,0x1224b,5,0.0461,0.862,skeleton,0,0
Esagil,0x1224b,6,0.5356,0.9388,network,0,0
Esagil,0x1224b,7,0.4518,0.9127,network,0,0
Esagil,0x1224b,8,0.6169,0.8592,skeleton,0,0
Esagil,0x1224b,9,0.6406,0.9155,network,0,0
Esagil,0x1224b,10,0.6671,0.8149,network,0,0
Esagil,0x1224b,11,0.7345,0.7585,network,0,0
Esagil,0x1224c,1,0.7284,0.8524,network,0,0
Esagil,0x1224c,2,0.4917,0.8762,network,0,0
Esagil,0x1224c,3,0.6151,0.9214,network,0,0
Esagil,0x1224c,4,0.7158,0.767,skeleton,0,0
Esagil,0x1224f,1,0.5273,0.5889,network,0,0
Esagil,0x1224f,2,0.0007,0.7957,network,0,0
Esagil,0x1224f,3,0.6011,0.78,network,0,0
Esagil,0x1224f,4,0.6202,0.745,network,0,0
Esagil,0x1224f,5,0.6947,0.8281,network,0,0
Esagil,0x12250,1,0.728,0.7827,network,0,0
Esagil,0x12250,2,0.2454,0.7303,skeleton,0,0
Esagil,0x12250,3,0.7162,0.841,skeleton,0,0
Esagil,0x12250,4,0.05,0.9012,network,0,1
Esagil,0x12250,5,0.0031,0.9358,network,0,0
Esagil,0x12250,6,0.7066,0.8292,network,0,0
Esagil,0x12250,7,0.1303,0.6123,network,0,0
Esagil,0x12250,8,0.3854,0.7142,network,0,0
Esagil,0x12250,9,0.8472,0.8505,skeleton,0,0
Esagil,0x12250,10,0.7241,0.7409,network,0,0
Esagil,0x12252,1,0.4854,0.7621,network,0,0
Esagil,0x12252,2,0.6838,0.7538,network,0,0
Esagil,0x12252,3,0.4361,0.5665,network,0,0
Esagil,0x12252,4,0.5789,0.8597,skeleton,0,0
Esagil,0x12252,5,0.5559,0.8706,skeleton,0,0
Esagil,0x12258,1,0.4683,0.8123,skeleton,0,0
Esagil,0x12258,2,0.7202,0.8187,skeleton,0,0
Esagil,0x12258,3,0.6505,0.8339,network,0,0
Esagil,0x12258,4,0.4917,0.8566,skeleton,0,0
Esagil,0x12258,5,0.6007,0.6007,skeleton,0,0
Esagil,0x12258,6,0.7326,0.8544,network,0,0
Esagil,0x12258,7,0.6658,0.8625,network,0,0
Esagil,0x12258,8,0.5151,0.8899,network,0,0
Esagil,0x12258,9,0.1246,0.9541,network,0,0
Esagil,0x12258,10,0.4581,0.8267,network,0,0
Esagil,0x12258,11,0.0335,0.9127,network,0,0
Esagil,0x12258,12,0.683,0.8167,network,0,0
Esagil,0x12258,13,0.658,0.8208,network,0,0
Esagil,0x12258,14,0.4907,0.4907,network,0,0
Esagil,0x12259,1,0.7268,0.8397,network,0,0
Esagil,0x12259,2,0.7484,0.8164,skeleton,0,0
Esagil,0x12259,3,0.7307,0.7756,network,0,0
Esagil,0x12259,4,0.5506,0.784,skeleton,0,0
Esagil,0x12259,5,0.7082,0.8914,skeleton,0,0
Esagil,0x12259,6,0.7318,0.7318,skeleton,0,0
Esagil,0x12259,7,0.8648,0.9173,network,0,0
Esagil,0x12259,8,0.8824,0.8998,network,0,0
Esagil,0x12259,9,0.8322,0.8322,network,0,0
Esagil,0x12259,10,0.8507,0.88,network,0,0
Esagil,0x12260,1,0.6215,0.8292,network,0,0
Esagil,0x12260,2,0.0054,0.8155,network,0,0
Esagil,0x12260,3,0.6474,0.8585,network,0,0
Esagil,0x12260,4,0.587,0.8926,network,0,0
Esagil,0x12260,5,0.4163,0.8779,network,0,0
Esagil,0x12260,6,0.6447,0.8001,network,0,0
Esagil,0x12260,7,0.3895,0.8907,network,0,0
Esagil,0x12260,8,0.5631,0.9105,network,0,0
Esagil,0x12260,9,0.7217,0.7217,network,0,0
Esagil,0x12260,10,0.3847,0.7624,network,0,0
Esagil,0x12260,11,0.782,0.8775,network,0,0
Esagil,0x12261,1,0.586,0.7803,network,0,0
Esagil,0x12261,2,0.0006,0.4472,skeleton,1,0
Esagil,0x12263,1,0.7013,0.8044,skeleton,0,0
Esagil,0x12263,2,0.7439,0.7953,skeleton,0,0
Esagil,0x12263,3,0.7947,0.8155,network,0,0
Esagil,0x12263,4,0.0912,0.8228,network,0,0
Esagil,0x12263,5,0.0008,0.782,network,0,0
Esagil,0x1226a,1,0.7221,0.7736,network,0,0
Esagil,0x1226a,2,0.677,0.7237,network,0,0
Esagil,0x1226a,3,0.5746,0.715,network,0,0
Esagil,0x1226a,4,0.4819,0.7879,network,0,0
Esagil,0x1226a,5,0.6379,0.8056,skeleton,0,0
Esagil,0x1226a,6,0.7439,0.8281,network,0,0
Esagil,0x1226a,7,0.5751,0.8311,network,0,0
Esagil,0x1226a,8,0.6589,0.8341,network,0,0
Esagil,0x1226a,9,0.7624,0.9112,skeleton,0,0
Esagil,0x1226a,10,0.4492,0.8723,network,0,0
Esagil,0x1226d,1,0.4995,0.768,skeleton,0,0
Esagil,0x1226d,2,0.586,0.7134,skeleton,0,0
Esagil,0x1226d,3,0.5195,0.9239,network,0,0
Esagil,0x1226d,4,0.6366,0.9124,skeleton,0,0
Esagil,0x1226d,5,0.0068,0.5708,network,0,0
Esagil,0x1226d,6,0.0596,0.6671,network,0,0
Esagil,0x1226d,7,0.6284,0.6284,network,0,0
Esagil,0x1226d,8,0.5472,0.852,network,0,0
Esagil,0x1226e,1,0.6676,0.7759,skeleton,0,0
Esagil,0x1226e,2,0.5151,0.8053,network,0,0
Esagil,0x1226e,3,0.4795,0.9353,network,0,0
Esagil,0x1226e,4,0.5205,0.8749,skeleton,0,0
Esagil,0x1226e,5,0.0962,0.8306,network,0,0
Esagil,0x1226e,6,0.7454,0.7454,network,0,0
Esagil,0x1226e,7,0.7837,0.7837,network,0,0
Esagil,0x1226e,8,0.0091,0.8306,network,0,0
Esagil,0x1226e,9,0.7666,0.8358,network,0,0
Esagil,0x1226e,10,0.5482,0.642,network,0,0
Esagil,0x1226e,11,0.0035,0.7513,skeleton,0,0
Esagil,0x1226e,12,0.5482,0.9233,skeleton,0,0
Esagil,0x1226e,13,0.7364,0.8955,network,0,0
Esagil,0x1226e,14,0.0948,0.627,network,0,0
Esagil,0x1226e,15,0.05,0.8639,network,0,1
Esagil,0x1226e,16,0.2777,0.8941,network,0,0
Esagil,0x1226e,17,0.8219,0.9263,network,0,0
Esagil,0x12274,1,0.622,0.7549,skeleton,0,0
Esagil,0x12274,2,0.5472,0.8078,skeleton,0,0
Esagil,0x12274,3,0.5463,0.9329,network,0,0
Esagil,0x12274,4,0.5732,0.9043,skeleton,0,0
Esagil,0x12274,5,0.1303,0.8371,network,0,0
Esagil,0x12274,6,0.7424,0.7424,network,0,0
Esagil,0x12274,7,0.707,0.707,network,0,0
Esagil,0x12274,8,0.0162,0.8515,network,0,0
Esagil,0x12274,9,0.0523,0.7856,network,0,0
Esagil,0x12274,10,0.0003,0.5239,network,0,0
Esagil,0x12274,11,0.7454,0.8096,skeleton,0,0
Esagil,0x12274,12,0.6339,0.7982,skeleton,0,0
Esagil,0x12274,13,0.0565,0.821,network,0,0
Esagil,0x12274,14,0.6039,0.6039,skeleton,0,0
Esagil,0x12274,15,0.2498,0.8477,network,0,0
Esagil,0x12274,16,0.5054,0.9374,network,0,0
Esagil,0x12274,17,0.0125,0.8816,network,0,0
Esagil,0x1227a,1,0.6788,0.8167,network,0,0
Esagil,0x1227a,2,0.6788,0.7303,network,0,0
Esagil,0x1227a,3,0.668,0.8629,network,0,0
Esagil,0x1227b,1,0.7447,0.8376,network,0,0
Esagil,0x1227b,2,0.0307,0.6302,network,0,0
Esagil,0x1227b,3,0.6545,0.9131,network,0,0
Esagil,0x1227b,4,0.033,0.888,network,0,0
Esagil,0x1227c,1,0.6736,0.8563,network,0,0
Esagil,0x1227c,2,0.6072,0.805,network,0,0
Esagil,0x1227c,3,0.6165,0.8608,skeleton,0,0
Esagil,0x1227c,4,0.3727,0.8991,network,0,0
Esagil,0x1227d,1,0.6132,0.7592,network,0,0
Esagil,0x1227d,2,0.0118,0.7976,skeleton,0,1
Esagil,0x1227f,1,0.726,0.7596,network,0,0
Esagil,0x1227f,2,0.5978,0.7491,network,0,0
Esagil,0x1227f,3,0.0003,0.696,network,0,0
Esagil,0x1227f,4,0.6302,0.8349,network,0,0
Esagil,0x1228a,1,0.7082,0.7773,network,0,0
Esagil,0x1228a,2,0.7708,0.9294,network,0,0
Esagil,0x1228a,3,0.0059,0.7966,network,0,0
Esagil,0x1228a,4,0.0012,0.7106,skeleton,0,0
Esagil,0x1228a,5,0.0018,0.7046,skeleton,0,0
Esagil,0x1228a,6,0.6593,0.8117,skeleton,0,0
Esagil,0x1228c,1,0.7237,0.8429,network,0,0
Esagil,0x1228c,2,0.0084,0.577,network,0,0
Esagil,0x1228c,3,0.7375,0.7375,network,0,0
Esagil,0x1228c,4,0.2591,0.965,network,0,0
Esagil,0x1228c,5,0.358,0.8914,network,0,0
Esagil,0x1228c,6,0.7284,0.8856,network,0,0
Esagil,0x1228c,7,0.6723,0.8026,network,0,0
Esagil,0x1228c,8,0.3051,0.8597,network,0,0
Esagil,0x1228d,1,0.5254,0.8317,network,0,0
Esagil,0x1228d,2,0.6955,0.6955,network,0,0
Esagil,0x1228d,3,0.1437,0.7186,network,0,0
Esagil,0x1228d,4,0.4111,0.5093,network,0,0
Esagil,0x1228d,5,0.7299,0.8922,network,0,0
Esagil,0x1228d,6,0.0001,0.3376,network,0,0
Esagil,0x1228d,7,0.4266,0.8465,skeleton,0,0
Esagil,0x1228d,8,0.0323,0.8625,skeleton,0,0
Esagil,0x1228f,1,0.4878,0.8059,network,0,0
Esagil,0x1228f,2,0.5846,0.8173,network,0,0
Esagil,0x1228f,3,0.628,0.8114,network,0,0
Esagil,0x1228f,4,0.6132,0.7698,network,0,0
Esagil,0x1228f,5,0.6063,0.8449,network,0,0
Esagil,0x1228f,6,0.5846,0.8333,skeleton,0,0
Esagil,0x1228f,7,0.6183,0.6183,network,0,0
Esagil,0x12290,1,0.6715,0.8832,network,0,0
Esagil,0x12290,2,0.683,0.8087,network,0,0
Esagil,0x12290,3,0.646,0.9019,network,0,0
Esagil,0x12290,4,0.6086,0.821,network,0,0
Esagil,0x12290,5,0.6783,0.8062,network,0,0
Esagil,0x12290,6,0.713,0.8284,skeleton,0,0
Esagil,0x12290,7,0.7326,0.8522,network,0,0
Esagil,0x12290,8,0.7823,0.926,network,0,0
Esagil,0x12291,1,0.637,0.637,skeleton,0,0
Esagil,0x12291,2,0.0004,0.728,network,0,0
Esagil,0x12291,3,0.0002,0.8955,network,0,0
Esagil,0x12291,4,0.5297,0.8392,network,0,0
Esagil,0x12291,5,0.001,0.8322,network,0,0
Esagil,0x12292,1,0.0176,0.8096,network,0,0
Esagil,0x12292,2,0.6325,0.867,network,0,0
Esagil,0x12292,3,0.5482,0.8639,network,0,0
Esagil,0x12292,4,0.1814,0.8442,skeleton,0,0
Esagil,0x12292,5,0.05,0.8563,skeleton,0,1
Esagil,0x12293,1,0.5458,0.8544,skeleton,0,0
Esagil,0x12293,2,0.665,0.8339,network,0,0
Esagil,0x12293,3,0.6011,0.7194,network,0,0
Esagil,0x12293,4,0.7947,0.7947,network,0,0
Esagil,0x12293,5,0.8056,0.8056,network,0,0
Esagil,0x12293,6,0.8019,0.8309,network,0,0
Esagil,0x12295,1,0.7114,0.7322,network,0,0
Esagil,0x12295,2,0.5865,0.7837,network,0,0
Esagil,0x12295,3,0.7221,0.8914,skeleton,0,0
Esagil,0x12295,4,0.6007,0.6745,network,0,0
Esagil,0x12295,5,0.6766,0.8397,skeleton,0,0
Esagil,0x12295,6,0.52,0.6783,skeleton,0,0
Esagil,0x12295,7,0.5293,0.5293,network,0,0
Esagil,0x122a8,1,0.665,0.8944,skeleton,0,0
Esagil,0x122a8,2,0.6876,0.7687,skeleton,0,0
Esagil,0x122a8,3,0.5317,0.8973,network,0,0
Esagil,0x122a8,4,0.554,0.9339,skeleton,0,0
Esagil,0x122a8,5,0.6316,0.7506,network,0,0
Esagil,0x122a8,6,0.6749,0.8392,network,0,0
Esagil,0x122a8,7,0.5521,0.688,network,0,0
Esagil,0x122a8,8,0.5176,0.5176,network,0,0
Esagil,0x122a9,1,0.0392,0.7853,network,0,0
Esagil,0x122a9,2,0.0003,0.9033,network,1,0
Esagil,0x122a9,3,0.6393,0.8648,skeleton,0,0
Esagil,0x122a9,4,0.7725,0.884,network,0,0
Esagil,0x122ac,1,0.586,0.8475,network,0,0
Esagil,0x122ac,2,0.7198,0.9392,network,0,0
Esagil,0x122ac,3,0.3826,0.9239,network,0,0
Esagil,0x122ac,4,0.717,0.7979,network,0,0
Esagil,0x122ac,5,0.7909,0.8573,network,0,0
Esagil,0x122ac,6,0.3221,0.8228,network,0,0
Esagil,0x122ac,7,0.5559,0.8444,network,0,0
Esagil,0x122ac,8,0.6775,0.8937,skeleton,0,0
Esagil,0x122ac,9,0.6183,0.8013,skeleton,0,0
Esagil,0x122ac,10,0.595,0.595,network,0,0
Esagil,0x122ad,1,0.6406,0.7991,network,0,0
Esagil,0x122ad,2,0.6388,0.8597,network,0,0
Esagil,0x122ad,3,0.7001,0.7982,network,0,0
Esagil,0x122ad,4,0.8075,0.8575,network,0,0
Esagil,0x122ad,5,0.0051,0.8004,network,0,0
Esagil,0x122ad,6,0.715,0.7567,network,0,0
Esagil,0x122ad,7,0.5675,0.906,network,0,0
Esagil,0x122ad,8,0.6562,0.7807,network,0,0
Esagil,0x122ae,1,0.463,0.463,network,0,0
Esagil,0x122ae,2,0.4961,0.9164,skeleton,0,0
Esagil,0x122ae,3,0.683,0.8613,network,0,0
Esagil,0x122ae,4,0.236,0.8779,skeleton,0,0
Esagil,0x122ae,5,0.0041,0.8944,network,0,0
Esagil,0x122ae,6,0.7021,0.8629,network,0,0
Esagil,0x122af,1,0.3053,0.3053,network,0,0
Esagil,0x122af,2,0.0261,0.5414,network,0,0
Esagil,0x122af,3,0.2647,0.8389,skeleton,0,0
Esagil,0x122af,4,0.4168,0.9173,skeleton,0,0
Esagil,0x122af,5,0.7776,0.8158,network,0,0
Esagil,0x122af,6,0.7082,0.9358,network,0,0
Esagil,0x122af,7,0.61,0.7691,network,0,0
Esagil,0x122af,8,0.0007,0.6553,skeleton,0,0
Esagil,0x122af,9,0.6593,0.8534,network,0,0
Esagil,0x122af,10,0.6311,0.7873,network,0,0
Esagil,0x122b7,1,0.6536,0.8179,network,0,0
Esagil,0x122b7,2,0.7776,0.7776,skeleton,0,0
Esagil,0x122b7,3,0.7146,0.8374,network,0,0
Esagil,0x122b7,4,0.7823,0.7823,skeleton,0,0
Esagil,0x122b7,5,0.6438,0.8117,network,0,0
Esagil,0x122b7,6,0.6843,0.8281,network,0,0
Esagil,0x122b7,7,0.8292,0.8429,network,0,0
Esagil,0x122b7,8,0.3693,0.8783,network,0,0
Esagil,0x122b7,9,0.6602,0.7969,network,0,0
Esagil,0x122b9,1,0.3937,0.7491,network,0,0
Esagil,0x122b9,2,0.6813,0.8087,network,0,0
Esagil,0x122b9,3,0.002,0.8922,network,0,0
Esagil,0x122b9,4,0.4971,0.8926,network,0,0
Esagil,0x122ba,1,0.6663,0.8459,network,0,0
Esagil,0x122ba,2,0.5775,0.7739,network,0,0
Esagil,0x122ba,3,0.7886,0.8507,network,0,0
Esagil,0x122ba,4,0.5429,0.9063,network,0,0
Esagil,0x122bb,1,0.5024,0.796,network,0,0
Esagil,0x122bb,2,0.7873,0.8575,network,0,0
Esagil,0x122bb,3,0.78,0.8745,network,0,0
Esagil,0x122bb,4,0.6456,0.8625,network,0,0
Esagil,0x122bb,5,0.6943,0.8539,network,0,0
Esagil,0x122bb,6,0.7237,0.8072,network,0,0
Esagil,0x122bb,7,0.5583,0.7621,network,0,0
Esagil,0x122bb,8,0.6826,0.7249,network,0,0
Esagil,0x122bf,1,0.6593,0.7921,network,0,0
Esagil,0x122bf,2,0.7029,0.7985,network,0,0
Esagil,0x122bf,3,0.5535,0.8532,network,0,0
Esagil,0x122bf,4,0.627,0.8038,network,0,0
Esagil,0x122bf,5,0.5737,0.7506,skeleton,0,0
Esagil,0x122bf,6,0.7038,0.8196,network,0,0
Esagil,0x122bf,7,0.5063,0.7229,skeleton,0,0
Esagil,0x122bf,8,0.726,0.8444,network,0,0
Esagil,0x122bf,9,0.479,0.726,skeleton,0,0
Esagil,0x122c0,1,0.0234,0.7817,skeleton,0,0
Esagil,0x122c0,2,0.5851,0.9182,network,0,0
Esagil,0x122c0,3,0.0486,0.8216,network,0,0
Esagil,0x122c0,4,0.05,0.9358,skeleton,0,1
Esagil,0x122c0,5,0.3453,0.9134,network,0,0
Esagil,0x122c0,6,0.5156,0.8911,network,0,0
Esagil,0x122c0,7,0.6993,0.8597,network,0,0
Esagil,0x122c1,1,0.7443,0.785,skeleton,0,0
Esagil,0x122c1,2,0.5327,0.7846,network,0,0
Esagil,0x122c1,3,0.6183,0.8472,skeleton,0,0
Esagil,0x122c1,4,0.6325,0.8812,skeleton,0,0
Esagil,0x122c1,5,0.4888,0.4888,network,0,0
Esagil,0x122c1,6,0.6719,0.7182,network,0,0
Esagil,0x122c1,7,0.4443,0.7334,network,0,0
Esagil,0x122c1,8,0.6549,0.6549,network,0,0
Esagil,0x122c1,9,0.6415,0.6415,network,0,0
Esagil,0x122c1,10,0.0012,0.8126,network,0,0
Esagil,0x122c3,1,0.6261,0.7773,network,0,0
Esagil,0x122c3,2,0.6261,0.7509,network,0,0
Esagil,0x122c3,3,0.3042,0.888,network,0,0
Esagil,0x122c3,4,0.7356,0.7837,network,0,0
Esagil,0x122c3,5,0.7245,0.8059,network,0,0
Esagil,0x122c3,6,0.6741,0.859,network,0,0
Esagil,0x122c4,1,0.6671,0.7889,skeleton,0,0
Esagil,0x122c4,2,0.705,0.7972,skeleton,0,0
Esagil,0x122c4,3,0.5875,0.7506,network,0,0
Esagil,0x122c4,4,0.5569,0.6918,network,0,0
Esagil,0x122c4,5,0.7491,0.8812,network,0,0
Esagil,0x122c4,6,0.4357,0.7793,network,0,0
Esagil,0x122c4,7,0.5137,0.5137,skeleton,0,0
Esagil,0x122c4,8,0.6016,0.8693,network,0,0
Esagil,0x122c4,9,0.5492,0.633,network,0,0
Esagil,0x122c6,1,0.5756,0.7803,skeleton,0,0
Esagil,0x122c6,2,0.5346,0.7628,network,0,0
Esagil,0x122c6,3,0.2327,0.7046,network,0,0
Esagil,0x122c6,4,0.6531,0.8001,network,0,0
Esagil,0x122c6,5,0.6095,0.6095,network,0,0
Esagil,0x122c6,6,0.5039,0.7021,network,0,0
Esagil,0x122c6,7,0.5039,0.7334,network,0,0
Esagil,0x122c6,8,0.1466,0.7372,network,0,0
Esagil,0x122c6,9,0.4381,0.7272,network,0,0
Esagil,0x122c6,10,0.6641,0.7074,network,0,0
Esagil,0x122c7,1,0.6289,0.7635,skeleton,0,0
Esagil,0x122c7,2,0.7118,0.7118,network,0,0
Esagil,0x122c7,3,0.0005,0.5107,network,0,0
Esagil,0x122c7,4,0.1686,0.6628,network,0,0
Esagil,0x122c7,5,0.4741,0.7773,skeleton,0,0
Esagil,0x122c7,6,0.4639,0.7722,network,0,0
Esagil,0x122c7,7,0.003,0.5993,network,1,0
Esagil,0x122c7,8,0.0502,0.6584,network,0,0
Esagil,0x122c7,9,0.5761,0.8379,network,0,0
Esagil,0x122c7,10,0.5224,0.7856,network,0,0
Esagil,0x122c7,11,0.6951,0.8551,network,0,0
Esagil,0x122c7,12,0.6275,0.8038,network,0,0
Esagil,0x122cb,1,0.6424,0.7642,skeleton,0,0
Esagil,0x122cb,2,0.733,0.733,network,0,0
Esagil,0x122cb,3,0.0001,0.4564,network,0,0
Esagil,0x122cb,4,0.1363,0.7086,network,0,0
Esagil,0x122cb,5,0.4727,0.7966,skeleton,0,0
Esagil,0x122cb,6,0.4819,0.7621,network,0,0
Esagil,0x122cb,7,0.0003,0.6671,network,1,0
Esagil,0x122cb,8,0.6715,0.8093,network,0,0
Esagil,0x122cb,9,0.5569,0.946,network,0,0
Esagil,0x122cb,10,0.7295,0.9143,network,0,0
Esagil,0x122cb,11,0.5569,0.9365,network,0,0
Esagil,0x122cb,12,0.721,0.8723,network,0,0
Esagil,0x122d2,1,0.0879,0.8259,network,0,0
Esagil,0x122d2,2,0.7491,0.7491,network,0,0
Esagil,0x122d2,3,0.6796,0.8205,network,0,0
Esagil,0x122d2,4,0.6429,0.801,network,0,0
Esagil,0x122d2,5,0.0044,0.5865,skeleton,0,0
Esagil,0x122d2,6,0.4062,0.8559,network,0,0
Esagil,0x122d2,7,0.4325,0.8111,network,0,0
Esagil,0x122d2,8,0.059,0.8604,network,0,0
Esagil,0x122d2,9,0.7162,0.8298,network,0,0
Esagil,0x122d2,10,0.0419,0.8561,network,0,0
Esagil,0x122d2,11,0.2386,0.9093,network,0,0
Esagil,0x122d2,12,0.5622,0.7899,skeleton,0,0
Esagil,0x122d2,13,0.5756,0.779,network,0,0
Esagil,0x122d2,14,0.5756,0.7915,network,0,0
Esagil,0x122d3,1,0.4727,0.6745,skeleton,0,0
Esagil,0x122d3,2,0.4003,0.7221,network,0,0
Esagil,0x122d3,3,0.817,0.8907,network,0,0
Esagil,0x122d3,4,0.0012,0.8578,network,0,0
Esagil,0x122d3,5,0.4927,0.8275,network,0,0
Esagil,0x122d3,6,0.6248,0.8155,network,0,0
Esagil,0x122d3,7,0.6334,0.8216,network,0,0
Esagil,0x122d4,1,0.0004,0.7742,skeleton,0,0
Esagil,0x122d4,2,0.7054,0.8715,network,0,0
Esagil,0x122d4,3,0.3491,0.4966,network,0,0
Esagil,0x122d4,4,0.0189,0.7589,skeleton,0,0
Esagil,0x122d4,5,0.577,0.8004,network,0,0
Esagil,0x122d4,6,0.0029,0.8129,network,0,0
Esagil,0x122d4,7,0.6442,0.8126,network,0,0
Esagil,0x122d6,1,0.748,0.8262,network,0,0
Esagil,0x122d6,2,0.646,0.8317,network,0,0
Esagil,0x122d6,3,0.7214,0.8888,network,0,0
Esagil,0x122d6,4,0.6667,0.9241,skeleton,0,0
Esagil,0x122d6,5,0.6039,0.6039,network,0,0
Esagil,0x122d7,1,0.6366,0.8426,network,0,0
Esagil,0x122d7,2,0.7603,0.8135,network,0,0
Esagil,0x122d7,3,0.6415,0.8754,network,0,0
Esagil,0x122d7,4,0.6447,0.8371,network,0,0
Esagil,0x122d7,5,0.6606,0.6606,network,0,0
Esagil,0x122d9,1,0.0108,0.9263,network,1,0
Esagil,0x122d9,2,0.0013,0.7718,network,0,0
Esagil,0x122da,1,0.6976,0.8358,network,0,0
Esagil,0x122da,2,0.1176,0.8959,network,0,0
Esagil,0x122da,3,0.2069,0.7934,skeleton,0,0
Esagil,0x122da,4,0.7272,0.7889,network,0,0
Esagil,0x122da,5,0.7272,0.9216,network,0,0
Esagil,0x122da,6,0.5302,0.9033,network,0,0
Esagil,0x122da,7,0.748,0.904,skeleton,0,0
Esagil,0x122da,8,0.7202,0.8384,network,0,0
Esagil,0x122da,9,0.8193,0.8549,network,0,0
Esagil,0x122da,10,0.3907,0.8754,network,0,0
Esagil,0x122da,11,0.7592,0.849,network,0,0
Esagil,0x122db,1,0.5521,0.7909,skeleton,0,0
Esagil,0x122db,2,0.6025,0.7729,network,0,0
Esagil,0x122db,3,0.6988,0.8035,network,0,0
Esagil,0x122db,4,0.7217,0.7994,skeleton,0,0
Esagil,0x122dd,1,0.7058,0.8492,skeleton,0,0
Esagil,0x122dd,2,0.6706,0.7409,skeleton,0,0
Esagil,0x122dd,3,0.6491,0.7058,network,0,0
Esagil,0x122dd,4,0.5699,0.7322,network,0,0
Esagil,0x122de,1,0.7334,0.8099,network,0,0
Esagil,0x122de,2,0.4523,0.8371,network,0,0
Esagil,0x122de,3,0.6562,0.8363,network,0,0
Esagil,0x122de,4,0.4069,0.7413,skeleton,0,0
Esagil,0x122de,5,0.6058,0.8937,skeleton,0,0
Esagil,0x122de,6,0.6375,0.8236,network,0,0
Esagil,0x122de,7,0.4118,0.7642,network,0,0
Esagil,0x122de,8,0.3238,0.7029,skeleton,0,0
Esagil,0x122de,9,0.4275,0.7256,network,0,0
Esagil,0x122de,10,0.0094,0.6388,network,0,0
Esagil,0x122e0,1,0.6514,0.6514,skeleton,0,0
Esagil,0x122e0,2,0.7387,0.8199,network,0,0
Esagil,0x122e0,3,0.5482,0.8421,skeleton,0,0
Esagil,0x122e0,4,0.6077,0.8864,network,0,0
Esagil,0x122e1,1,0.0018,0.6876,network,0,0
Esagil,0x122e1,2,0.6593,0.8684,network,0,0
Esagil,0x122e1,3,0.6137,0.841,network,0,0
Esagil,0x122e2,1,0.6901,0.7972,network,0,0
Esagil,0x122e2,2,0.6684,0.7998,network,0,0
Esagil,0x122e2,3,0.6025,0.9149,network,0,0
Esagil,0x122e2,4,0.7142,0.7756,network,0,0
Esagil,0x122e2,5,0.6762,0.767,network,0,0
Esagil,0x122e2,6,0.0008,0.7531,network,0,0
Esagil,0x122e4,1,0.5409,0.7912,network,0,0
Esagil,0x122e4,2,0.5283,0.7409,network,0,0
Esagil,0x122e4,3,0.7531,0.8281,network,0,0
Esagil,0x122e4,4,0.4071,0.9185,network,0,0
Esagil,0x122e4,5,0.001,0.7585,skeleton,0,0
Esagil,0x122e4,6,0.6156,0.8264,network,0,0
Esagil,0x122e4,7,0.6298,0.6298,skeleton,0,0
Esagil,0x122e4,8,0.7432,0.7813,network,0,0
Esagil,0x122e4,9,0.6876,0.8069,skeleton,0,0
Esagil,0x122e5,1,0.68,0.8573,network,0,0
Esagil,0x122e5,2,0.8004,0.8053,network,0,0
Esagil,0x122e5,3,0.5617,0.8111,skeleton,0,0
Esagil,0x122e5,4,0.5808,0.6864,network,0,0
Esagil,0x122e6,1,0.5107,0.7398,network,0,0
Esagil,0x122e6,2,0.677,0.8848,network,0,0
Esagil,0x122e6,3,0.002,0.3411,skeleton,0,0
Esagil,0x122e6,4,0.5588,0.7694,network,0,0
Esagil,0x122e6,5,0.0405,0.7375,network,0,0
Esagil,0x122e6,6,0.6885,0.8582,network,0,0
Esagil,0x122e6,7,0.8273,0.908,skeleton,0,0
Esagil,0x122e6,8,0.5622,0.8973,network,0,0
Esagil,0x122e6,9,0.3805,0.847,skeleton,0,0
Esagil,0x122e6,10,0.0019,0.8779,skeleton,0,0
Esagil,0x122e6,11,0.8155,0.9408,network,0,0
Esagil,0x122e6,12,0.5521,0.93,network,0,0
Esagil,0x122e6,13,0.3707,0.9456,network,0,0
Esagil,0x122e7,1,0.8179,0.862,network,0,0
Esagil,0x122e7,2,0.7206,0.9149,network,0,0
Esagil,0x122e7,3,0.6775,0.8981,network,0,0
Esagil,0x122e7,4,0.4388,0.9297,network,0,0
Esagil,0x122e7,5,0.6822,0.6822,network,0,0
Esagil,0x122e7,6,0.8093,0.8093,network,0,0
Esagil,0x122e7,7,0.0002,0.7086,skeleton,0,0
Esagil,0x122e9,1,0.677,0.7102,skeleton,0,0
Esagil,0x122e9,2,0.0842,0.8512,skeleton,0,0
Esagil,0x122e9,3,0.5063,0.8575,network,0,0
Esagil,0x122e9,4,0.0567,0.8933,network,0,0
Esagil,0x122eb,1,0.5583,0.7439,network,0,0
Esagil,0x122eb,2,0.5978,0.7972,network,0,0
Esagil,0x122eb,3,0.5813,0.9255,skeleton,0,0
Esagil,0x122eb,4,0.0429,0.8884,network,0,0
Esagil,0x122eb,5,0.0024,0.698,network,1,0
Esagil,0x122eb,6,0.0079,0.7498,network,1,0
Esagil,0x122eb,7,0.0052,0.8559,network,0,0
Esagil,0x122ed,1,0.7182,0.8336,skeleton,0,0
Esagil,0x122ed,2,0.6654,0.8004,network,0,0
Esagil,0x122ed,3,0.1325,0.904,network,0,0
Esagil,0x122ed,4,0.7287,0.7379,network,0,0
Esagil,0x122ed,5,0.7687,0.7976,network,0,0
Esagil,0x122ed,6,0.049,0.7736,network,0,0
Esagil,0x122ed,7,0.4946,0.7017,network,0,0
Esagil,0x122ed,8,0.498,0.7564,network,0,0
Esagil,0x122ed,9,0.6151,0.8556,network,0,0
Esagil,0x122ed,10,0.0049,0.7405,network,0,0
Esagil,0x122f0,1,0.6123,0.7394,network,0,0
Esagil,0x122f0,2,0.6095,0.7617,network,0,0
Esagil,0x122f3,1,0.6809,0.6809,network,0,0
Esagil,0x122f3,2,0.7074,0.7592,network,0,0
Esagil,0x122f3,3,0.6855,0.7094,skeleton,0,0
Esagil,0x122f3,4,0.6487,0.7866,network,0,0
Esagil,0x122f3,5,0.1146,0.6447,network,0,0
Esagil,0x122fa,1,0.696,0.7042,network,0,0
Esagil,0x122fa,2,0.7783,0.88,network,0,0
Esagil,0x122fa,3,0.668,0.7527,network,0,0
Esagil,0x122fa,4,0.5297,0.8075,skeleton,0,0
Esagil,0x122fa,5,0.5404,0.7732,network,0,0
Esagil,0x122fa,6,0.0294,0.7934,skeleton,0,0
Esagil,0x122fa,7,0.522,0.9182,network,0,0
Esagil,0x122fb,1,0.7314,0.7314,skeleton,0,0
Esagil,0x122fb,2,0.3502,0.787,network,0,0
Esagil,0x122fc,1,0.7603,0.8648,network,0,0
Esagil,0x122fc,2,0.5799,0.9093,network,0,0
Esagil,0x122fc,3,0.6632,0.9019,network,0,0
Esagil,0x122fc,4,0.6615,0.8675,network,0,0
Esagil,0x122fc,5,0.7405,0.8454,network,0,0
Esagil,0x122fd,1,0.5578,0.8371,network,0,0
Esagil,0x122fd,2,0.6339,0.849,network,0,0
Esagil,0x122fd,3,0.5525,0.8013,network,0,0
Esagil,0x122fd,4,0.7472,0.8029,network,0,0
Esagil,0x122fd,5,0.6123,0.7603,network,0,0
Esagil,0x122fd,6,0.0019,0.8629,network,0,1
Esagil,0x122fd,7,0.577,0.85,network,0,0
Esagil,0x122fd,8,0.5917,0.8267,network,0,0
Esagil,0x122fd,9,0.7567,0.7567,skeleton,0,0
Esagil,0x122fe,1,0.4639,0.661,skeleton,0,0
Esagil,0x122fe,2,0.0008,0.3322,network,1,0
Esagil,0x122fe,3,0.6021,0.7966,network,0,0
Esagil,0x122fe,4,0.3582,0.6897,skeleton,0,0
Esagil,0x122fe,5,0.0003,0.3778,network,1,0
Esagil,0x12300,1,0.329,0.6465,skeleton,0,0
Esagil,0x12301,1,0.554,0.554,network,0,0
Esagil,0x12301,2,0.433,0.433,network,0,0
Esagil,0x12301,3,0.6834,0.6834,network,0,0
Esagil,0x12301,4,0.4422,0.8643,network,0,0
Esagil,0x12301,5,0.4766,0.7086,network,0,0
Esagil,0x12301,6,0.5842,0.6715,network,0,0
Esagil,0x12301,7,0.8371,0.8371,network,0,0
Esagil,0x12301,8,0.3409,0.8728,network,0,0
Esagil,0x12301,9,0.0375,0.7656,network,0,0
Esagil,0x12305,1,0.6197,0.8914,network,0,0
Esagil,0x12305,2,0.5117,0.8309,network,0,0
Esagil,0x12305,3,0.3668,0.8625,network,0,0
Esagil,0x12305,4,0.6897,0.8084,network,0,0
Esagil,0x12305,5,0.0023,0.7886,network,0,0
Esagil,0x12305,6,0.6442,0.8363,network,0,0
Esagil,0x12305,7,0.5665,0.8242,skeleton,0,0
Esagil,0x12305,8,0.5997,0.8517,skeleton,0,0
Esagil,0x12305,9,0.5903,0.7311,network,0,0
Esagil,0x12306,1,0.6926,0.8599,network,0,0
Esagil,0x12306,2,0.5293,0.8852,network,0,0
Esagil,0x12306,3,0.7174,0.8791,network,0,0
Esagil,0x12306,4,0.6663,0.8697,network,0,0
Esagil,0x12306,5,0.6215,0.8512,network,0,0
Esagil,0x12306,6,0.715,0.7513,network,0,0
Esagil,0x12307,1,0.5477,0.677,network,0,0
Esagil,0x12307,2,0.6215,0.841,network,0,0
Esagil,0x12307,3,0.0099,0.408,skeleton,0,0
Esagil,0x12307,4,0.6179,0.7803,network,0,0
Esagil,0x12308,1,0.6284,0.8176,network,0,0
Esagil,0x12308,2,0.6783,0.8575,network,0,0
Esagil,0x12308,3,0.5049,0.6575,network,0,0
Esagil,0x12308,4,0.6792,0.8808,skeleton,0,0
Esagil,0x12308,5,0.5851,0.8911,network,0,0
Esagil,0x12308,6,0.7202,0.862,network,0,0
Esagil,0x12308,7,0.6361,0.8745,network,0,0
Esagil,0x12309,1,0.4434,0.8452,skeleton,0,0
Esagil,0x12309,2,0.3168,0.8179,network,0,0
Esagil,0x12309,3,0.6645,0.8387,network,0,0
Esagil,0x12309,4,0.5679,0.8643,network,0,0
Esagil,0x12309,5,0.6442,0.8787,network,0,0
Esagil,0x12309,6,0.6943,0.7645,network,0,0
Esagil,0x12309,7,0.7677,0.8347,network,0,0
Esagil,0x1230b,1,0.5283,0.9067,network,0,0
Esagil,0x1230c,1,0.5889,0.7739,network,0,0
Esagil,0x1230c,2,0.2178,0.6676,network,0,0
Esagil,0x1230c,3,0.2205,0.6935,network,0,0
Esagil,0x1230c,4,0.6597,0.849,network,0,0
Esagil,0x1230c,5,0.0121,0.5631,skeleton,1,0
Esagil,0x1230d,1,0.5607,0.7364,network,0,0
Esagil,0x1230d,2,0.0671,0.7122,network,0,0
Esagil,0x1230d,3,0.0031,0.8895,network,0,0
Esagil,0x12311,1,0.5751,0.8309,network,0,0
Esagil,0x12311,2,0.6316,0.8053,network,0,0
Esagil,0x12311,3,0.8132,0.8132,network,0,0
Esagil,0x12311,4,0.7763,0.8395,network,0,0
Esagil,0x12311,5,0.009,0.8723,network,0,0
Esagil,0x12312,1,0.6602,0.8325,skeleton,0,0
Esagil,0x12312,2,0.632,0.7086,network,0,0
Esagil,0x12312,3,0.5765,0.8657,network,0,0
Esagil,0x12312,4,0.284,0.6851,network,0,0
Esagil,0x12313,1,0.7663,0.8102,network,0,0
Esagil,0x12313,2,0.8587,0.8587,network,0,0
Esagil,0x12313,3,0.7025,0.8222,network,0,0
Esagil,0x12314,1,0.8072,0.8259,network,0,0
Esagil,0x12314,2,0.6289,0.719,network,0,0
Esagil,0x12314,3,0.441,0.8317,network,0,0
Esagil,0x12314,4,0.4038,0.8013,skeleton,0,0
Esagil,0x12314,5,0.6474,0.8355,network,0,0
Esagil,0x12314,6,0.0005,0.8787,network,0,0
Esagil,0x12314,7,0.3111,0.7094,network,0,0
Esagil,0x12314,8,0.7589,0.8253,network,0,0
Esagil,0x12314,9,0.0009,0.4746,network,1,0
Esagil,0x12314,10,0.0005,0.8389,network,0,0
Esagil,0x12317,1,0.0128,0.8317,network,0,0
Esagil,0x12317,2,0.6442,0.8158,network,0,0
Esagil,0x12317,3,0.5293,0.7976,network,0,0
Esagil,0x12317,4,0.5784,0.7846,network,0,0
Esagil,0x12317,5,0.3824,0.7066,network,0,0
Esagil,0x12317,6,0.0088,0.8502,network,0,0
Esagil,0x12318,1,0.6215,0.8292,network,0,0
Esagil,0x12318,2,0.0054,0.8155,network,0,0
Esagil,0x12318,3,0.6474,0.8585,network,0,0
Esagil,0x12318,4,0.587,0.8926,network,0,0
Esagil,0x12318,5,0.4163,0.8779,network,0,0
Esagil,0x12318,6,0.6447,0.8001,network,0,0
Esagil,0x12318,7,0.3895,0.8907,network,0,0
Esagil,0x12318,8,0.5631,0.9105,network,0,0
Esagil,0x12318,9,0.7217,0.7217,network,0,0
Esagil,0x12318,10,0.3847,0.7624,network,0,0
Esagil,0x12318,11,0.782,0.8775,network,0,0
Esagil,0x1231a,1,0.0128,0.8317,network,0,0
Esagil,0x1231a,2,0.6442,0.8158,network,0,0
Esagil,0x1231a,3,0.5293,0.7976,network,0,0
Esagil,0x1231a,4,0.5784,0.7846,network,0,0
Esagil,0x1231a,5,0.3824,0.7066,network,0,0
Esagil,0x1231a,6,0.0088,0.8502,network,0,0
Esagil,0x1231c,1,0.6918,0.6918,skeleton,0,0
Esagil,0x1231c,2,0.7656,0.9067,network,0,0
Esagil,0x1231c,3,0.6411,0.9353,network,0,0
Esagil,0x1231c,4,0.668,0.668,network,0,0
Esagil,0x1231c,5,0.7652,0.8117,network,0,0
Esagil,0x1231c,6,0.7556,0.7966,network,0,0
Esagil,0x1231c,7,0.5477,0.9329,network,0,0
Esagil,0x1231c,8,0.6021,0.6732,network,0,0
Esagil,0x1231c,9,0.7976,0.8816,network,0,0
Esagil,0x1231c,10,0.4698,0.4698,network,0,0
Esagil,0x1231c,11,0.3016,0.8604,skeleton,0,0
Esagil,0x1231c,12,0.7194,0.7691,network,0,0
Esagil,0x1231d,1,0.0002,0.7098,network,0,0
Esagil,0x1231d,2,0.0001,0.8065,network,0,0
Esagil,0x1231d,3,0.05,0.825,network,0,1
Esagil,0x1231d,4,0.4521,0.9089,network,0,0
Esagil,0x1231d,5,0.1336,0.7182,network,0,0
Esagil,0x1231d,6,0.6926,0.6926,network,0,0
Esagil,0x12322,1,0.6571,0.801,skeleton,0,0
Esagil,0x12322,2,0.6606,0.8702,network,0,0
Esagil,0x12322,3,0.4173,0.8779,network,0,0
Esagil,0x12322,4,0.642,0.8575,network,0,0
Esagil,0x12322,5,0.7549,0.8787,network,0,0
Esagil,0x12322,6,0.6988,0.8044,network,0,0
Esagil,0x12322,7,0.4712,0.7487,network,0,0
Esagil,0x12322,8,0.5361,0.7889,skeleton,0,0
Esagil,0x12322,9,0.5689,0.8517,skeleton,0,0
Esagil,0x12322,10,0.6736,0.6736,network,0,0
Esagil,0x12322,11,0.3544,0.7214,skeleton,0,0
Esagil,0x12322,12,0.6663,0.7194,skeleton,0,0
Esagil,0x12322,13,0.0502,0.6897,network,0,0
Esagil,0x12322,14,0.4932,0.782,network,0,0
Esagil,0x12322,15,0.7174,0.8029,network,0,0
Esagil,0x12322,16,0.6968,0.7295,network,0,0
Esagil,0x12322,17,0.0137,0.8275,network,0,0
Esagil,0x12324,1,0.698,0.7944,network,0,0
Esagil,0x12324,2,0.0004,0.8549,network,0,0
Esagil,0x12324,3,0.7663,0.903,skeleton,0,0
Esagil,0x12324,4,0.6809,0.8899,skeleton,0,0
Esagil,0x12324,5,0.4849,0.8262,skeleton,0,0
Esagil,0x12324,6,0.5684,0.7538,skeleton,0,0
Esagil,0x12324,7,0.6663,0.8164,skeleton,0,0
Esagil,0x12324,8,0.6366,0.8429,skeleton,0,0
Esagil,0x12324,9,0.0252,0.5559,network,0,0
Esagil,0x12324,10,0.5414,0.7387,network,0,0
Esagil,0x12324,11,0.05,0.7742,skeleton,0,1
Esagil,0x12324,12,0.713,0.8376,network,0,0
Esagil,0x12324,13,0.4,0.8891,network,0,0
Esagil,0x12324,14,0.6225,0.8571,network,0,0
Esagil,0x12326,1,0.5784,0.7718,network,0,0
Esagil,0x12326,2,0.5784,0.6676,network,0,0
Esagil,0x12326,3,0.7531,0.8544,skeleton,0,0
Esagil,0x12326,4,0.0671,0.8117,network,0,0
Esagil,0x12326,5,0.7827,0.931,skeleton,0,0
Esagil,0x12326,6,0.3473,0.9115,network,0,0
Esagil,0x12328,1,0.6926,0.8295,skeleton,0,0
Esagil,0x12328,2,0.6864,0.8035,network,0,0
Esagil,0x12328,3,0.6658,0.7487,skeleton,0,0
Esagil,0x12328,4,0.6897,0.6897,network,0,0
Esagil,0x12328,5,0.6325,0.6325,network,0,0
Esagil,0x1232b,1,0.2796,0.6697,skeleton,0,0
Esagil,0x1232b,2,0.6602,0.6779,network,0,0
Esagil,0x1232b,3,0.4976,0.742,network,0,0
Esagil,0x1232b,4,0.6549,0.7546,network,0,0
Esagil,0x1232b,5,0.5103,0.7066,skeleton,0,0
Esagil,0x1232b,6,0.7042,0.7322,network,0,0
Esagil,0x1232b,7,0.0004,0.7892,network,0,0
Esagil,0x12334,1,0.7291,0.8123,network,0,0
Esagil,0x12334,2,0.5875,0.6375,network,0,0
Esagil,0x12334,3,0.8303,0.8416,network,0,0
Esagil,0x12334,4,0.0039,0.6091,skeleton,0,0
Esagil,0x12334,5,0.7299,0.8019,skeleton,0,0
Esagil,0x12335,1,0.0023,0.6343,skeleton,0,0
Esagil,0x12335,2,0.6762,0.7567,network,0,0
Esagil,0x12335,3,0.6885,0.8382,skeleton,0,0
Esagil,0x12335,4,0.5903,0.7866,network,0,0
Esagil,0x12335,5,0.6252,0.7856,network,0,0
Esagil,0x12335,6,0.6284,0.8984,network,0,0
Esagil,0x12335,7,0.4486,0.8941,network,1,0
Esagil,0x12335,8,0.6411,0.9202,network,0,0
Esagil,0x12335,9,0.3723,0.8941,network,0,0
Esagil,0x12335,10,0.539,0.8392,network,0,0
Esagil,0x12337,1,0.5978,0.7424,network,0,0
Esagil,0x12337,2,0.6406,0.7033,network,0,0
Esagil,0x12337,3,0.05,0.6689,network,0,1
Esagil,0x12337,4,0.6536,0.7567,network,0,0
Esagil,0x12337,5,0.004,0.785,network,0,0
Esagil,0x1233a,1,0.6571,0.6571,network,0,0
Esagil,0x1233a,2,0.4829,0.5946,skeleton,0,0
Esagil,0x1233a,3,0.0072,0.7086,network,0,0
Esagil,0x1233a,4,0.5525,0.7921,network,0,0
Esagil,0x1233a,5,0.3977,0.8587,network,0,0
Esagil,0x1233a,6,0.7158,0.7428,network,0,0
Esagil,0x1233a,7,0.0012,0.7484,network,0,0
Esagil,0x12340,1,0.6702,0.7607,network,0,0
Esagil,0x12340,2,0.537,0.7998,network,0,0
Esagil,0x12340,3,0.5997,0.7322,network,0,0
Esagil,0x12340,4,0.658,0.841,network,0,0
Esagil,0x12340,5,0.0005,0.9196,network,0,0
Esagil,0x12340,6,0.0,0.7645,network,0,0
Esagil,0x12340,7,0.616,0.9155,network,0,0
Esagil,0x12340,8,0.6415,0.9176,skeleton,0,0
Esagil,0x12340,9,0.5578,0.7856,network,0,0
Esagil,0x12340,10,0.5799,0.9005,network,0,0
Esagil,0x12340,11,0.7253,0.7341,network,0,0
Esagil,0x12342,1,0.6095,0.7126,skeleton,0,0
Esagil,0x12342,2,0.4562,0.6741,network,0,0
Esagil,0x12342,3,0.4888,0.8059,skeleton,0,0
Esagil,0x12342,4,0.363,0.7649,network,0,0
Esagil,0x12342,5,0.6357,0.6357,network,0,0
Esagil,0x12342,6,0.3567,0.8075,network,0,0
Esagil,0x12342,7,0.596,0.596,skeleton,0,0
Esagil,0x12342,8,0.6206,0.7284,network,0,0
Esagil,0x12347,1,0.6238,0.7264,skeleton,0,0
Esagil,0x12347,2,0.5641,0.7046,network,0,0
Esagil,0x12347,3,0.003,0.5472,network,0,0
Esagil,0x12347,4,0.6813,0.7229,network,0,0
Esagil,0x12347,5,0.7843,0.801,network,0,0
Esagil,0x12347,6,0.7753,0.8771,network,0,0
Esagil,0x12347,7,0.5636,0.7311,network,0,0
Esagil,0x1234d,1,0.6993,0.8053,skeleton,0,0
Esagil,0x1234d,2,0.4557,0.6307,network,0,0
Esagil,0x1234d,3,0.0081,0.787,skeleton,0,0
Esagil,0x1234d,4,0.4547,0.796,network,0,0
Esagil,0x1234d,5,0.7603,0.8289,network,0,0
Esagil,0x1234d,6,0.5665,0.908,network,0,0
Esagil,0x1234d,7,0.7673,0.8702,network,0,0
Esagil,0x1234d,8,0.0014,0.7439,network,0,0
Esagil,0x1234e,1,0.6343,0.7268,network,0,0
Esagil,0x1234e,2,0.6424,0.836,network,0,0
Esagil,0x1234e,3,0.5708,0.7659,network,0,0
Esagil,0x1234e,4,0.642,0.782,network,0,0
Esagil,0x1234e,5,0.0021,0.795,network,0,0
Esagil,0x1234e,6,0.5603,0.819,network,0,0
Esagil,0x1234e,7,0.1903,0.7749,network,0,0
Esagil,0x1234e,8,0.7691,0.8309,skeleton,0,0
Esagil,0x1234e,9,0.0328,0.867,network,0,0
Esagil,0x1234e,10,0.7268,0.7896,network,0,0
Esagil,0x1234e,11,0.428,0.8056,network,0,0
Esagil,0x1234f,1,0.6105,0.7498,skeleton,0,0
Esagil,0x1234f,2,0.5501,0.7617,network,0,0
Esagil,0x1234f,3,0.0289,0.8242,network,0,0
Esagil,0x1234f,4,0.0012,0.9127,network,0,0
Esagil,0x1234f,5,0.4571,0.7905,skeleton,0,0
Esagil,0x1234f,6,0.5229,0.8723,network,0,0
Esagil,0x1234f,7,0.0002,0.7307,network,0,0
Esagil,0x12351,1,0.5622,0.7628,skeleton,0,0
Esagil,0x12351,2,0.5424,0.713,network,0,0
Esagil,0x12351,3,0.0246,0.9131,skeleton,0,0
Esagil,0x12351,4,0.0187,0.931,network,0,0
Esagil,0x12351,5,0.0013,0.7025,network,1,0
Esagil,0x12351,6,0.5535,0.7803,skeleton,0,0
Esagil,0x12352,1,0.05,0.779,network,0,1
Esagil,0x12352,2,0.5922,0.7066,network,0,0
Esagil,0x12352,3,0.7976,0.8959,network,0,0
Esagil,0x12352,4,0.8796,0.8922,network,0,0
Esagil,0x12352,5,0.0024,0.4727,network,1,0
Esagil,0x12352,6,0.7705,0.7705,network,0,0
Esagil,0x12352,7,0.3664,0.378,network,0,0
Esagil,0x12352,8,0.5931,0.5931,skeleton,0,0
Esagil,0x12352,9,0.7691,0.817,network,0,0
Esagil,0x12352,10,0.0408,0.7863,network,0,0
Esagil,0x1235a,1,0.4683,0.8225,network,0,0
Esagil,0x1235a,2,0.786,0.8239,network,0,0
Esagil,0x1235a,3,0.8295,0.8643,network,0,0
Esagil,0x1235a,4,0.1122,0.7624,network,0,0
Esagil,0x1235a,5,0.0211,0.8349,network,0,0
Esagil,0x1235a,6,0.4966,0.7909,network,0,0
Esagil,0x1235a,7,0.6693,0.8322,network,0,0
Esagil,0x1235a,8,0.3482,0.6745,network,0,0
Esagil,0x1235a,9,0.5103,0.8289,skeleton,0,0
Esagil,0x1235c,1,0.7042,0.8202,skeleton,0,0
Esagil,0x1235c,2,0.7502,0.8594,network,0,0
Esagil,0x1235c,3,0.5651,0.7237,network,0,0
Esagil,0x1235c,4,0.7372,0.9228,network,0,0
Esagil,0x1235c,5,0.0162,0.8482,network,0,0
Esagil,0x1235c,6,0.6415,0.6415,network,0,0
Esagil,0x1235c,7,0.35,0.7827,network,0,0
Esagil,0x1235c,8,0.198,0.33,network,1,0
Esagil,0x1235d,1,0.7134,0.867,network,0,0
Esagil,0x1235d,2,0.0028,0.7715,skeleton,0,0
Esagil,0x1235d,3,0.2894,0.7684,skeleton,0,0
Esagil,0x1235d,4,0.8397,0.9225,network,0,0
Esagil,0x1235e,1,0.5679,0.7712,network,0,0
Esagil,0x1235e,2,0.587,0.7659,skeleton,0,0
Esagil,0x1235e,3,0.0018,0.7424,network,0,0
Esagil,0x1235e,4,0.5651,0.8556,skeleton,0,0
Esagil,0x12360,1,0.4654,0.8914,network,0,0
Esagil,0x12360,2,0.6049,0.795,network,0,0
Esagil,0x12360,3,0.6123,0.9105,network,0,0
Esagil,0x12360,4,0.3954,0.8608,network,0,0
Esagil,0x12360,5,0.4201,0.8728,skeleton,0,0
Esagil,0x12360,6,0.5366,0.8267,network,0,0
Esagil,0x12360,7,0.6728,0.7963,network,0,0
Esagil,0x12360,8,0.148,0.5229,network,1,0
Esagil,0x12362,1,0.6169,0.7398,skeleton,0,0
Esagil,0x12362,2,0.0065,0.7645,network,0,1
Esagil,0x12362,3,0.6397,0.8123,network,0,0
Esagil,0x12362,4,0.6091,0.8275,network,0,0
Esagil,0x12362,5,0.6081,0.8454,network,0,0
Esagil,0x12362,6,0.7405,0.7649,network,0,0
Esagil,0x12362,7,0.7074,0.7074,network,0,0
Esagil,0x12362,8,0.0003,0.742,network,0,0
Esagil,0x12363,1,0.3022,0.7114,network,0,0
Esagil,0x12363,2,0.5015,0.8634,skeleton,0,0
Esagil,0x12363,3,0.3022,0.4463,network,0,0
Esagil,0x12363,4,0.0056,0.8625,network,0,0
Esagil,0x12363,5,0.6397,0.7174,network,0,0
Esagil,0x12363,6,0.745,0.8715,network,0,0
Esagil,0x12363,7,0.0026,0.9067,network,0,0
Esagil,0x12364,1,0.5472,0.6589,network,0,0
Esagil,0x12364,2,0.5472,0.7599,skeleton,0,0
Esagil,0x12364,3,0.7564,0.8933,skeleton,0,0
Esagil,0x12364,4,0.5171,0.8524,network,0,0
Esagil,0x12364,5,0.5351,0.8559,skeleton,0,0
Esagil,0x12364,6,0.603,0.8918,network,0,0
Esagil,0x12364,7,0.628,0.8384,network,0,0
Esagil,0x12364,8,0.1667,0.8397,network,0,0
Esagil,0x12364,9,0.0018,0.9073,network,0,0
Esagil,0x12364,10,0.8309,0.8309,network,0,0
Esagil,0x12364,11,0.5356,0.8728,network,0,0
Esagil,0x12364,12,0.0026,0.906,network,0,0
Esagil,0x12365,1,0.6926,0.8599,network,0,0
Esagil,0x12365,2,0.5293,0.8852,network,0,0
Esagil,0x12365,3,0.7174,0.8791,network,0,0
Esagil,0x12365,4,0.6663,0.8697,network,0,0
Esagil,0x12365,5,0.6215,0.8512,network,0,0
Esagil,0x12365,6,0.715,0.7513,network,0,0
Esagil,0x12366,1,0.745,0.7509,network,0,0
Esagil,0x12366,2,0.8193,0.8193,network,0,0
Esagil,0x12366,3,0.0,0.7909,network,0,1
Esagil,0x12366,4,0.0024,0.8732,network,0,0
Esagil,0x12368,1,0.7038,0.8281,network,0,0
Esagil,0x12368,2,0.7214,0.8309,skeleton,0,0
Esagil,0x12368,3,0.5856,0.9327,network,0,0
Esagil,0x12368,4,0.5361,0.7439,skeleton,0,0
Esagil,0x12368,5,0.5559,0.7058,skeleton,0,0
Esagil,0x12368,6,0.4337,0.7253,network,0,0
Esagil,0x12368,7,0.0293,0.7991,network,0,0
Esagil,0x12368,8,0.4649,0.8256,network,0,0
Esagil,0x1236a,1,0.6783,0.9005,network,0,0
Esagil,0x1236a,2,0.7394,0.8444,network,0,0
Esagil,0x1236a,3,0.5694,0.7645,network,0,0
Esagil,0x1236a,4,0.717,0.786,network,0,0
Esagil,0x1236a,5,0.0126,0.7484,skeleton,0,0
Esagil,0x1236e,1,0.0622,0.8758,skeleton,0,0
Esagil,0x1236e,2,0.7535,0.8634,network,0,0
Esagil,0x1236e,3,0.567,0.6211,network,0,0
Esagil,0x1236e,4,0.7535,0.8741,skeleton,0,0
Esagil,0x1236e,5,0.7033,0.8072,network,0,0
Esagil,0x1236e,6,0.6697,0.8352,network,0,0
Esagil,0x1236e,7,0.7889,0.8836,network,0,0
Esagil,0x1236e,8,0.719,0.8679,network,0,0
Esagil,0x1237c,1,0.6478,0.7813,network,0,0
Esagil,0x1237c,2,0.7345,0.8856,network,0,0
Esagil,0x1237c,3,0.6238,0.8529,network,0,0
Esagil,0x1237c,4,0.6415,0.8634,network,0,0
Esagil,0x1237c,5,0.7498,0.7673,network,0,0
Esagil,0x1237c,6,0.5341,0.925,network,0,0
Esagil,0x1237c,7,0.5166,0.888,skeleton,0,0
Esagil,0x1237c,8,0.3935,0.3935,network,0,0
Esagil,0x1237c,9,0.6293,0.6293,network,0,0
Esagil,0x1237c,10,0.6429,0.6624,network,0,0
Esagil,0x1237c,11,0.5317,0.9012,network,0,0
Esagil,0x1237d,1,0.6792,0.7991,network,0,0
Esagil,0x1237d,2,0.0014,0.7732,network,0,0
Esagil,0x1237d,3,0.5578,0.9173,network,0,0
Esagil,0x1237d,4,0.8143,0.8149,network,0,0
Esagil,0x1237d,5,0.733,0.9121,network,0,0
Esagil,0x1237d,6,0.5293,0.7387,skeleton,0,0
Esagil,0x1237d,7,0.0295,0.7979,network,0,0
Esagil,0x1237d,8,0.555,0.8004,skeleton,0,0
Esagil,0x1237d,9,0.0026,0.8436,skeleton,0,0
Esagil,0x1238c,1,0.0002,0.8688,network,0,0
Esagil,0x1238c,2,0.0026,0.633,network,0,0
Esagil,0x1238c,3,0.455,0.823,network,0,0
Esagil,0x1238c,4,0.3739,0.8247,network,0,0
Esagil,0x1238c,5,0.0719,0.6719,network,0,0
Esagil,0x1238e,1,0.6663,0.7843,network,0,0
Esagil,0x1238e,2,0.3185,0.7498,network,0,0
Esagil,0x1238e,3,0.6361,0.8688,network,0,0
Esagil,0x1238e,4,0.6788,0.8791,network,0,0
Esagil,0x1238e,5,0.1583,0.8264,network,0,0
Esagil,0x1238f,1,0.4732,0.9185,skeleton,0,0
Esagil,0x1238f,2,0.7299,0.8482,network,0,0
Esagil,0x1238f,3,0.7299,0.848,network,0,0
Esagil,0x1238f,4,0.5718,0.9124,network,0,0
Esagil,0x1238f,5,0.7413,0.9043,skeleton,0,0
Esagil,0x1238f,6,0.0097,0.7729,network,0,0
Esagil,0x1238f,7,0.4966,0.8524,skeleton,0,0
Esagil,0x1238f,8,0.6624,0.8812,network,0,0
Esagil,0x1238f,9,0.6775,0.784,network,0,0
Esagil,0x1238f,10,0.677,0.677,network,0,0
Esagil,0x12394,1,0.6602,0.9012,network,0,0
Esagil,0x12394,2,0.7564,0.8447,network,0,0
Esagil,0x12394,3,0.0289,0.8868,network,0,0
Esagil,0x12394,4,0.4688,0.8732,network,0,0
Esagil,0x12394,5,0.4902,0.9047,network,0,0
Esagil,0x12394,6,0.733,0.9067,network,0,0
Esagil,0x12394,7,0.0341,0.7217,skeleton,0,0
Esagil,0x12394,8,0.728,0.8413,skeleton,0,0
Esagil,0x12394,9,0.7982,0.8741,network,0,0
Esagil,0x12394,10,0.7886,0.8004,network,0,0
Esagil,0x12394,11,0.8298,0.9276,network,0,0
Esagil,0x12394,12,0.6584,0.696,network,0,0
Esagil,0x12394,13,0.7759,0.9199,network,0,0
Esagil,0x12394,14,0.7729,0.7982,network,0,0
Esagil,0x12400,1,0.6562,0.8173,network,0,0
Esagil,0x12400,2,0.6384,0.707,network,0,0
Esagil,0x12402,1,0.696,0.696,network,0,0
Esagil,0x12402,2,0.7074,0.8352,network,0,0
Esagil,0x12402,3,0.6951,0.7776,network,0,0
Esagil,0x12402,4,0.5842,0.858,network,0,0
Esagil,0x12403,1,0.7432,0.805,network,0,0
Esagil,0x12403,2,0.7614,0.8771,network,0,0
Esagil,0x12403,3,0.7535,0.7902,network,0,0
Esagil,0x12403,4,0.7624,0.8245,network,0,0
Esagil,0x12403,5,0.6311,0.7198,network,0,0
Esagil,0x12404,1,0.6796,0.7074,network,0,0
Esagil,0x12404,2,0.7268,0.7531,network,0,0
Esagil,0x12404,3,0.6935,0.6935,network,0,0
Esagil,0x12404,4,0.6156,0.7746,network,0,0
Esagil,0x12404,5,0.6081,0.7198,network,0,0
Esagil,0x12404,6,0.6817,0.7718,skeleton,0,0
Esagil,0x12405,1,0.7256,0.8135,network,0,0
Esagil,0x12405,2,0.7046,0.8167,network,0,0
Esagil,0x12405,3,0.7963,0.8723,network,0,0
Esagil,0x12405,4,0.7546,0.8395,network,0,0
Esagil,0x12405,5,0.5694,0.862,network,0,0
Esagil,0x12405,6,0.7746,0.8736,network,0,0
Esagil,0x12405,7,0.6169,0.8652,network,0,0
Esagil,0x12406,1,0.7276,0.7691,skeleton,0,0
Esagil,0x12406,2,0.7334,0.8259,skeleton,0,0
Esagil,0x12406,3,0.768,0.83,skeleton,0,0
Esagil,0x12406,4,0.7182,0.8317,network,0,0
Esagil,0x12406,5,0.6602,0.7553,network,0,0
Esagil,0x12406,6,0.7009,0.8289,network,0,0
Esagil,0x12406,7,0.6343,0.7531,network,0,0
Esagil,0x12406,8,0.6628,0.7341,skeleton,0,0
Esagil,0x12407,1,0.6826,0.7443,skeleton,0,0
Esagil,0x12407,2,0.7214,0.8102,skeleton,0,0
Esagil,0x12407,3,0.6993,0.7592,network,0,0
Esagil,0x12407,4,0.6388,0.8213,network,0,0
Esagil,0x12407,5,0.7694,0.9036,network,0,0
Esagil,0x12407,6,0.7307,0.8723,network,0,0
Esagil,0x12407,7,0.5737,0.8554,network,0,0
Esagil,0x12407,8,0.7753,0.8868,network,0,0
Esagil,0x12407,9,0.6072,0.859,network,0,0
Esagil,0x12408,1,0.7621,0.785,network,0,0
Esagil,0x12408,2,0.7659,0.8278,network,0,0
Esagil,0x12408,3,0.1712,0.8374,network,0,0
Esagil,0x12409,1,0.7134,0.867,network,0,0
Esagil,0x12409,2,0.0028,0.7715,skeleton,0,0
Esagil,0x12409,3,0.2894,0.7684,skeleton,0,0
Esagil,0x12409,4,0.8397,0.9225,network,0,0
Esagil,0x1240a,1,0.5545,0.9086,network,0,0
Esagil,0x1240a,2,0.3316,0.8126,skeleton,0,0
Esagil,0x1240a,3,0.745,0.9289,network,0,0
Esagil,0x1240a,4,0.1007,0.8604,network,0,0
Esagil,0x1240a,5,0.5205,0.8534,network,0,0
Esagil,0x1240b,1,0.5215,0.8918,network,0,0
Esagil,0x1240b,2,0.7495,0.8998,network,0,0
Esagil,0x1240b,3,0.7928,0.8754,network,0,0
Esagil,0x1240b,4,0.7649,0.8981,network,0,0
Esagil,0x1240b,5,0.696,0.8903,network,0,0
Esagil,0x1240b,6,0.4554,0.8749,network,0,0
Esagil,0x1240c,1,0.1672,0.9552,network,0,0
Esagil,0x1240c,2,0.7458,0.9134,network,0,0
Esagil,0x1240c,3,0.5832,0.8736,network,0,0
Esagil,0x1240c,4,0.7953,0.9502,network,0,0
Esagil,0x1240c,5,0.8084,0.9558,network,0,0
Esagil,0x1240c,6,0.5467,0.9395,network,0,0
Esagil,0x1240c,7,0.4458,0.9043,network,0,0
Esagil,0x1240d,1,0.6339,0.9677,network,0,0
Esagil,0x1240d,2,0.5603,0.9438,network,0,0
Esagil,0x1240d,3,0.6229,0.8022,network,0,0
Esagil,0x1240d,4,0.827,0.9679,network,0,0
Esagil,0x1240d,5,0.7535,0.9456,network,0,0
Esagil,0x1240d,6,0.4693,0.9083,skeleton,0,0
Esagil,0x1240d,7,0.6775,0.9668,network,0,0
Esagil,0x1240d,8,0.502,0.9406,network,0,0
Esagil,0x1240e,1,0.3605,0.8895,network,0,0
Esagil,0x1240e,2,0.627,0.9578,network,0,0
Esagil,0x1240e,3,0.7379,0.903,network,0,0
Esagil,0x1240e,4,0.6834,0.9115,network,0,0
Esagil,0x1240e,5,0.7303,0.9497,network,0,0
Esagil,0x1240e,6,0.7691,0.93,network,0,0
Esagil,0x1240e,7,0.7725,0.9571,network,0,0
Esagil,0x1240e,8,0.7739,0.9332,network,0,0
Esagil,0x1240e,9,0.5029,0.9476,network,0,0
Esagil,0x1240f,1,0.7753,0.8225,network,0,0
Esagil,0x1240f,2,0.5879,0.8245,network,0,0
Esagil,0x1240f,3,0.7556,0.8559,network,0,0
Esagil,0x1240f,4,0.0871,0.908,network,0,0
Esagil,0x12410,1,0.6243,0.7863,network,0,0
Esagil,0x12410,2,0.7074,0.8081,network,0,0
Esagil,0x12410,3,0.2642,0.9026,network,0,0
Esagil,0x12410,4,0.7538,0.8918,network,0,0
Esagil,0x12410,5,0.0457,0.8828,network,0,0
Esagil,0x12411,1,0.6671,0.7756,network,0,0
Esagil,0x12411,2,0.6229,0.7912,network,0,0
Esagil,0x12411,3,0.6619,0.7487,network,0,0
Esagil,0x12411,4,0.4513,0.8341,network,0,0
Esagil,0x12411,5,0.6901,0.8754,network,0,0
Esagil,0x12411,6,0.4732,0.8732,network,0,0
Esagil,0x12416,1,0.7424,0.7585,network,0,0
Esagil,0x12416,2,0.0026,0.905,network,0,0
Esagil,0x12419,1,0.5545,0.9086,network,0,0
Esagil,0x12419,2,0.3316,0.8126,skeleton,0,0
Esagil,0x12419,3,0.745,0.9289,network,0,0
Esagil,0x12419,4,0.1007,0.8604,network,0,0
Esagil,0x12419,5,0.5205,0.8534,network,0,0
Esagil,0x1241a,1,0.5215,0.8918,network,0,0
Esagil,0x1241a,2,0.7495,0.8998,network,0,0
Esagil,0x1241a,3,0.7928,0.8754,network,0,0
Esagil,0x1241a,4,0.7649,0.8981,network,0,0
Esagil,0x1241a,5,0.696,0.8903,network,0,0
Esagil,0x1241a,6,0.4554,0.8749,network,0,0
Esagil,0x1241b,1,0.1672,0.9552,network,0,0
Esagil,0x1241b,2,0.7458,0.9134,network,0,0
Esagil,0x1241b,3,0.5832,0.8736,network,0,0
Esagil,0x1241b,4,0.7953,0.9502,network,0,0
Esagil,0x1241b,5,0.8084,0.9558,network,0,0
Esagil,0x1241b,6,0.5467,0.9395,network,0,0
Esagil,0x1241b,7,0.4458,0.9043,network,0,0
Esagil,0x1241c,1,0.6339,0.9677,network,0,0
Esagil,0x1241c,2,0.5603,0.9438,network,0,0
Esagil,0x1241c,3,0.6229,0.8022,network,0,0
Esagil,0x1241c,4,0.827,0.9679,network,0,0
Esagil,0x1241c,5,0.7535,0.9456,network,0,0
Esagil,0x1241c,6,0.4693,0.9083,skeleton,0,0
Esagil,0x1241c,7,0.6775,0.9668,network,0,0
Esagil,0x1241c,8,0.502,0.9406,network,0,0
Esagil,0x1241d,1,0.3605,0.8895,network,0,0
Esagil,0x1241d,2,0.627,0.9578,network,0,0
Esagil,0x1241d,3,0.7379,0.903,network,0,0
Esagil,0x1241d,4,0.6834,0.9115,network,0,0
Esagil,0x1241d,5,0.7303,0.9497,network,0,0
Esagil,0x1241d,6,0.7691,0.93,network,0,0
Esagil,0x1241d,7,0.7725,0.9571,network,0,0
Esagil,0x1241d,8,0.7739,0.9332,network,0,0
Esagil,0x1241d,9,0.5029,0.9476,network,0,0
Esagil,0x1241e,1,0.6536,0.6859,network,0,0
Esagil,0x1241e,2,0.6805,0.8914,network,0,0
Esagil,0x1243a,1,0.6411,0.7823,network,0,0
Esagil,0x1243a,2,0.6602,0.8331,network,0,0
Esagil,0x1243a,3,0.5751,0.7969,network,0,0
Esagil,0x1243b,1,0.6684,0.6684,network,0,0
Esagil,0x1243b,2,0.7349,0.817,network,0,0
Esagil,0x1243b,3,0.6527,0.7375,network,0,0
Esagil,0x1243c,1,0.6357,0.8775,network,0,0
Esagil,0x1243c,2,0.6248,0.8549,skeleton,0,0
Esagil,0x1243c,3,0.5875,0.9105,network,0,0
Esagil,0x1243c,4,0.5127,0.8922,network,0,0
Esagil,0x1243d,1,0.6211,0.7988,network,0,0
Esagil,0x1243d,2,0.5875,0.7291,network,0,0
Esagil,0x1243d,3,0.7154,0.7756,network,0,0
Esagil,0x1243d,4,0.4698,0.7677,network,0,0
Esagil,0x12440,1,0.7182,0.7291,network,0,0
Esagil,0x12440,2,0.6847,0.7876,network,0,0
Esagil,0x12440,3,0.7398,0.7982,network,0,0
Esagil,0x12440,4,0.567,0.7739,skeleton,0,0
Esagil,0x12440,5,0.6663,0.6809,skeleton,0,0
Esagil,0x12440,6,0.713,0.7889,network,0,0
Esagil,0x12441,1,0.726,0.726,network,0,0
Esagil,0x12441,2,0.6567,0.7233,network,0,0
Esagil,0x12441,3,0.7546,0.8331,network,0,0
Esagil,0x12441,4,0.6243,0.7853,network,0,0
Esagil,0x12441,5,0.6762,0.8314,network,0,0
Esagil,0x12441,6,0.7214,0.7527,network,0,0
Esagil,0x12441,7,0.6783,0.7624,network,0,0
Esagil,0x12445,1,0.7435,0.8038,skeleton,0,0
Esagil,0x12445,2,0.6118,0.8242,network,0,0
Esagil,0x12445,3,0.7364,0.7925,network,0,0
Esagil,0x12445,4,0.6872,0.7896,network,0,0
Esagil,0x12445,5,0.7556,0.7556,network,0,0
Esagil,0x12445,6,0.6736,0.7364,network,0,0
Esagil,0x12445,7,0.5993,0.7291,skeleton,0,0
Esagil,0x12445,8,0.5913,0.8146,network,0,0
Esagil,0x12446,1,0.3605,0.8895,network,0,0
Esagil,0x12446,2,0.627,0.9578,network,0,0
Esagil,0x12446,3,0.7379,0.903,network,0,0
Esagil,0x12446,4,0.6834,0.9115,network,0,0
Esagil,0x12446,5,0.7303,0.9497,network,0,0
Esagil,0x12446,6,0.7691,0.93,network,0,0
Esagil,0x12446,7,0.7725,0.9571,network,0,0
Esagil,0x12446,8,0.7739,0.9332,network,0,0
Esagil,0x12446,9,0.5029,0.9476,network,0,0
Esagil,0x12447,1,0.6077,0.7553,network,0,0
Esagil,0x12447,2,0.7495,0.7495,network,0,0
Esagil,0x12447,3,0.721,0.8233,network,0,0
Esagil,0x12447,4,0.6234,0.7691,network,0,0
Esagil,0x12447,5,0.7118,0.7753,network,0,0
Esagil,0x12447,6,0.782,0.782,network,0,0
Esagil,0x12447,7,0.6667,0.7417,network,0,0
Esagil,0x12447,8,0.6758,0.748,network,0,0
Esagil,0x12447,9,0.616,0.7241,skeleton,0,0
Esagil,0x12448,1,0.7182,0.8544,network,0,0
Esagil,0x12448,2,0.6095,0.8736,skeleton,0,0
Esagil,0x12448,3,0.6063,0.8141,skeleton,0,0
Esagil,0x12449,1,0.7691,0.8608,network,0,0
Esagil,0x12449,2,0.4815,0.9358,network,0,0
Esagil,0x12449,3,0.4956,0.8812,network,0,0
Esagil,0x1244c,1,0.5679,0.7712,network,0,0
Esagil,0x1244c,2,0.587,0.7659,skeleton,0,0
Esagil,0x1244c,3,0.0018,0.7424,network,0,0
Esagil,0x1244c,4,0.5651,0.8556,skeleton,0,0
Esagil,0x1244f,1,0.6197,0.6906,skeleton,0,0
Esagil,0x1244f,2,0.0003,0.7666,network,0,0
Esagil,0x12450,1,0.5404,0.8059,network,0,0
Esagil,0x12450,2,0.555,0.7202,network,0,0
Esagil,0x12450,3,0.0003,0.8661,network,0,0
Esagil,0x12451,1,0.6628,0.8728,network,0,0
Esagil,0x12451,2,0.6202,0.786,network,0,0
Esagil,0x12451,3,0.677,0.7439,network,0,0
Esagil,0x12451,4,0.761,0.8926,network,0,0
Esagil,0x12452,1,0.567,0.8126,skeleton,0,0
Esagil,0x12452,2,0.6266,0.7813,skeleton,0,0
Esagil,0x12452,3,0.5641,0.7506,network,0,0
Esagil,0x12452,4,0.7708,0.8597,network,0,0
Esagil,0x12452,5,0.538,0.8779,network,0,0
Esagil,0x12454,1,0.5443,0.8339,network,0,0
Esagil,0x12454,2,0.6063,0.7856,network,0,0
Esagil,0x12454,3,0.4187,0.733,network,0,0
Esagil,0x12454,4,0.7311,0.8179,skeleton,0,0
Esagil,0x12454,5,0.6788,0.8582,network,0,0
Esagil,0x12454,6,0.4422,0.8706,network,0,0
Esagil,0x12456,1,0.3567,0.9219,network,0,0
Esagil,0x12456,2,0.827,0.8363,network,0,0
Esagil,0x12457,1,0.7659,0.8431,skeleton,0,0
Esagil,0x12457,2,0.5063,0.931,network,0,0
Esagil,0x12457,3,0.5875,0.7078,network,0,0
Esagil,0x1245a,1,0.5974,0.8382,network,0,0
Esagil,0x1245a,2,0.7739,0.7846,network,0,0
Esagil,0x1245a,3,0.0016,0.8816,network,0,0
Esagil,0x1245b,1,0.6855,0.8522,skeleton,0,0
Esagil,0x1245b,2,0.6553,0.8035,skeleton,0,0
Esagil,0x1245b,3,0.8069,0.8069,network,0,0
Esagil,0x1245b,4,0.016,0.3803,skeleton,0,0
Esagil,0x1245c,1,0.6571,0.7701,skeleton,0,0
Esagil,0x1245c,2,0.707,0.8306,network,0,0
Esagil,0x1245c,3,0.7303,0.9233,skeleton,0,0
Esagil,0x1245c,4,0.0032,0.9124,network,0,0
Esagil,0x1245c,5,0.4966,0.5884,network,0,0
Esagil,0x12471,1,0.6474,0.871,network,0,0
Esagil,0x12471,2,0.6293,0.888,network,0,0
Esagil,0x12472,1,0.6174,0.8179,skeleton,0,0
Esagil,0x12472,2,0.5946,0.8158,skeleton,0,0
Esagil,0x12473,1,0.7182,0.8544,network,0,0
Esagil,0x12473,2,0.6095,0.8736,skeleton,0,0
Esagil,0x12473,3,0.6063,0.8141,skeleton,0,0
